sample	# ResFinder phenotype results for staphylococcus aureus.
ST121_id24328_ERR505363.fasta	# Sample: ST121_id24328_ERR505363.fasta
ST121_id24328_ERR505363.fasta	# 
ST121_id24328_ERR505363.fasta	# The phenotype 'No resistance' should be interpreted with
ST121_id24328_ERR505363.fasta	# caution, as it only means that nothing in the used
ST121_id24328_ERR505363.fasta	# database indicate resistance, but resistance could exist
ST121_id24328_ERR505363.fasta	# from 'unknown' or not yet implemented sources.
ST121_id24328_ERR505363.fasta	# 
ST121_id24328_ERR505363.fasta	# The 'Match' column stores one of the integers 0, 1, 2, 3.
ST121_id24328_ERR505363.fasta	#      0: No match found
ST121_id24328_ERR505363.fasta	#      1: Match < 100% ID AND match length < ref length
ST121_id24328_ERR505363.fasta	#      2: Match < 100% ID AND match length = ref length
ST121_id24328_ERR505363.fasta	#      3: Match = 100% ID AND match length = ref length
ST121_id24328_ERR505363.fasta	# If several hits causing the same resistance are found,
ST121_id24328_ERR505363.fasta	# the highest number will be stored in the 'Match' column.
ST121_id24328_ERR505363.fasta	# Antimicrobial	Class	WGS-predicted phenotype	Match	Genetic background
ST121_id24328_ERR505363.fasta	tetracycline	tetracycline	No resistance	0	
ST121_id24328_ERR505363.fasta	linezolid	oxazolidinone	No resistance	0	
ST121_id24328_ERR505363.fasta	gentamicin	aminoglycoside	No resistance	0	
ST121_id24328_ERR505363.fasta	sulfamethoxazole	folate pathway antagonist	No resistance	0	
ST121_id24328_ERR505363.fasta	amikacin	aminoglycoside	No resistance	0	
ST121_id24328_ERR505363.fasta	vancomycin	glycopeptide	No resistance	0	
ST121_id24328_ERR505363.fasta	quinupristin+dalfopristin	streptogramin a	No resistance	0	
ST121_id24328_ERR505363.fasta	erythromycin	macrolide	No resistance	0	
ST121_id24328_ERR505363.fasta	telithromycin	macrolide	No resistance	0	
ST121_id24328_ERR505363.fasta	teicoplanin	glycopeptide	No resistance	0	
ST121_id24328_ERR505363.fasta	mupirocin	pseudomonic acid	No resistance	0	
ST121_id24328_ERR505363.fasta	clindamycin	lincosamide	No resistance	0	
ST121_id24328_ERR505363.fasta	tiamulin	pleuromutilin	No resistance	0	
ST121_id24328_ERR505363.fasta	ciprofloxacin	quinolone	No resistance	0	
ST121_id24328_ERR505363.fasta	fosfomycin	fosfomycin	No resistance	0	
ST121_id24328_ERR505363.fasta	fusidic acid	steroid antibacterial	No resistance	0	
ST121_id24328_ERR505363.fasta	tobramycin	aminoglycoside	No resistance	0	
ST121_id24328_ERR505363.fasta	penicillin	beta-lactam	Resistant	3	blaZ (blaZ_AP004832)
ST121_id24328_ERR505363.fasta	cefoxitin	beta-lactam	No resistance	0	
ST121_id24328_ERR505363.fasta	trimethoprim	folate pathway antagonist	Resistant	3	dfrG (dfrG_AB205645)
ST121_id24328_ERR505363.fasta	chloramphenicol	amphenicol	No resistance	0	
ST121_id24328_ERR505363.fasta	spiramycin	macrolide	No resistance	0	
ST121_id24328_ERR505363.fasta	# WARNING: Features with unknown phenotype 
ST121_id24328_ERR505363.fasta	# Feature_ID	Region	Database	Hit	Class
ST121_id24328_ERR505363.fasta	grlB;;1;;CP026964.1_422_d_AA	grlB;;1;;CP026964.1			
ST121_id24971_ERR505373.fasta	# Sample: ST121_id24971_ERR505373.fasta
ST121_id24971_ERR505373.fasta	# 
ST121_id24971_ERR505373.fasta	# The phenotype 'No resistance' should be interpreted with
ST121_id24971_ERR505373.fasta	# caution, as it only means that nothing in the used
ST121_id24971_ERR505373.fasta	# database indicate resistance, but resistance could exist
ST121_id24971_ERR505373.fasta	# from 'unknown' or not yet implemented sources.
ST121_id24971_ERR505373.fasta	# 
ST121_id24971_ERR505373.fasta	# The 'Match' column stores one of the integers 0, 1, 2, 3.
ST121_id24971_ERR505373.fasta	#      0: No match found
ST121_id24971_ERR505373.fasta	#      1: Match < 100% ID AND match length < ref length
ST121_id24971_ERR505373.fasta	#      2: Match < 100% ID AND match length = ref length
ST121_id24971_ERR505373.fasta	#      3: Match = 100% ID AND match length = ref length
ST121_id24971_ERR505373.fasta	# If several hits causing the same resistance are found,
ST121_id24971_ERR505373.fasta	# the highest number will be stored in the 'Match' column.
ST121_id24971_ERR505373.fasta	# Antimicrobial	Class	WGS-predicted phenotype	Match	Genetic background
ST121_id24971_ERR505373.fasta	gentamicin	aminoglycoside	No resistance	0	
ST121_id24971_ERR505373.fasta	sulfamethoxazole	folate pathway antagonist	No resistance	0	
ST121_id24971_ERR505373.fasta	tiamulin	pleuromutilin	No resistance	0	
ST121_id24971_ERR505373.fasta	vancomycin	glycopeptide	No resistance	0	
ST121_id24971_ERR505373.fasta	amikacin	aminoglycoside	No resistance	0	
ST121_id24971_ERR505373.fasta	spiramycin	macrolide	No resistance	0	
ST121_id24971_ERR505373.fasta	erythromycin	macrolide	Resistant	3	erm(C) (erm(C)_M13761)
ST121_id24971_ERR505373.fasta	fusidic acid	steroid antibacterial	No resistance	0	
ST121_id24971_ERR505373.fasta	teicoplanin	glycopeptide	No resistance	0	
ST121_id24971_ERR505373.fasta	telithromycin	macrolide	No resistance	0	
ST121_id24971_ERR505373.fasta	linezolid	oxazolidinone	No resistance	0	
ST121_id24971_ERR505373.fasta	chloramphenicol	amphenicol	No resistance	0	
ST121_id24971_ERR505373.fasta	cefoxitin	beta-lactam	No resistance	0	
ST121_id24971_ERR505373.fasta	clindamycin	lincosamide	Resistant	3	erm(C) (erm(C)_M13761)
ST121_id24971_ERR505373.fasta	trimethoprim	folate pathway antagonist	Resistant	3	dfrG (dfrG_AB205645)
ST121_id24971_ERR505373.fasta	mupirocin	pseudomonic acid	No resistance	0	
ST121_id24971_ERR505373.fasta	penicillin	beta-lactam	Resistant	3	blaZ (blaZ_CP003979)
ST121_id24971_ERR505373.fasta	quinupristin+dalfopristin	streptogramin a	No resistance	0	
ST121_id24971_ERR505373.fasta	tobramycin	aminoglycoside	No resistance	0	
ST121_id24971_ERR505373.fasta	fosfomycin	fosfomycin	No resistance	0	
ST121_id24971_ERR505373.fasta	ciprofloxacin	quinolone	No resistance	0	
ST121_id24971_ERR505373.fasta	tetracycline	tetracycline	Resistant	1	tet(K) (tet(K)_U38656)
ST121_id24971_ERR505373.fasta	# WARNING: Features with unknown phenotype 
ST121_id24971_ERR505373.fasta	# Feature_ID	Region	Database	Hit	Class
ST121_id24971_ERR505373.fasta	grlB;;1;;CP026964.1_422_d_AA	grlB;;1;;CP026964.1			
ST121_id24973_ERR505392.fasta	# Sample: ST121_id24973_ERR505392.fasta
ST121_id24973_ERR505392.fasta	# 
ST121_id24973_ERR505392.fasta	# The phenotype 'No resistance' should be interpreted with
ST121_id24973_ERR505392.fasta	# caution, as it only means that nothing in the used
ST121_id24973_ERR505392.fasta	# database indicate resistance, but resistance could exist
ST121_id24973_ERR505392.fasta	# from 'unknown' or not yet implemented sources.
ST121_id24973_ERR505392.fasta	# 
ST121_id24973_ERR505392.fasta	# The 'Match' column stores one of the integers 0, 1, 2, 3.
ST121_id24973_ERR505392.fasta	#      0: No match found
ST121_id24973_ERR505392.fasta	#      1: Match < 100% ID AND match length < ref length
ST121_id24973_ERR505392.fasta	#      2: Match < 100% ID AND match length = ref length
ST121_id24973_ERR505392.fasta	#      3: Match = 100% ID AND match length = ref length
ST121_id24973_ERR505392.fasta	# If several hits causing the same resistance are found,
ST121_id24973_ERR505392.fasta	# the highest number will be stored in the 'Match' column.
ST121_id24973_ERR505392.fasta	# Antimicrobial	Class	WGS-predicted phenotype	Match	Genetic background
ST121_id24973_ERR505392.fasta	fusidic acid	steroid antibacterial	No resistance	0	
ST121_id24973_ERR505392.fasta	vancomycin	glycopeptide	No resistance	0	
ST121_id24973_ERR505392.fasta	spiramycin	macrolide	No resistance	0	
ST121_id24973_ERR505392.fasta	quinupristin+dalfopristin	streptogramin a	No resistance	0	
ST121_id24973_ERR505392.fasta	tetracycline	tetracycline	Resistant	2	tet(K) (tet(K)_J01764)
ST121_id24973_ERR505392.fasta	linezolid	oxazolidinone	No resistance	0	
ST121_id24973_ERR505392.fasta	sulfamethoxazole	folate pathway antagonist	No resistance	0	
ST121_id24973_ERR505392.fasta	cefoxitin	beta-lactam	No resistance	0	
ST121_id24973_ERR505392.fasta	gentamicin	aminoglycoside	No resistance	0	
ST121_id24973_ERR505392.fasta	amikacin	aminoglycoside	No resistance	0	
ST121_id24973_ERR505392.fasta	clindamycin	lincosamide	No resistance	0	
ST121_id24973_ERR505392.fasta	penicillin	beta-lactam	Resistant	3	blaZ (blaZ_AP004832)
ST121_id24973_ERR505392.fasta	chloramphenicol	amphenicol	No resistance	0	
ST121_id24973_ERR505392.fasta	mupirocin	pseudomonic acid	No resistance	0	
ST121_id24973_ERR505392.fasta	trimethoprim	folate pathway antagonist	Resistant	3	dfrG (dfrG_AB205645)
ST121_id24973_ERR505392.fasta	teicoplanin	glycopeptide	No resistance	0	
ST121_id24973_ERR505392.fasta	erythromycin	macrolide	No resistance	0	
ST121_id24973_ERR505392.fasta	ciprofloxacin	quinolone	No resistance	0	
ST121_id24973_ERR505392.fasta	fosfomycin	fosfomycin	No resistance	0	
ST121_id24973_ERR505392.fasta	tobramycin	aminoglycoside	No resistance	0	
ST121_id24973_ERR505392.fasta	tiamulin	pleuromutilin	No resistance	0	
ST121_id24973_ERR505392.fasta	telithromycin	macrolide	No resistance	0	
ST121_id24973_ERR505392.fasta	# WARNING: Features with unknown phenotype 
ST121_id24973_ERR505392.fasta	# Feature_ID	Region	Database	Hit	Class
ST121_id24973_ERR505392.fasta	grlB;;1;;CP026964.1_422_d_AA	grlB;;1;;CP026964.1			
ST121_id30867_ERR490597.fasta	# Sample: ST121_id30867_ERR490597.fasta
ST121_id30867_ERR490597.fasta	# 
ST121_id30867_ERR490597.fasta	# The phenotype 'No resistance' should be interpreted with
ST121_id30867_ERR490597.fasta	# caution, as it only means that nothing in the used
ST121_id30867_ERR490597.fasta	# database indicate resistance, but resistance could exist
ST121_id30867_ERR490597.fasta	# from 'unknown' or not yet implemented sources.
ST121_id30867_ERR490597.fasta	# 
ST121_id30867_ERR490597.fasta	# The 'Match' column stores one of the integers 0, 1, 2, 3.
ST121_id30867_ERR490597.fasta	#      0: No match found
ST121_id30867_ERR490597.fasta	#      1: Match < 100% ID AND match length < ref length
ST121_id30867_ERR490597.fasta	#      2: Match < 100% ID AND match length = ref length
ST121_id30867_ERR490597.fasta	#      3: Match = 100% ID AND match length = ref length
ST121_id30867_ERR490597.fasta	# If several hits causing the same resistance are found,
ST121_id30867_ERR490597.fasta	# the highest number will be stored in the 'Match' column.
ST121_id30867_ERR490597.fasta	# Antimicrobial	Class	WGS-predicted phenotype	Match	Genetic background
ST121_id30867_ERR490597.fasta	ciprofloxacin	quinolone	No resistance	0	
ST121_id30867_ERR490597.fasta	chloramphenicol	amphenicol	No resistance	0	
ST121_id30867_ERR490597.fasta	tobramycin	aminoglycoside	No resistance	0	
ST121_id30867_ERR490597.fasta	clindamycin	lincosamide	No resistance	0	
ST121_id30867_ERR490597.fasta	fosfomycin	fosfomycin	No resistance	0	
ST121_id30867_ERR490597.fasta	mupirocin	pseudomonic acid	No resistance	0	
ST121_id30867_ERR490597.fasta	fusidic acid	steroid antibacterial	No resistance	0	
ST121_id30867_ERR490597.fasta	sulfamethoxazole	folate pathway antagonist	No resistance	0	
ST121_id30867_ERR490597.fasta	gentamicin	aminoglycoside	No resistance	0	
ST121_id30867_ERR490597.fasta	telithromycin	macrolide	No resistance	0	
ST121_id30867_ERR490597.fasta	vancomycin	glycopeptide	No resistance	0	
ST121_id30867_ERR490597.fasta	cefoxitin	beta-lactam	No resistance	0	
ST121_id30867_ERR490597.fasta	tetracycline	tetracycline	No resistance	0	
ST121_id30867_ERR490597.fasta	linezolid	oxazolidinone	No resistance	0	
ST121_id30867_ERR490597.fasta	erythromycin	macrolide	No resistance	0	
ST121_id30867_ERR490597.fasta	trimethoprim	folate pathway antagonist	Resistant	3	dfrG (dfrG_AB205645)
ST121_id30867_ERR490597.fasta	quinupristin+dalfopristin	streptogramin a	No resistance	0	
ST121_id30867_ERR490597.fasta	spiramycin	macrolide	No resistance	0	
ST121_id30867_ERR490597.fasta	penicillin	beta-lactam	Resistant	3	blaZ (blaZ_AP004832)
ST121_id30867_ERR490597.fasta	amikacin	aminoglycoside	No resistance	0	
ST121_id30867_ERR490597.fasta	teicoplanin	glycopeptide	No resistance	0	
ST121_id30867_ERR490597.fasta	tiamulin	pleuromutilin	No resistance	0	
ST121_id30867_ERR490597.fasta	# WARNING: Features with unknown phenotype 
ST121_id30867_ERR490597.fasta	# Feature_ID	Region	Database	Hit	Class
ST121_id30867_ERR490597.fasta	grlB;;1;;CP026964.1_422_d_AA	grlB;;1;;CP026964.1			
ST121_id30879_ERR490626.fasta	# Sample: ST121_id30879_ERR490626.fasta
ST121_id30879_ERR490626.fasta	# 
ST121_id30879_ERR490626.fasta	# The phenotype 'No resistance' should be interpreted with
ST121_id30879_ERR490626.fasta	# caution, as it only means that nothing in the used
ST121_id30879_ERR490626.fasta	# database indicate resistance, but resistance could exist
ST121_id30879_ERR490626.fasta	# from 'unknown' or not yet implemented sources.
ST121_id30879_ERR490626.fasta	# 
ST121_id30879_ERR490626.fasta	# The 'Match' column stores one of the integers 0, 1, 2, 3.
ST121_id30879_ERR490626.fasta	#      0: No match found
ST121_id30879_ERR490626.fasta	#      1: Match < 100% ID AND match length < ref length
ST121_id30879_ERR490626.fasta	#      2: Match < 100% ID AND match length = ref length
ST121_id30879_ERR490626.fasta	#      3: Match = 100% ID AND match length = ref length
ST121_id30879_ERR490626.fasta	# If several hits causing the same resistance are found,
ST121_id30879_ERR490626.fasta	# the highest number will be stored in the 'Match' column.
ST121_id30879_ERR490626.fasta	# Antimicrobial	Class	WGS-predicted phenotype	Match	Genetic background
ST121_id30879_ERR490626.fasta	erythromycin	macrolide	No resistance	0	
ST121_id30879_ERR490626.fasta	telithromycin	macrolide	No resistance	0	
ST121_id30879_ERR490626.fasta	amikacin	aminoglycoside	No resistance	0	
ST121_id30879_ERR490626.fasta	fosfomycin	fosfomycin	No resistance	0	
ST121_id30879_ERR490626.fasta	quinupristin+dalfopristin	streptogramin a	No resistance	0	
ST121_id30879_ERR490626.fasta	tobramycin	aminoglycoside	No resistance	0	
ST121_id30879_ERR490626.fasta	linezolid	oxazolidinone	No resistance	0	
ST121_id30879_ERR490626.fasta	cefoxitin	beta-lactam	No resistance	0	
ST121_id30879_ERR490626.fasta	vancomycin	glycopeptide	No resistance	0	
ST121_id30879_ERR490626.fasta	fusidic acid	steroid antibacterial	No resistance	0	
ST121_id30879_ERR490626.fasta	mupirocin	pseudomonic acid	No resistance	0	
ST121_id30879_ERR490626.fasta	trimethoprim	folate pathway antagonist	Resistant	3	dfrG (dfrG_AB205645)
ST121_id30879_ERR490626.fasta	clindamycin	lincosamide	No resistance	0	
ST121_id30879_ERR490626.fasta	chloramphenicol	amphenicol	No resistance	0	
ST121_id30879_ERR490626.fasta	sulfamethoxazole	folate pathway antagonist	No resistance	0	
ST121_id30879_ERR490626.fasta	spiramycin	macrolide	No resistance	0	
ST121_id30879_ERR490626.fasta	ciprofloxacin	quinolone	No resistance	0	
ST121_id30879_ERR490626.fasta	teicoplanin	glycopeptide	No resistance	0	
ST121_id30879_ERR490626.fasta	tiamulin	pleuromutilin	No resistance	0	
ST121_id30879_ERR490626.fasta	gentamicin	aminoglycoside	No resistance	0	
ST121_id30879_ERR490626.fasta	tetracycline	tetracycline	Resistant	3	tet(K) (tet(K)_U38656)
ST121_id30879_ERR490626.fasta	penicillin	beta-lactam	Resistant	3	blaZ (blaZ_AP004832)
ST121_id30879_ERR490626.fasta	# WARNING: Features with unknown phenotype 
ST121_id30879_ERR490626.fasta	# Feature_ID	Region	Database	Hit	Class
ST121_id30879_ERR490626.fasta	grlB;;1;;CP026964.1_422_d_AA	grlB;;1;;CP026964.1			
ST121_id31033_ERR490607.fasta	# Sample: ST121_id31033_ERR490607.fasta
ST121_id31033_ERR490607.fasta	# 
ST121_id31033_ERR490607.fasta	# The phenotype 'No resistance' should be interpreted with
ST121_id31033_ERR490607.fasta	# caution, as it only means that nothing in the used
ST121_id31033_ERR490607.fasta	# database indicate resistance, but resistance could exist
ST121_id31033_ERR490607.fasta	# from 'unknown' or not yet implemented sources.
ST121_id31033_ERR490607.fasta	# 
ST121_id31033_ERR490607.fasta	# The 'Match' column stores one of the integers 0, 1, 2, 3.
ST121_id31033_ERR490607.fasta	#      0: No match found
ST121_id31033_ERR490607.fasta	#      1: Match < 100% ID AND match length < ref length
ST121_id31033_ERR490607.fasta	#      2: Match < 100% ID AND match length = ref length
ST121_id31033_ERR490607.fasta	#      3: Match = 100% ID AND match length = ref length
ST121_id31033_ERR490607.fasta	# If several hits causing the same resistance are found,
ST121_id31033_ERR490607.fasta	# the highest number will be stored in the 'Match' column.
ST121_id31033_ERR490607.fasta	# Antimicrobial	Class	WGS-predicted phenotype	Match	Genetic background
ST121_id31033_ERR490607.fasta	ciprofloxacin	quinolone	No resistance	0	
ST121_id31033_ERR490607.fasta	teicoplanin	glycopeptide	No resistance	0	
ST121_id31033_ERR490607.fasta	erythromycin	macrolide	Resistant	3	erm(C) (erm(C)_M13761)
ST121_id31033_ERR490607.fasta	mupirocin	pseudomonic acid	No resistance	0	
ST121_id31033_ERR490607.fasta	vancomycin	glycopeptide	No resistance	0	
ST121_id31033_ERR490607.fasta	quinupristin+dalfopristin	streptogramin a	No resistance	0	
ST121_id31033_ERR490607.fasta	penicillin	beta-lactam	Resistant	3	blaZ (blaZ_CP003979)
ST121_id31033_ERR490607.fasta	amikacin	aminoglycoside	No resistance	0	
ST121_id31033_ERR490607.fasta	fosfomycin	fosfomycin	No resistance	0	
ST121_id31033_ERR490607.fasta	clindamycin	lincosamide	Resistant	3	erm(C) (erm(C)_M13761)
ST121_id31033_ERR490607.fasta	chloramphenicol	amphenicol	No resistance	0	
ST121_id31033_ERR490607.fasta	fusidic acid	steroid antibacterial	No resistance	0	
ST121_id31033_ERR490607.fasta	cefoxitin	beta-lactam	No resistance	0	
ST121_id31033_ERR490607.fasta	trimethoprim	folate pathway antagonist	Resistant	3	dfrG (dfrG_AB205645)
ST121_id31033_ERR490607.fasta	tobramycin	aminoglycoside	No resistance	0	
ST121_id31033_ERR490607.fasta	telithromycin	macrolide	No resistance	0	
ST121_id31033_ERR490607.fasta	linezolid	oxazolidinone	No resistance	0	
ST121_id31033_ERR490607.fasta	spiramycin	macrolide	No resistance	0	
ST121_id31033_ERR490607.fasta	tetracycline	tetracycline	Resistant	1	tet(K) (tet(K)_U38656)
ST121_id31033_ERR490607.fasta	gentamicin	aminoglycoside	No resistance	0	
ST121_id31033_ERR490607.fasta	sulfamethoxazole	folate pathway antagonist	No resistance	0	
ST121_id31033_ERR490607.fasta	tiamulin	pleuromutilin	No resistance	0	
ST121_id31033_ERR490607.fasta	# WARNING: Features with unknown phenotype 
ST121_id31033_ERR490607.fasta	# Feature_ID	Region	Database	Hit	Class
ST121_id31033_ERR490607.fasta	grlB;;1;;CP026964.1_422_d_AA	grlB;;1;;CP026964.1			
ST121_id38040_18SP.fasta	# Sample: ST121_id38040_18SP.fasta
ST121_id38040_18SP.fasta	# 
ST121_id38040_18SP.fasta	# The phenotype 'No resistance' should be interpreted with
ST121_id38040_18SP.fasta	# caution, as it only means that nothing in the used
ST121_id38040_18SP.fasta	# database indicate resistance, but resistance could exist
ST121_id38040_18SP.fasta	# from 'unknown' or not yet implemented sources.
ST121_id38040_18SP.fasta	# 
ST121_id38040_18SP.fasta	# The 'Match' column stores one of the integers 0, 1, 2, 3.
ST121_id38040_18SP.fasta	#      0: No match found
ST121_id38040_18SP.fasta	#      1: Match < 100% ID AND match length < ref length
ST121_id38040_18SP.fasta	#      2: Match < 100% ID AND match length = ref length
ST121_id38040_18SP.fasta	#      3: Match = 100% ID AND match length = ref length
ST121_id38040_18SP.fasta	# If several hits causing the same resistance are found,
ST121_id38040_18SP.fasta	# the highest number will be stored in the 'Match' column.
ST121_id38040_18SP.fasta	# Antimicrobial	Class	WGS-predicted phenotype	Match	Genetic background
ST121_id38040_18SP.fasta	quinupristin+dalfopristin	streptogramin a	No resistance	0	
ST121_id38040_18SP.fasta	clindamycin	lincosamide	Resistant	3	erm(C) (erm(C)_M13761)
ST121_id38040_18SP.fasta	mupirocin	pseudomonic acid	No resistance	0	
ST121_id38040_18SP.fasta	amikacin	aminoglycoside	No resistance	0	
ST121_id38040_18SP.fasta	fosfomycin	fosfomycin	No resistance	0	
ST121_id38040_18SP.fasta	tobramycin	aminoglycoside	No resistance	0	
ST121_id38040_18SP.fasta	chloramphenicol	amphenicol	No resistance	0	
ST121_id38040_18SP.fasta	sulfamethoxazole	folate pathway antagonist	No resistance	0	
ST121_id38040_18SP.fasta	teicoplanin	glycopeptide	No resistance	0	
ST121_id38040_18SP.fasta	linezolid	oxazolidinone	No resistance	0	
ST121_id38040_18SP.fasta	tetracycline	tetracycline	No resistance	0	
ST121_id38040_18SP.fasta	spiramycin	macrolide	No resistance	0	
ST121_id38040_18SP.fasta	ciprofloxacin	quinolone	No resistance	0	
ST121_id38040_18SP.fasta	penicillin	beta-lactam	Resistant	2	blaZ (blaZ_MAJJ01000071), blaZ (blaZ_FKPS01000007), blaZ (blaZ_NZ_JVAT01000021), blaZ (blaZ_NZ_JUUA01000057), blaZ (blaZ_NZ_JVLY01000044), blaZ (blaZ_NZ_JVRB01000003), blaZ (blaZ_JIFD01000012), blaZ (blaZ_JIFU01000008)
ST121_id38040_18SP.fasta	tiamulin	pleuromutilin	No resistance	0	
ST121_id38040_18SP.fasta	fusidic acid	steroid antibacterial	No resistance	0	
ST121_id38040_18SP.fasta	gentamicin	aminoglycoside	No resistance	0	
ST121_id38040_18SP.fasta	telithromycin	macrolide	No resistance	0	
ST121_id38040_18SP.fasta	vancomycin	glycopeptide	No resistance	0	
ST121_id38040_18SP.fasta	erythromycin	macrolide	Resistant	3	erm(C) (erm(C)_M13761)
ST121_id38040_18SP.fasta	cefoxitin	beta-lactam	No resistance	0	
ST121_id38040_18SP.fasta	trimethoprim	folate pathway antagonist	No resistance	0	
ST121_id38040_18SP.fasta	# WARNING: Features with unknown phenotype 
ST121_id38040_18SP.fasta	# Feature_ID	Region	Database	Hit	Class
ST121_id38040_18SP.fasta	grlB;;1;;CP026964.1_422_d_AA	grlB;;1;;CP026964.1			
ST121_id42066_CA-MRSA-117.fasta	# Sample: ST121_id42066_CA-MRSA-117.fasta
ST121_id42066_CA-MRSA-117.fasta	# 
ST121_id42066_CA-MRSA-117.fasta	# The phenotype 'No resistance' should be interpreted with
ST121_id42066_CA-MRSA-117.fasta	# caution, as it only means that nothing in the used
ST121_id42066_CA-MRSA-117.fasta	# database indicate resistance, but resistance could exist
ST121_id42066_CA-MRSA-117.fasta	# from 'unknown' or not yet implemented sources.
ST121_id42066_CA-MRSA-117.fasta	# 
ST121_id42066_CA-MRSA-117.fasta	# The 'Match' column stores one of the integers 0, 1, 2, 3.
ST121_id42066_CA-MRSA-117.fasta	#      0: No match found
ST121_id42066_CA-MRSA-117.fasta	#      1: Match < 100% ID AND match length < ref length
ST121_id42066_CA-MRSA-117.fasta	#      2: Match < 100% ID AND match length = ref length
ST121_id42066_CA-MRSA-117.fasta	#      3: Match = 100% ID AND match length = ref length
ST121_id42066_CA-MRSA-117.fasta	# If several hits causing the same resistance are found,
ST121_id42066_CA-MRSA-117.fasta	# the highest number will be stored in the 'Match' column.
ST121_id42066_CA-MRSA-117.fasta	# Antimicrobial	Class	WGS-predicted phenotype	Match	Genetic background
ST121_id42066_CA-MRSA-117.fasta	chloramphenicol	amphenicol	No resistance	0	
ST121_id42066_CA-MRSA-117.fasta	fosfomycin	fosfomycin	No resistance	0	
ST121_id42066_CA-MRSA-117.fasta	sulfamethoxazole	folate pathway antagonist	No resistance	0	
ST121_id42066_CA-MRSA-117.fasta	linezolid	oxazolidinone	No resistance	0	
ST121_id42066_CA-MRSA-117.fasta	ciprofloxacin	quinolone	No resistance	0	
ST121_id42066_CA-MRSA-117.fasta	telithromycin	macrolide	No resistance	0	
ST121_id42066_CA-MRSA-117.fasta	teicoplanin	glycopeptide	No resistance	0	
ST121_id42066_CA-MRSA-117.fasta	spiramycin	macrolide	No resistance	0	
ST121_id42066_CA-MRSA-117.fasta	penicillin	beta-lactam	No resistance	0	
ST121_id42066_CA-MRSA-117.fasta	cefoxitin	beta-lactam	Resistant	3	mecA (mecA_NC_007168)
ST121_id42066_CA-MRSA-117.fasta	vancomycin	glycopeptide	No resistance	0	
ST121_id42066_CA-MRSA-117.fasta	fusidic acid	steroid antibacterial	Resistant	1	fusC (fusC_KF527883)
ST121_id42066_CA-MRSA-117.fasta	clindamycin	lincosamide	No resistance	0	
ST121_id42066_CA-MRSA-117.fasta	amikacin	aminoglycoside	Resistant	1	aac(6')-aph(2'') (aac(6')-aph(2'')_M13771), aph(2'')-Ia (aph(2'')-Ia_AP009486)
ST121_id42066_CA-MRSA-117.fasta	erythromycin	macrolide	No resistance	0	
ST121_id42066_CA-MRSA-117.fasta	tetracycline	tetracycline	No resistance	0	
ST121_id42066_CA-MRSA-117.fasta	gentamicin	aminoglycoside	Resistant	1	aac(6')-aph(2'') (aac(6')-aph(2'')_M13771), aph(2'')-Ia (aph(2'')-Ia_AP009486)
ST121_id42066_CA-MRSA-117.fasta	tobramycin	aminoglycoside	Resistant	1	aac(6')-aph(2'') (aac(6')-aph(2'')_M13771), aph(2'')-Ia (aph(2'')-Ia_AP009486)
ST121_id42066_CA-MRSA-117.fasta	quinupristin+dalfopristin	streptogramin a	No resistance	0	
ST121_id42066_CA-MRSA-117.fasta	tiamulin	pleuromutilin	No resistance	0	
ST121_id42066_CA-MRSA-117.fasta	mupirocin	pseudomonic acid	No resistance	0	
ST121_id42066_CA-MRSA-117.fasta	trimethoprim	folate pathway antagonist	No resistance	0	
ST121_id42066_CA-MRSA-117.fasta	# WARNING: Features with unknown phenotype 
ST121_id42066_CA-MRSA-117.fasta	# Feature_ID	Region	Database	Hit	Class
ST121_id42066_CA-MRSA-117.fasta	grlB;;1;;CP026964.1_422_d_AA	grlB;;1;;CP026964.1			
ST121_id42067_CA-MRSA-118.fasta	# Sample: ST121_id42067_CA-MRSA-118.fasta
ST121_id42067_CA-MRSA-118.fasta	# 
ST121_id42067_CA-MRSA-118.fasta	# The phenotype 'No resistance' should be interpreted with
ST121_id42067_CA-MRSA-118.fasta	# caution, as it only means that nothing in the used
ST121_id42067_CA-MRSA-118.fasta	# database indicate resistance, but resistance could exist
ST121_id42067_CA-MRSA-118.fasta	# from 'unknown' or not yet implemented sources.
ST121_id42067_CA-MRSA-118.fasta	# 
ST121_id42067_CA-MRSA-118.fasta	# The 'Match' column stores one of the integers 0, 1, 2, 3.
ST121_id42067_CA-MRSA-118.fasta	#      0: No match found
ST121_id42067_CA-MRSA-118.fasta	#      1: Match < 100% ID AND match length < ref length
ST121_id42067_CA-MRSA-118.fasta	#      2: Match < 100% ID AND match length = ref length
ST121_id42067_CA-MRSA-118.fasta	#      3: Match = 100% ID AND match length = ref length
ST121_id42067_CA-MRSA-118.fasta	# If several hits causing the same resistance are found,
ST121_id42067_CA-MRSA-118.fasta	# the highest number will be stored in the 'Match' column.
ST121_id42067_CA-MRSA-118.fasta	# Antimicrobial	Class	WGS-predicted phenotype	Match	Genetic background
ST121_id42067_CA-MRSA-118.fasta	spiramycin	macrolide	No resistance	0	
ST121_id42067_CA-MRSA-118.fasta	ciprofloxacin	quinolone	No resistance	0	
ST121_id42067_CA-MRSA-118.fasta	clindamycin	lincosamide	No resistance	0	
ST121_id42067_CA-MRSA-118.fasta	chloramphenicol	amphenicol	No resistance	0	
ST121_id42067_CA-MRSA-118.fasta	amikacin	aminoglycoside	No resistance	0	
ST121_id42067_CA-MRSA-118.fasta	telithromycin	macrolide	No resistance	0	
ST121_id42067_CA-MRSA-118.fasta	tobramycin	aminoglycoside	No resistance	0	
ST121_id42067_CA-MRSA-118.fasta	erythromycin	macrolide	No resistance	0	
ST121_id42067_CA-MRSA-118.fasta	tiamulin	pleuromutilin	No resistance	0	
ST121_id42067_CA-MRSA-118.fasta	quinupristin+dalfopristin	streptogramin a	No resistance	0	
ST121_id42067_CA-MRSA-118.fasta	cefoxitin	beta-lactam	Resistant	1	mecA (mecA_NC_007168)
ST121_id42067_CA-MRSA-118.fasta	gentamicin	aminoglycoside	No resistance	0	
ST121_id42067_CA-MRSA-118.fasta	penicillin	beta-lactam	No resistance	0	
ST121_id42067_CA-MRSA-118.fasta	trimethoprim	folate pathway antagonist	No resistance	0	
ST121_id42067_CA-MRSA-118.fasta	tetracycline	tetracycline	Resistant	1	tet(K) (tet(K)_U38656)
ST121_id42067_CA-MRSA-118.fasta	sulfamethoxazole	folate pathway antagonist	No resistance	0	
ST121_id42067_CA-MRSA-118.fasta	vancomycin	glycopeptide	No resistance	0	
ST121_id42067_CA-MRSA-118.fasta	fosfomycin	fosfomycin	No resistance	0	
ST121_id42067_CA-MRSA-118.fasta	teicoplanin	glycopeptide	No resistance	0	
ST121_id42067_CA-MRSA-118.fasta	fusidic acid	steroid antibacterial	No resistance	0	
ST121_id42067_CA-MRSA-118.fasta	mupirocin	pseudomonic acid	No resistance	0	
ST121_id42067_CA-MRSA-118.fasta	linezolid	oxazolidinone	No resistance	0	
ST121_id42067_CA-MRSA-118.fasta	# WARNING: Features with unknown phenotype 
ST121_id42067_CA-MRSA-118.fasta	# Feature_ID	Region	Database	Hit	Class
ST121_id42067_CA-MRSA-118.fasta	grlB;;1;;CP026964.1_422_d_AA	grlB;;1;;CP026964.1			
ST121_id42076_CA-MRSA-127.fasta	# Sample: ST121_id42076_CA-MRSA-127.fasta
ST121_id42076_CA-MRSA-127.fasta	# 
ST121_id42076_CA-MRSA-127.fasta	# The phenotype 'No resistance' should be interpreted with
ST121_id42076_CA-MRSA-127.fasta	# caution, as it only means that nothing in the used
ST121_id42076_CA-MRSA-127.fasta	# database indicate resistance, but resistance could exist
ST121_id42076_CA-MRSA-127.fasta	# from 'unknown' or not yet implemented sources.
ST121_id42076_CA-MRSA-127.fasta	# 
ST121_id42076_CA-MRSA-127.fasta	# The 'Match' column stores one of the integers 0, 1, 2, 3.
ST121_id42076_CA-MRSA-127.fasta	#      0: No match found
ST121_id42076_CA-MRSA-127.fasta	#      1: Match < 100% ID AND match length < ref length
ST121_id42076_CA-MRSA-127.fasta	#      2: Match < 100% ID AND match length = ref length
ST121_id42076_CA-MRSA-127.fasta	#      3: Match = 100% ID AND match length = ref length
ST121_id42076_CA-MRSA-127.fasta	# If several hits causing the same resistance are found,
ST121_id42076_CA-MRSA-127.fasta	# the highest number will be stored in the 'Match' column.
ST121_id42076_CA-MRSA-127.fasta	# Antimicrobial	Class	WGS-predicted phenotype	Match	Genetic background
ST121_id42076_CA-MRSA-127.fasta	fosfomycin	fosfomycin	No resistance	0	
ST121_id42076_CA-MRSA-127.fasta	cefoxitin	beta-lactam	Resistant	2	mecA (mecA_NC_007168)
ST121_id42076_CA-MRSA-127.fasta	telithromycin	macrolide	No resistance	0	
ST121_id42076_CA-MRSA-127.fasta	vancomycin	glycopeptide	No resistance	0	
ST121_id42076_CA-MRSA-127.fasta	gentamicin	aminoglycoside	Resistant	1	aac(6')-aph(2'') (aac(6')-aph(2'')_M13771), aph(2'')-Ia (aph(2'')-Ia_AP009486)
ST121_id42076_CA-MRSA-127.fasta	trimethoprim	folate pathway antagonist	No resistance	0	
ST121_id42076_CA-MRSA-127.fasta	teicoplanin	glycopeptide	No resistance	0	
ST121_id42076_CA-MRSA-127.fasta	mupirocin	pseudomonic acid	No resistance	0	
ST121_id42076_CA-MRSA-127.fasta	tobramycin	aminoglycoside	Resistant	1	aac(6')-aph(2'') (aac(6')-aph(2'')_M13771), aph(2'')-Ia (aph(2'')-Ia_AP009486)
ST121_id42076_CA-MRSA-127.fasta	spiramycin	macrolide	No resistance	0	
ST121_id42076_CA-MRSA-127.fasta	clindamycin	lincosamide	No resistance	0	
ST121_id42076_CA-MRSA-127.fasta	tiamulin	pleuromutilin	No resistance	0	
ST121_id42076_CA-MRSA-127.fasta	amikacin	aminoglycoside	Resistant	1	aac(6')-aph(2'') (aac(6')-aph(2'')_M13771), aph(2'')-Ia (aph(2'')-Ia_AP009486)
ST121_id42076_CA-MRSA-127.fasta	penicillin	beta-lactam	Resistant	1	blaZ (blaZ_MAJJ01000071), blaZ (blaZ_JIFU01000008)
ST121_id42076_CA-MRSA-127.fasta	linezolid	oxazolidinone	No resistance	0	
ST121_id42076_CA-MRSA-127.fasta	chloramphenicol	amphenicol	No resistance	0	
ST121_id42076_CA-MRSA-127.fasta	ciprofloxacin	quinolone	No resistance	0	
ST121_id42076_CA-MRSA-127.fasta	fusidic acid	steroid antibacterial	Resistant	1	fusC (fusC_KF527883)
ST121_id42076_CA-MRSA-127.fasta	quinupristin+dalfopristin	streptogramin a	No resistance	0	
ST121_id42076_CA-MRSA-127.fasta	tetracycline	tetracycline	No resistance	0	
ST121_id42076_CA-MRSA-127.fasta	erythromycin	macrolide	No resistance	0	
ST121_id42076_CA-MRSA-127.fasta	sulfamethoxazole	folate pathway antagonist	No resistance	0	
ST121_id42076_CA-MRSA-127.fasta	# WARNING: Features with unknown phenotype 
ST121_id42076_CA-MRSA-127.fasta	# Feature_ID	Region	Database	Hit	Class
ST121_id42076_CA-MRSA-127.fasta	grlB;;1;;CP026964.1_422_d_AA	grlB;;1;;CP026964.1			
ST121_id42112_CA-MRSA-164.fasta	# Sample: ST121_id42112_CA-MRSA-164.fasta
ST121_id42112_CA-MRSA-164.fasta	# 
ST121_id42112_CA-MRSA-164.fasta	# The phenotype 'No resistance' should be interpreted with
ST121_id42112_CA-MRSA-164.fasta	# caution, as it only means that nothing in the used
ST121_id42112_CA-MRSA-164.fasta	# database indicate resistance, but resistance could exist
ST121_id42112_CA-MRSA-164.fasta	# from 'unknown' or not yet implemented sources.
ST121_id42112_CA-MRSA-164.fasta	# 
ST121_id42112_CA-MRSA-164.fasta	# The 'Match' column stores one of the integers 0, 1, 2, 3.
ST121_id42112_CA-MRSA-164.fasta	#      0: No match found
ST121_id42112_CA-MRSA-164.fasta	#      1: Match < 100% ID AND match length < ref length
ST121_id42112_CA-MRSA-164.fasta	#      2: Match < 100% ID AND match length = ref length
ST121_id42112_CA-MRSA-164.fasta	#      3: Match = 100% ID AND match length = ref length
ST121_id42112_CA-MRSA-164.fasta	# If several hits causing the same resistance are found,
ST121_id42112_CA-MRSA-164.fasta	# the highest number will be stored in the 'Match' column.
ST121_id42112_CA-MRSA-164.fasta	# Antimicrobial	Class	WGS-predicted phenotype	Match	Genetic background
ST121_id42112_CA-MRSA-164.fasta	fusidic acid	steroid antibacterial	Resistant	2	fusC (fusC_KF527883)
ST121_id42112_CA-MRSA-164.fasta	mupirocin	pseudomonic acid	No resistance	0	
ST121_id42112_CA-MRSA-164.fasta	ciprofloxacin	quinolone	No resistance	0	
ST121_id42112_CA-MRSA-164.fasta	gentamicin	aminoglycoside	No resistance	0	
ST121_id42112_CA-MRSA-164.fasta	teicoplanin	glycopeptide	No resistance	0	
ST121_id42112_CA-MRSA-164.fasta	erythromycin	macrolide	No resistance	0	
ST121_id42112_CA-MRSA-164.fasta	sulfamethoxazole	folate pathway antagonist	No resistance	0	
ST121_id42112_CA-MRSA-164.fasta	tobramycin	aminoglycoside	No resistance	0	
ST121_id42112_CA-MRSA-164.fasta	tiamulin	pleuromutilin	No resistance	0	
ST121_id42112_CA-MRSA-164.fasta	quinupristin+dalfopristin	streptogramin a	No resistance	0	
ST121_id42112_CA-MRSA-164.fasta	clindamycin	lincosamide	No resistance	0	
ST121_id42112_CA-MRSA-164.fasta	cefoxitin	beta-lactam	Resistant	3	mecA (mecA_NC_007168)
ST121_id42112_CA-MRSA-164.fasta	tetracycline	tetracycline	No resistance	0	
ST121_id42112_CA-MRSA-164.fasta	telithromycin	macrolide	No resistance	0	
ST121_id42112_CA-MRSA-164.fasta	penicillin	beta-lactam	Resistant	1	blaZ (blaZ_NZ_JVLY01000044), blaZ (blaZ_NZ_JVRB01000003)
ST121_id42112_CA-MRSA-164.fasta	fosfomycin	fosfomycin	No resistance	0	
ST121_id42112_CA-MRSA-164.fasta	spiramycin	macrolide	No resistance	0	
ST121_id42112_CA-MRSA-164.fasta	trimethoprim	folate pathway antagonist	No resistance	0	
ST121_id42112_CA-MRSA-164.fasta	chloramphenicol	amphenicol	No resistance	0	
ST121_id42112_CA-MRSA-164.fasta	vancomycin	glycopeptide	No resistance	0	
ST121_id42112_CA-MRSA-164.fasta	amikacin	aminoglycoside	No resistance	0	
ST121_id42112_CA-MRSA-164.fasta	linezolid	oxazolidinone	No resistance	0	
ST121_id42112_CA-MRSA-164.fasta	# WARNING: Features with unknown phenotype 
ST121_id42112_CA-MRSA-164.fasta	# Feature_ID	Region	Database	Hit	Class
ST121_id42112_CA-MRSA-164.fasta	grlB;;1;;CP026964.1_422_d_AA	grlB;;1;;CP026964.1			
ST121_id42141_CA-MRSA-198.fasta	# Sample: ST121_id42141_CA-MRSA-198.fasta
ST121_id42141_CA-MRSA-198.fasta	# 
ST121_id42141_CA-MRSA-198.fasta	# The phenotype 'No resistance' should be interpreted with
ST121_id42141_CA-MRSA-198.fasta	# caution, as it only means that nothing in the used
ST121_id42141_CA-MRSA-198.fasta	# database indicate resistance, but resistance could exist
ST121_id42141_CA-MRSA-198.fasta	# from 'unknown' or not yet implemented sources.
ST121_id42141_CA-MRSA-198.fasta	# 
ST121_id42141_CA-MRSA-198.fasta	# The 'Match' column stores one of the integers 0, 1, 2, 3.
ST121_id42141_CA-MRSA-198.fasta	#      0: No match found
ST121_id42141_CA-MRSA-198.fasta	#      1: Match < 100% ID AND match length < ref length
ST121_id42141_CA-MRSA-198.fasta	#      2: Match < 100% ID AND match length = ref length
ST121_id42141_CA-MRSA-198.fasta	#      3: Match = 100% ID AND match length = ref length
ST121_id42141_CA-MRSA-198.fasta	# If several hits causing the same resistance are found,
ST121_id42141_CA-MRSA-198.fasta	# the highest number will be stored in the 'Match' column.
ST121_id42141_CA-MRSA-198.fasta	# Antimicrobial	Class	WGS-predicted phenotype	Match	Genetic background
ST121_id42141_CA-MRSA-198.fasta	sulfamethoxazole	folate pathway antagonist	No resistance	0	
ST121_id42141_CA-MRSA-198.fasta	fusidic acid	steroid antibacterial	No resistance	0	
ST121_id42141_CA-MRSA-198.fasta	quinupristin+dalfopristin	streptogramin a	No resistance	0	
ST121_id42141_CA-MRSA-198.fasta	linezolid	oxazolidinone	No resistance	0	
ST121_id42141_CA-MRSA-198.fasta	tetracycline	tetracycline	No resistance	0	
ST121_id42141_CA-MRSA-198.fasta	teicoplanin	glycopeptide	No resistance	0	
ST121_id42141_CA-MRSA-198.fasta	tobramycin	aminoglycoside	No resistance	0	
ST121_id42141_CA-MRSA-198.fasta	penicillin	beta-lactam	No resistance	0	
ST121_id42141_CA-MRSA-198.fasta	vancomycin	glycopeptide	No resistance	0	
ST121_id42141_CA-MRSA-198.fasta	tiamulin	pleuromutilin	No resistance	0	
ST121_id42141_CA-MRSA-198.fasta	amikacin	aminoglycoside	No resistance	0	
ST121_id42141_CA-MRSA-198.fasta	mupirocin	pseudomonic acid	No resistance	0	
ST121_id42141_CA-MRSA-198.fasta	telithromycin	macrolide	No resistance	0	
ST121_id42141_CA-MRSA-198.fasta	trimethoprim	folate pathway antagonist	No resistance	0	
ST121_id42141_CA-MRSA-198.fasta	erythromycin	macrolide	No resistance	0	
ST121_id42141_CA-MRSA-198.fasta	ciprofloxacin	quinolone	No resistance	0	
ST121_id42141_CA-MRSA-198.fasta	gentamicin	aminoglycoside	No resistance	0	
ST121_id42141_CA-MRSA-198.fasta	clindamycin	lincosamide	No resistance	0	
ST121_id42141_CA-MRSA-198.fasta	cefoxitin	beta-lactam	Resistant	1	mecA (mecA_NC_007168)
ST121_id42141_CA-MRSA-198.fasta	fosfomycin	fosfomycin	No resistance	0	
ST121_id42141_CA-MRSA-198.fasta	spiramycin	macrolide	No resistance	0	
ST121_id42141_CA-MRSA-198.fasta	chloramphenicol	amphenicol	No resistance	0	
ST121_id42141_CA-MRSA-198.fasta	# WARNING: Features with unknown phenotype 
ST121_id42141_CA-MRSA-198.fasta	# Feature_ID	Region	Database	Hit	Class
ST121_id42141_CA-MRSA-198.fasta	grlB;;1;;CP026964.1_422_d_AA	grlB;;1;;CP026964.1			
ST121_id42143_CA-MRSA-200.fasta	# Sample: ST121_id42143_CA-MRSA-200.fasta
ST121_id42143_CA-MRSA-200.fasta	# 
ST121_id42143_CA-MRSA-200.fasta	# The phenotype 'No resistance' should be interpreted with
ST121_id42143_CA-MRSA-200.fasta	# caution, as it only means that nothing in the used
ST121_id42143_CA-MRSA-200.fasta	# database indicate resistance, but resistance could exist
ST121_id42143_CA-MRSA-200.fasta	# from 'unknown' or not yet implemented sources.
ST121_id42143_CA-MRSA-200.fasta	# 
ST121_id42143_CA-MRSA-200.fasta	# The 'Match' column stores one of the integers 0, 1, 2, 3.
ST121_id42143_CA-MRSA-200.fasta	#      0: No match found
ST121_id42143_CA-MRSA-200.fasta	#      1: Match < 100% ID AND match length < ref length
ST121_id42143_CA-MRSA-200.fasta	#      2: Match < 100% ID AND match length = ref length
ST121_id42143_CA-MRSA-200.fasta	#      3: Match = 100% ID AND match length = ref length
ST121_id42143_CA-MRSA-200.fasta	# If several hits causing the same resistance are found,
ST121_id42143_CA-MRSA-200.fasta	# the highest number will be stored in the 'Match' column.
ST121_id42143_CA-MRSA-200.fasta	# Antimicrobial	Class	WGS-predicted phenotype	Match	Genetic background
ST121_id42143_CA-MRSA-200.fasta	tobramycin	aminoglycoside	No resistance	0	
ST121_id42143_CA-MRSA-200.fasta	telithromycin	macrolide	No resistance	0	
ST121_id42143_CA-MRSA-200.fasta	tiamulin	pleuromutilin	No resistance	0	
ST121_id42143_CA-MRSA-200.fasta	erythromycin	macrolide	No resistance	0	
ST121_id42143_CA-MRSA-200.fasta	linezolid	oxazolidinone	No resistance	0	
ST121_id42143_CA-MRSA-200.fasta	fusidic acid	steroid antibacterial	No resistance	0	
ST121_id42143_CA-MRSA-200.fasta	trimethoprim	folate pathway antagonist	No resistance	0	
ST121_id42143_CA-MRSA-200.fasta	gentamicin	aminoglycoside	No resistance	0	
ST121_id42143_CA-MRSA-200.fasta	fosfomycin	fosfomycin	No resistance	0	
ST121_id42143_CA-MRSA-200.fasta	spiramycin	macrolide	No resistance	0	
ST121_id42143_CA-MRSA-200.fasta	sulfamethoxazole	folate pathway antagonist	No resistance	0	
ST121_id42143_CA-MRSA-200.fasta	teicoplanin	glycopeptide	No resistance	0	
ST121_id42143_CA-MRSA-200.fasta	ciprofloxacin	quinolone	No resistance	0	
ST121_id42143_CA-MRSA-200.fasta	tetracycline	tetracycline	No resistance	0	
ST121_id42143_CA-MRSA-200.fasta	cefoxitin	beta-lactam	Resistant	1	mecA (mecA_NC_007168)
ST121_id42143_CA-MRSA-200.fasta	clindamycin	lincosamide	No resistance	0	
ST121_id42143_CA-MRSA-200.fasta	mupirocin	pseudomonic acid	No resistance	0	
ST121_id42143_CA-MRSA-200.fasta	penicillin	beta-lactam	Resistant	1	blaZ (blaZ_NZ_JVLY01000044), blaZ (blaZ_NZ_JVRB01000003)
ST121_id42143_CA-MRSA-200.fasta	amikacin	aminoglycoside	No resistance	0	
ST121_id42143_CA-MRSA-200.fasta	quinupristin+dalfopristin	streptogramin a	No resistance	0	
ST121_id42143_CA-MRSA-200.fasta	chloramphenicol	amphenicol	No resistance	0	
ST121_id42143_CA-MRSA-200.fasta	vancomycin	glycopeptide	No resistance	0	
ST121_id42143_CA-MRSA-200.fasta	# WARNING: Features with unknown phenotype 
ST121_id42143_CA-MRSA-200.fasta	# Feature_ID	Region	Database	Hit	Class
ST121_id42143_CA-MRSA-200.fasta	grlB;;1;;CP026964.1_422_d_AA	grlB;;1;;CP026964.1;;grlB;;1;;CP026964.1;;kgjz;;grlB;;1;;CP026964.1;;xzop			
ST121_id42171_HA-MRSA-47.fasta	# Sample: ST121_id42171_HA-MRSA-47.fasta
ST121_id42171_HA-MRSA-47.fasta	# 
ST121_id42171_HA-MRSA-47.fasta	# The phenotype 'No resistance' should be interpreted with
ST121_id42171_HA-MRSA-47.fasta	# caution, as it only means that nothing in the used
ST121_id42171_HA-MRSA-47.fasta	# database indicate resistance, but resistance could exist
ST121_id42171_HA-MRSA-47.fasta	# from 'unknown' or not yet implemented sources.
ST121_id42171_HA-MRSA-47.fasta	# 
ST121_id42171_HA-MRSA-47.fasta	# The 'Match' column stores one of the integers 0, 1, 2, 3.
ST121_id42171_HA-MRSA-47.fasta	#      0: No match found
ST121_id42171_HA-MRSA-47.fasta	#      1: Match < 100% ID AND match length < ref length
ST121_id42171_HA-MRSA-47.fasta	#      2: Match < 100% ID AND match length = ref length
ST121_id42171_HA-MRSA-47.fasta	#      3: Match = 100% ID AND match length = ref length
ST121_id42171_HA-MRSA-47.fasta	# If several hits causing the same resistance are found,
ST121_id42171_HA-MRSA-47.fasta	# the highest number will be stored in the 'Match' column.
ST121_id42171_HA-MRSA-47.fasta	# Antimicrobial	Class	WGS-predicted phenotype	Match	Genetic background
ST121_id42171_HA-MRSA-47.fasta	ciprofloxacin	quinolone	No resistance	0	
ST121_id42171_HA-MRSA-47.fasta	tobramycin	aminoglycoside	No resistance	0	
ST121_id42171_HA-MRSA-47.fasta	penicillin	beta-lactam	No resistance	0	
ST121_id42171_HA-MRSA-47.fasta	teicoplanin	glycopeptide	No resistance	0	
ST121_id42171_HA-MRSA-47.fasta	trimethoprim	folate pathway antagonist	No resistance	0	
ST121_id42171_HA-MRSA-47.fasta	vancomycin	glycopeptide	No resistance	0	
ST121_id42171_HA-MRSA-47.fasta	gentamicin	aminoglycoside	No resistance	0	
ST121_id42171_HA-MRSA-47.fasta	fusidic acid	steroid antibacterial	Resistant	1	fusC (fusC_KF527883)
ST121_id42171_HA-MRSA-47.fasta	chloramphenicol	amphenicol	No resistance	0	
ST121_id42171_HA-MRSA-47.fasta	fosfomycin	fosfomycin	No resistance	0	
ST121_id42171_HA-MRSA-47.fasta	mupirocin	pseudomonic acid	No resistance	0	
ST121_id42171_HA-MRSA-47.fasta	tiamulin	pleuromutilin	No resistance	0	
ST121_id42171_HA-MRSA-47.fasta	tetracycline	tetracycline	No resistance	0	
ST121_id42171_HA-MRSA-47.fasta	spiramycin	macrolide	No resistance	0	
ST121_id42171_HA-MRSA-47.fasta	clindamycin	lincosamide	No resistance	0	
ST121_id42171_HA-MRSA-47.fasta	telithromycin	macrolide	No resistance	0	
ST121_id42171_HA-MRSA-47.fasta	amikacin	aminoglycoside	No resistance	0	
ST121_id42171_HA-MRSA-47.fasta	linezolid	oxazolidinone	No resistance	0	
ST121_id42171_HA-MRSA-47.fasta	sulfamethoxazole	folate pathway antagonist	No resistance	0	
ST121_id42171_HA-MRSA-47.fasta	cefoxitin	beta-lactam	Resistant	1	mecA (mecA_NC_007168)
ST121_id42171_HA-MRSA-47.fasta	erythromycin	macrolide	No resistance	0	
ST121_id42171_HA-MRSA-47.fasta	quinupristin+dalfopristin	streptogramin a	No resistance	0	
ST121_id42171_HA-MRSA-47.fasta	# WARNING: Features with unknown phenotype 
ST121_id42171_HA-MRSA-47.fasta	# Feature_ID	Region	Database	Hit	Class
ST121_id42171_HA-MRSA-47.fasta	grlB;;1;;CP026964.1_422_d_AA	grlB;;1;;CP026964.1			
ST121_id42178_HA-MRSA-59.fasta	# Sample: ST121_id42178_HA-MRSA-59.fasta
ST121_id42178_HA-MRSA-59.fasta	# 
ST121_id42178_HA-MRSA-59.fasta	# The phenotype 'No resistance' should be interpreted with
ST121_id42178_HA-MRSA-59.fasta	# caution, as it only means that nothing in the used
ST121_id42178_HA-MRSA-59.fasta	# database indicate resistance, but resistance could exist
ST121_id42178_HA-MRSA-59.fasta	# from 'unknown' or not yet implemented sources.
ST121_id42178_HA-MRSA-59.fasta	# 
ST121_id42178_HA-MRSA-59.fasta	# The 'Match' column stores one of the integers 0, 1, 2, 3.
ST121_id42178_HA-MRSA-59.fasta	#      0: No match found
ST121_id42178_HA-MRSA-59.fasta	#      1: Match < 100% ID AND match length < ref length
ST121_id42178_HA-MRSA-59.fasta	#      2: Match < 100% ID AND match length = ref length
ST121_id42178_HA-MRSA-59.fasta	#      3: Match = 100% ID AND match length = ref length
ST121_id42178_HA-MRSA-59.fasta	# If several hits causing the same resistance are found,
ST121_id42178_HA-MRSA-59.fasta	# the highest number will be stored in the 'Match' column.
ST121_id42178_HA-MRSA-59.fasta	# Antimicrobial	Class	WGS-predicted phenotype	Match	Genetic background
ST121_id42178_HA-MRSA-59.fasta	fosfomycin	fosfomycin	No resistance	0	
ST121_id42178_HA-MRSA-59.fasta	tiamulin	pleuromutilin	No resistance	0	
ST121_id42178_HA-MRSA-59.fasta	clindamycin	lincosamide	No resistance	0	
ST121_id42178_HA-MRSA-59.fasta	telithromycin	macrolide	No resistance	0	
ST121_id42178_HA-MRSA-59.fasta	tetracycline	tetracycline	No resistance	0	
ST121_id42178_HA-MRSA-59.fasta	tobramycin	aminoglycoside	No resistance	0	
ST121_id42178_HA-MRSA-59.fasta	fusidic acid	steroid antibacterial	Resistant	1	fusC (fusC_KF527883)
ST121_id42178_HA-MRSA-59.fasta	ciprofloxacin	quinolone	No resistance	0	
ST121_id42178_HA-MRSA-59.fasta	quinupristin+dalfopristin	streptogramin a	No resistance	0	
ST121_id42178_HA-MRSA-59.fasta	amikacin	aminoglycoside	No resistance	0	
ST121_id42178_HA-MRSA-59.fasta	penicillin	beta-lactam	No resistance	0	
ST121_id42178_HA-MRSA-59.fasta	cefoxitin	beta-lactam	Resistant	1	mecA (mecA_NC_007168)
ST121_id42178_HA-MRSA-59.fasta	chloramphenicol	amphenicol	No resistance	0	
ST121_id42178_HA-MRSA-59.fasta	sulfamethoxazole	folate pathway antagonist	No resistance	0	
ST121_id42178_HA-MRSA-59.fasta	gentamicin	aminoglycoside	No resistance	0	
ST121_id42178_HA-MRSA-59.fasta	teicoplanin	glycopeptide	No resistance	0	
ST121_id42178_HA-MRSA-59.fasta	trimethoprim	folate pathway antagonist	No resistance	0	
ST121_id42178_HA-MRSA-59.fasta	spiramycin	macrolide	No resistance	0	
ST121_id42178_HA-MRSA-59.fasta	vancomycin	glycopeptide	No resistance	0	
ST121_id42178_HA-MRSA-59.fasta	linezolid	oxazolidinone	No resistance	0	
ST121_id42178_HA-MRSA-59.fasta	erythromycin	macrolide	No resistance	0	
ST121_id42178_HA-MRSA-59.fasta	mupirocin	pseudomonic acid	No resistance	0	
ST121_id42178_HA-MRSA-59.fasta	# WARNING: Features with unknown phenotype 
ST121_id42178_HA-MRSA-59.fasta	# Feature_ID	Region	Database	Hit	Class
ST121_id42178_HA-MRSA-59.fasta	grlB;;1;;CP026964.1_422_d_AA	grlB;;1;;CP026964.1;;grlB;;1;;CP026964.1;;sefp			
ST121_id46096_KGH0001.fasta	# Sample: ST121_id46096_KGH0001.fasta
ST121_id46096_KGH0001.fasta	# 
ST121_id46096_KGH0001.fasta	# The phenotype 'No resistance' should be interpreted with
ST121_id46096_KGH0001.fasta	# caution, as it only means that nothing in the used
ST121_id46096_KGH0001.fasta	# database indicate resistance, but resistance could exist
ST121_id46096_KGH0001.fasta	# from 'unknown' or not yet implemented sources.
ST121_id46096_KGH0001.fasta	# 
ST121_id46096_KGH0001.fasta	# The 'Match' column stores one of the integers 0, 1, 2, 3.
ST121_id46096_KGH0001.fasta	#      0: No match found
ST121_id46096_KGH0001.fasta	#      1: Match < 100% ID AND match length < ref length
ST121_id46096_KGH0001.fasta	#      2: Match < 100% ID AND match length = ref length
ST121_id46096_KGH0001.fasta	#      3: Match = 100% ID AND match length = ref length
ST121_id46096_KGH0001.fasta	# If several hits causing the same resistance are found,
ST121_id46096_KGH0001.fasta	# the highest number will be stored in the 'Match' column.
ST121_id46096_KGH0001.fasta	# Antimicrobial	Class	WGS-predicted phenotype	Match	Genetic background
ST121_id46096_KGH0001.fasta	fosfomycin	fosfomycin	No resistance	0	
ST121_id46096_KGH0001.fasta	chloramphenicol	amphenicol	No resistance	0	
ST121_id46096_KGH0001.fasta	fusidic acid	steroid antibacterial	No resistance	0	
ST121_id46096_KGH0001.fasta	erythromycin	macrolide	No resistance	0	
ST121_id46096_KGH0001.fasta	penicillin	beta-lactam	Resistant	3	blaZ (blaZ_CP003979)
ST121_id46096_KGH0001.fasta	tobramycin	aminoglycoside	No resistance	0	
ST121_id46096_KGH0001.fasta	telithromycin	macrolide	No resistance	0	
ST121_id46096_KGH0001.fasta	mupirocin	pseudomonic acid	No resistance	0	
ST121_id46096_KGH0001.fasta	ciprofloxacin	quinolone	No resistance	0	
ST121_id46096_KGH0001.fasta	tetracycline	tetracycline	No resistance	0	
ST121_id46096_KGH0001.fasta	vancomycin	glycopeptide	No resistance	0	
ST121_id46096_KGH0001.fasta	linezolid	oxazolidinone	No resistance	0	
ST121_id46096_KGH0001.fasta	trimethoprim	folate pathway antagonist	Resistant	3	dfrG (dfrG_AB205645)
ST121_id46096_KGH0001.fasta	sulfamethoxazole	folate pathway antagonist	No resistance	0	
ST121_id46096_KGH0001.fasta	cefoxitin	beta-lactam	No resistance	0	
ST121_id46096_KGH0001.fasta	amikacin	aminoglycoside	No resistance	0	
ST121_id46096_KGH0001.fasta	tiamulin	pleuromutilin	No resistance	0	
ST121_id46096_KGH0001.fasta	clindamycin	lincosamide	No resistance	0	
ST121_id46096_KGH0001.fasta	gentamicin	aminoglycoside	No resistance	0	
ST121_id46096_KGH0001.fasta	quinupristin+dalfopristin	streptogramin a	No resistance	0	
ST121_id46096_KGH0001.fasta	spiramycin	macrolide	No resistance	0	
ST121_id46096_KGH0001.fasta	teicoplanin	glycopeptide	No resistance	0	
ST121_id46096_KGH0001.fasta	# WARNING: Features with unknown phenotype 
ST121_id46096_KGH0001.fasta	# Feature_ID	Region	Database	Hit	Class
ST121_id46096_KGH0001.fasta	grlB;;1;;CP026964.1_422_d_AA	grlB;;1;;CP026964.1			
ST121_id46118_SPHL046.fasta	# Sample: ST121_id46118_SPHL046.fasta
ST121_id46118_SPHL046.fasta	# 
ST121_id46118_SPHL046.fasta	# The phenotype 'No resistance' should be interpreted with
ST121_id46118_SPHL046.fasta	# caution, as it only means that nothing in the used
ST121_id46118_SPHL046.fasta	# database indicate resistance, but resistance could exist
ST121_id46118_SPHL046.fasta	# from 'unknown' or not yet implemented sources.
ST121_id46118_SPHL046.fasta	# 
ST121_id46118_SPHL046.fasta	# The 'Match' column stores one of the integers 0, 1, 2, 3.
ST121_id46118_SPHL046.fasta	#      0: No match found
ST121_id46118_SPHL046.fasta	#      1: Match < 100% ID AND match length < ref length
ST121_id46118_SPHL046.fasta	#      2: Match < 100% ID AND match length = ref length
ST121_id46118_SPHL046.fasta	#      3: Match = 100% ID AND match length = ref length
ST121_id46118_SPHL046.fasta	# If several hits causing the same resistance are found,
ST121_id46118_SPHL046.fasta	# the highest number will be stored in the 'Match' column.
ST121_id46118_SPHL046.fasta	# Antimicrobial	Class	WGS-predicted phenotype	Match	Genetic background
ST121_id46118_SPHL046.fasta	fusidic acid	steroid antibacterial	No resistance	0	
ST121_id46118_SPHL046.fasta	clindamycin	lincosamide	No resistance	0	
ST121_id46118_SPHL046.fasta	chloramphenicol	amphenicol	Resistant	3	cat(pC221) (cat(pC221)_X02529)
ST121_id46118_SPHL046.fasta	trimethoprim	folate pathway antagonist	Resistant	3	dfrG (dfrG_AB205645)
ST121_id46118_SPHL046.fasta	vancomycin	glycopeptide	No resistance	0	
ST121_id46118_SPHL046.fasta	teicoplanin	glycopeptide	No resistance	0	
ST121_id46118_SPHL046.fasta	quinupristin+dalfopristin	streptogramin a	No resistance	0	
ST121_id46118_SPHL046.fasta	ciprofloxacin	quinolone	No resistance	0	
ST121_id46118_SPHL046.fasta	penicillin	beta-lactam	Resistant	3	blaZ (blaZ_CP003979)
ST121_id46118_SPHL046.fasta	spiramycin	macrolide	No resistance	0	
ST121_id46118_SPHL046.fasta	cefoxitin	beta-lactam	No resistance	0	
ST121_id46118_SPHL046.fasta	gentamicin	aminoglycoside	No resistance	0	
ST121_id46118_SPHL046.fasta	erythromycin	macrolide	No resistance	0	
ST121_id46118_SPHL046.fasta	tobramycin	aminoglycoside	No resistance	0	
ST121_id46118_SPHL046.fasta	sulfamethoxazole	folate pathway antagonist	No resistance	0	
ST121_id46118_SPHL046.fasta	tetracycline	tetracycline	No resistance	0	
ST121_id46118_SPHL046.fasta	fosfomycin	fosfomycin	No resistance	0	
ST121_id46118_SPHL046.fasta	amikacin	aminoglycoside	No resistance	0	
ST121_id46118_SPHL046.fasta	linezolid	oxazolidinone	No resistance	0	
ST121_id46118_SPHL046.fasta	tiamulin	pleuromutilin	No resistance	0	
ST121_id46118_SPHL046.fasta	mupirocin	pseudomonic acid	No resistance	0	
ST121_id46118_SPHL046.fasta	telithromycin	macrolide	No resistance	0	
ST121_id46118_SPHL046.fasta	# WARNING: Features with unknown phenotype 
ST121_id46118_SPHL046.fasta	# Feature_ID	Region	Database	Hit	Class
ST121_id46118_SPHL046.fasta	grlB;;1;;CP026964.1_422_d_AA	grlB;;1;;CP026964.1			
ST121_id46119_SPHL048.fasta	# Sample: ST121_id46119_SPHL048.fasta
ST121_id46119_SPHL048.fasta	# 
ST121_id46119_SPHL048.fasta	# The phenotype 'No resistance' should be interpreted with
ST121_id46119_SPHL048.fasta	# caution, as it only means that nothing in the used
ST121_id46119_SPHL048.fasta	# database indicate resistance, but resistance could exist
ST121_id46119_SPHL048.fasta	# from 'unknown' or not yet implemented sources.
ST121_id46119_SPHL048.fasta	# 
ST121_id46119_SPHL048.fasta	# The 'Match' column stores one of the integers 0, 1, 2, 3.
ST121_id46119_SPHL048.fasta	#      0: No match found
ST121_id46119_SPHL048.fasta	#      1: Match < 100% ID AND match length < ref length
ST121_id46119_SPHL048.fasta	#      2: Match < 100% ID AND match length = ref length
ST121_id46119_SPHL048.fasta	#      3: Match = 100% ID AND match length = ref length
ST121_id46119_SPHL048.fasta	# If several hits causing the same resistance are found,
ST121_id46119_SPHL048.fasta	# the highest number will be stored in the 'Match' column.
ST121_id46119_SPHL048.fasta	# Antimicrobial	Class	WGS-predicted phenotype	Match	Genetic background
ST121_id46119_SPHL048.fasta	linezolid	oxazolidinone	No resistance	0	
ST121_id46119_SPHL048.fasta	vancomycin	glycopeptide	No resistance	0	
ST121_id46119_SPHL048.fasta	cefoxitin	beta-lactam	No resistance	0	
ST121_id46119_SPHL048.fasta	tobramycin	aminoglycoside	No resistance	0	
ST121_id46119_SPHL048.fasta	quinupristin+dalfopristin	streptogramin a	No resistance	0	
ST121_id46119_SPHL048.fasta	fosfomycin	fosfomycin	No resistance	0	
ST121_id46119_SPHL048.fasta	trimethoprim	folate pathway antagonist	Resistant	3	dfrG (dfrG_AB205645)
ST121_id46119_SPHL048.fasta	mupirocin	pseudomonic acid	No resistance	0	
ST121_id46119_SPHL048.fasta	ciprofloxacin	quinolone	No resistance	0	
ST121_id46119_SPHL048.fasta	sulfamethoxazole	folate pathway antagonist	No resistance	0	
ST121_id46119_SPHL048.fasta	amikacin	aminoglycoside	No resistance	0	
ST121_id46119_SPHL048.fasta	clindamycin	lincosamide	No resistance	0	
ST121_id46119_SPHL048.fasta	gentamicin	aminoglycoside	No resistance	0	
ST121_id46119_SPHL048.fasta	telithromycin	macrolide	No resistance	0	
ST121_id46119_SPHL048.fasta	fusidic acid	steroid antibacterial	No resistance	0	
ST121_id46119_SPHL048.fasta	spiramycin	macrolide	No resistance	0	
ST121_id46119_SPHL048.fasta	tetracycline	tetracycline	No resistance	0	
ST121_id46119_SPHL048.fasta	erythromycin	macrolide	No resistance	0	
ST121_id46119_SPHL048.fasta	chloramphenicol	amphenicol	Resistant	3	cat(pC221) (cat(pC221)_X02529)
ST121_id46119_SPHL048.fasta	teicoplanin	glycopeptide	No resistance	0	
ST121_id46119_SPHL048.fasta	penicillin	beta-lactam	Resistant	3	blaZ (blaZ_CP003979)
ST121_id46119_SPHL048.fasta	tiamulin	pleuromutilin	No resistance	0	
ST121_id46119_SPHL048.fasta	# WARNING: Features with unknown phenotype 
ST121_id46119_SPHL048.fasta	# Feature_ID	Region	Database	Hit	Class
ST121_id46119_SPHL048.fasta	grlB;;1;;CP026964.1_422_d_AA	grlB;;1;;CP026964.1			
ST152_id37087_st152_kp2016.fasta	# Sample: ST152_id37087_st152_kp2016.fasta
ST152_id37087_st152_kp2016.fasta	# 
ST152_id37087_st152_kp2016.fasta	# The phenotype 'No resistance' should be interpreted with
ST152_id37087_st152_kp2016.fasta	# caution, as it only means that nothing in the used
ST152_id37087_st152_kp2016.fasta	# database indicate resistance, but resistance could exist
ST152_id37087_st152_kp2016.fasta	# from 'unknown' or not yet implemented sources.
ST152_id37087_st152_kp2016.fasta	# 
ST152_id37087_st152_kp2016.fasta	# The 'Match' column stores one of the integers 0, 1, 2, 3.
ST152_id37087_st152_kp2016.fasta	#      0: No match found
ST152_id37087_st152_kp2016.fasta	#      1: Match < 100% ID AND match length < ref length
ST152_id37087_st152_kp2016.fasta	#      2: Match < 100% ID AND match length = ref length
ST152_id37087_st152_kp2016.fasta	#      3: Match = 100% ID AND match length = ref length
ST152_id37087_st152_kp2016.fasta	# If several hits causing the same resistance are found,
ST152_id37087_st152_kp2016.fasta	# the highest number will be stored in the 'Match' column.
ST152_id37087_st152_kp2016.fasta	# Antimicrobial	Class	WGS-predicted phenotype	Match	Genetic background
ST152_id37087_st152_kp2016.fasta	tetracycline	tetracycline	No resistance	0	
ST152_id37087_st152_kp2016.fasta	quinupristin+dalfopristin	streptogramin a	No resistance	0	
ST152_id37087_st152_kp2016.fasta	trimethoprim	folate pathway antagonist	No resistance	0	
ST152_id37087_st152_kp2016.fasta	penicillin	beta-lactam	Resistant	3	blaZ (blaZ_CP010941)
ST152_id37087_st152_kp2016.fasta	telithromycin	macrolide	No resistance	0	
ST152_id37087_st152_kp2016.fasta	mupirocin	pseudomonic acid	No resistance	0	
ST152_id37087_st152_kp2016.fasta	chloramphenicol	amphenicol	No resistance	0	
ST152_id37087_st152_kp2016.fasta	cefoxitin	beta-lactam	No resistance	0	
ST152_id37087_st152_kp2016.fasta	fusidic acid	steroid antibacterial	No resistance	0	
ST152_id37087_st152_kp2016.fasta	gentamicin	aminoglycoside	No resistance	0	
ST152_id37087_st152_kp2016.fasta	ciprofloxacin	quinolone	No resistance	0	
ST152_id37087_st152_kp2016.fasta	erythromycin	macrolide	No resistance	0	
ST152_id37087_st152_kp2016.fasta	sulfamethoxazole	folate pathway antagonist	No resistance	0	
ST152_id37087_st152_kp2016.fasta	clindamycin	lincosamide	No resistance	0	
ST152_id37087_st152_kp2016.fasta	fosfomycin	fosfomycin	No resistance	0	
ST152_id37087_st152_kp2016.fasta	amikacin	aminoglycoside	No resistance	0	
ST152_id37087_st152_kp2016.fasta	tiamulin	pleuromutilin	No resistance	0	
ST152_id37087_st152_kp2016.fasta	vancomycin	glycopeptide	No resistance	0	
ST152_id37087_st152_kp2016.fasta	linezolid	oxazolidinone	No resistance	0	
ST152_id37087_st152_kp2016.fasta	spiramycin	macrolide	No resistance	0	
ST152_id37087_st152_kp2016.fasta	tobramycin	aminoglycoside	No resistance	0	
ST152_id37087_st152_kp2016.fasta	teicoplanin	glycopeptide	No resistance	0	
ST152_id37087_st152_kp2016.fasta	# WARNING: Features with unknown phenotype 
ST152_id37087_st152_kp2016.fasta	# Feature_ID	Region	Database	Hit	Class
ST152_id37087_st152_kp2016.fasta	grlB;;1;;CP026964.1_422_d_AA	grlB;;1;;CP026964.1			
ST152_id37092_st152i_np2017.fasta	# Sample: ST152_id37092_st152i_np2017.fasta
ST152_id37092_st152i_np2017.fasta	# 
ST152_id37092_st152i_np2017.fasta	# The phenotype 'No resistance' should be interpreted with
ST152_id37092_st152i_np2017.fasta	# caution, as it only means that nothing in the used
ST152_id37092_st152i_np2017.fasta	# database indicate resistance, but resistance could exist
ST152_id37092_st152i_np2017.fasta	# from 'unknown' or not yet implemented sources.
ST152_id37092_st152i_np2017.fasta	# 
ST152_id37092_st152i_np2017.fasta	# The 'Match' column stores one of the integers 0, 1, 2, 3.
ST152_id37092_st152i_np2017.fasta	#      0: No match found
ST152_id37092_st152i_np2017.fasta	#      1: Match < 100% ID AND match length < ref length
ST152_id37092_st152i_np2017.fasta	#      2: Match < 100% ID AND match length = ref length
ST152_id37092_st152i_np2017.fasta	#      3: Match = 100% ID AND match length = ref length
ST152_id37092_st152i_np2017.fasta	# If several hits causing the same resistance are found,
ST152_id37092_st152i_np2017.fasta	# the highest number will be stored in the 'Match' column.
ST152_id37092_st152i_np2017.fasta	# Antimicrobial	Class	WGS-predicted phenotype	Match	Genetic background
ST152_id37092_st152i_np2017.fasta	spiramycin	macrolide	No resistance	0	
ST152_id37092_st152i_np2017.fasta	sulfamethoxazole	folate pathway antagonist	No resistance	0	
ST152_id37092_st152i_np2017.fasta	erythromycin	macrolide	No resistance	0	
ST152_id37092_st152i_np2017.fasta	mupirocin	pseudomonic acid	No resistance	0	
ST152_id37092_st152i_np2017.fasta	fosfomycin	fosfomycin	No resistance	0	
ST152_id37092_st152i_np2017.fasta	penicillin	beta-lactam	Resistant	3	blaZ (blaZ_CP010941)
ST152_id37092_st152i_np2017.fasta	gentamicin	aminoglycoside	No resistance	0	
ST152_id37092_st152i_np2017.fasta	chloramphenicol	amphenicol	No resistance	0	
ST152_id37092_st152i_np2017.fasta	tobramycin	aminoglycoside	No resistance	0	
ST152_id37092_st152i_np2017.fasta	telithromycin	macrolide	No resistance	0	
ST152_id37092_st152i_np2017.fasta	tetracycline	tetracycline	No resistance	0	
ST152_id37092_st152i_np2017.fasta	clindamycin	lincosamide	No resistance	0	
ST152_id37092_st152i_np2017.fasta	amikacin	aminoglycoside	No resistance	0	
ST152_id37092_st152i_np2017.fasta	linezolid	oxazolidinone	No resistance	0	
ST152_id37092_st152i_np2017.fasta	trimethoprim	folate pathway antagonist	No resistance	0	
ST152_id37092_st152i_np2017.fasta	teicoplanin	glycopeptide	No resistance	0	
ST152_id37092_st152i_np2017.fasta	fusidic acid	steroid antibacterial	No resistance	0	
ST152_id37092_st152i_np2017.fasta	ciprofloxacin	quinolone	No resistance	0	
ST152_id37092_st152i_np2017.fasta	cefoxitin	beta-lactam	No resistance	0	
ST152_id37092_st152i_np2017.fasta	vancomycin	glycopeptide	No resistance	0	
ST152_id37092_st152i_np2017.fasta	quinupristin+dalfopristin	streptogramin a	No resistance	0	
ST152_id37092_st152i_np2017.fasta	tiamulin	pleuromutilin	No resistance	0	
ST152_id37092_st152i_np2017.fasta	# WARNING: Features with unknown phenotype 
ST152_id37092_st152i_np2017.fasta	# Feature_ID	Region	Database	Hit	Class
ST152_id37092_st152i_np2017.fasta	grlB;;1;;CP026964.1_422_d_AA	grlB;;1;;CP026964.1			
ST152_id37093_st152i_ep2017.fasta	# Sample: ST152_id37093_st152i_ep2017.fasta
ST152_id37093_st152i_ep2017.fasta	# 
ST152_id37093_st152i_ep2017.fasta	# The phenotype 'No resistance' should be interpreted with
ST152_id37093_st152i_ep2017.fasta	# caution, as it only means that nothing in the used
ST152_id37093_st152i_ep2017.fasta	# database indicate resistance, but resistance could exist
ST152_id37093_st152i_ep2017.fasta	# from 'unknown' or not yet implemented sources.
ST152_id37093_st152i_ep2017.fasta	# 
ST152_id37093_st152i_ep2017.fasta	# The 'Match' column stores one of the integers 0, 1, 2, 3.
ST152_id37093_st152i_ep2017.fasta	#      0: No match found
ST152_id37093_st152i_ep2017.fasta	#      1: Match < 100% ID AND match length < ref length
ST152_id37093_st152i_ep2017.fasta	#      2: Match < 100% ID AND match length = ref length
ST152_id37093_st152i_ep2017.fasta	#      3: Match = 100% ID AND match length = ref length
ST152_id37093_st152i_ep2017.fasta	# If several hits causing the same resistance are found,
ST152_id37093_st152i_ep2017.fasta	# the highest number will be stored in the 'Match' column.
ST152_id37093_st152i_ep2017.fasta	# Antimicrobial	Class	WGS-predicted phenotype	Match	Genetic background
ST152_id37093_st152i_ep2017.fasta	tiamulin	pleuromutilin	No resistance	0	
ST152_id37093_st152i_ep2017.fasta	ciprofloxacin	quinolone	No resistance	0	
ST152_id37093_st152i_ep2017.fasta	fosfomycin	fosfomycin	No resistance	0	
ST152_id37093_st152i_ep2017.fasta	vancomycin	glycopeptide	No resistance	0	
ST152_id37093_st152i_ep2017.fasta	fusidic acid	steroid antibacterial	No resistance	0	
ST152_id37093_st152i_ep2017.fasta	quinupristin+dalfopristin	streptogramin a	No resistance	0	
ST152_id37093_st152i_ep2017.fasta	telithromycin	macrolide	No resistance	0	
ST152_id37093_st152i_ep2017.fasta	erythromycin	macrolide	No resistance	0	
ST152_id37093_st152i_ep2017.fasta	sulfamethoxazole	folate pathway antagonist	No resistance	0	
ST152_id37093_st152i_ep2017.fasta	tobramycin	aminoglycoside	No resistance	0	
ST152_id37093_st152i_ep2017.fasta	clindamycin	lincosamide	No resistance	0	
ST152_id37093_st152i_ep2017.fasta	mupirocin	pseudomonic acid	No resistance	0	
ST152_id37093_st152i_ep2017.fasta	trimethoprim	folate pathway antagonist	Resistant	3	dfrG (dfrG_AB205645)
ST152_id37093_st152i_ep2017.fasta	linezolid	oxazolidinone	No resistance	0	
ST152_id37093_st152i_ep2017.fasta	amikacin	aminoglycoside	No resistance	0	
ST152_id37093_st152i_ep2017.fasta	gentamicin	aminoglycoside	No resistance	0	
ST152_id37093_st152i_ep2017.fasta	penicillin	beta-lactam	Resistant	3	blaZ (blaZ_CP010941)
ST152_id37093_st152i_ep2017.fasta	spiramycin	macrolide	No resistance	0	
ST152_id37093_st152i_ep2017.fasta	cefoxitin	beta-lactam	No resistance	0	
ST152_id37093_st152i_ep2017.fasta	teicoplanin	glycopeptide	No resistance	0	
ST152_id37093_st152i_ep2017.fasta	chloramphenicol	amphenicol	No resistance	0	
ST152_id37093_st152i_ep2017.fasta	tetracycline	tetracycline	No resistance	0	
ST152_id37093_st152i_ep2017.fasta	# WARNING: Features with unknown phenotype 
ST152_id37093_st152i_ep2017.fasta	# Feature_ID	Region	Database	Hit	Class
ST152_id37093_st152i_ep2017.fasta	grlB;;1;;CP026964.1_422_d_AA	grlB;;1;;CP026964.1			
ST152_id37104_st152ii_np2017.fasta	# Sample: ST152_id37104_st152ii_np2017.fasta
ST152_id37104_st152ii_np2017.fasta	# 
ST152_id37104_st152ii_np2017.fasta	# The phenotype 'No resistance' should be interpreted with
ST152_id37104_st152ii_np2017.fasta	# caution, as it only means that nothing in the used
ST152_id37104_st152ii_np2017.fasta	# database indicate resistance, but resistance could exist
ST152_id37104_st152ii_np2017.fasta	# from 'unknown' or not yet implemented sources.
ST152_id37104_st152ii_np2017.fasta	# 
ST152_id37104_st152ii_np2017.fasta	# The 'Match' column stores one of the integers 0, 1, 2, 3.
ST152_id37104_st152ii_np2017.fasta	#      0: No match found
ST152_id37104_st152ii_np2017.fasta	#      1: Match < 100% ID AND match length < ref length
ST152_id37104_st152ii_np2017.fasta	#      2: Match < 100% ID AND match length = ref length
ST152_id37104_st152ii_np2017.fasta	#      3: Match = 100% ID AND match length = ref length
ST152_id37104_st152ii_np2017.fasta	# If several hits causing the same resistance are found,
ST152_id37104_st152ii_np2017.fasta	# the highest number will be stored in the 'Match' column.
ST152_id37104_st152ii_np2017.fasta	# Antimicrobial	Class	WGS-predicted phenotype	Match	Genetic background
ST152_id37104_st152ii_np2017.fasta	vancomycin	glycopeptide	No resistance	0	
ST152_id37104_st152ii_np2017.fasta	fusidic acid	steroid antibacterial	No resistance	0	
ST152_id37104_st152ii_np2017.fasta	spiramycin	macrolide	No resistance	0	
ST152_id37104_st152ii_np2017.fasta	clindamycin	lincosamide	No resistance	0	
ST152_id37104_st152ii_np2017.fasta	fosfomycin	fosfomycin	No resistance	0	
ST152_id37104_st152ii_np2017.fasta	penicillin	beta-lactam	Resistant	3	blaZ (blaZ_CP010941)
ST152_id37104_st152ii_np2017.fasta	tiamulin	pleuromutilin	No resistance	0	
ST152_id37104_st152ii_np2017.fasta	amikacin	aminoglycoside	No resistance	0	
ST152_id37104_st152ii_np2017.fasta	mupirocin	pseudomonic acid	No resistance	0	
ST152_id37104_st152ii_np2017.fasta	sulfamethoxazole	folate pathway antagonist	No resistance	0	
ST152_id37104_st152ii_np2017.fasta	quinupristin+dalfopristin	streptogramin a	No resistance	0	
ST152_id37104_st152ii_np2017.fasta	linezolid	oxazolidinone	No resistance	0	
ST152_id37104_st152ii_np2017.fasta	trimethoprim	folate pathway antagonist	No resistance	0	
ST152_id37104_st152ii_np2017.fasta	telithromycin	macrolide	No resistance	0	
ST152_id37104_st152ii_np2017.fasta	cefoxitin	beta-lactam	No resistance	0	
ST152_id37104_st152ii_np2017.fasta	chloramphenicol	amphenicol	No resistance	0	
ST152_id37104_st152ii_np2017.fasta	erythromycin	macrolide	No resistance	0	
ST152_id37104_st152ii_np2017.fasta	teicoplanin	glycopeptide	No resistance	0	
ST152_id37104_st152ii_np2017.fasta	ciprofloxacin	quinolone	No resistance	0	
ST152_id37104_st152ii_np2017.fasta	gentamicin	aminoglycoside	No resistance	0	
ST152_id37104_st152ii_np2017.fasta	tobramycin	aminoglycoside	No resistance	0	
ST152_id37104_st152ii_np2017.fasta	tetracycline	tetracycline	No resistance	0	
ST152_id37104_st152ii_np2017.fasta	# WARNING: Features with unknown phenotype 
ST152_id37104_st152ii_np2017.fasta	# Feature_ID	Region	Database	Hit	Class
ST152_id37104_st152ii_np2017.fasta	grlB;;1;;CP026964.1_422_d_AA	grlB;;1;;CP026964.1			
ST152_id37105_st152_wp2017.fasta	# Sample: ST152_id37105_st152_wp2017.fasta
ST152_id37105_st152_wp2017.fasta	# 
ST152_id37105_st152_wp2017.fasta	# The phenotype 'No resistance' should be interpreted with
ST152_id37105_st152_wp2017.fasta	# caution, as it only means that nothing in the used
ST152_id37105_st152_wp2017.fasta	# database indicate resistance, but resistance could exist
ST152_id37105_st152_wp2017.fasta	# from 'unknown' or not yet implemented sources.
ST152_id37105_st152_wp2017.fasta	# 
ST152_id37105_st152_wp2017.fasta	# The 'Match' column stores one of the integers 0, 1, 2, 3.
ST152_id37105_st152_wp2017.fasta	#      0: No match found
ST152_id37105_st152_wp2017.fasta	#      1: Match < 100% ID AND match length < ref length
ST152_id37105_st152_wp2017.fasta	#      2: Match < 100% ID AND match length = ref length
ST152_id37105_st152_wp2017.fasta	#      3: Match = 100% ID AND match length = ref length
ST152_id37105_st152_wp2017.fasta	# If several hits causing the same resistance are found,
ST152_id37105_st152_wp2017.fasta	# the highest number will be stored in the 'Match' column.
ST152_id37105_st152_wp2017.fasta	# Antimicrobial	Class	WGS-predicted phenotype	Match	Genetic background
ST152_id37105_st152_wp2017.fasta	fusidic acid	steroid antibacterial	No resistance	0	
ST152_id37105_st152_wp2017.fasta	gentamicin	aminoglycoside	No resistance	0	
ST152_id37105_st152_wp2017.fasta	erythromycin	macrolide	No resistance	0	
ST152_id37105_st152_wp2017.fasta	tobramycin	aminoglycoside	No resistance	0	
ST152_id37105_st152_wp2017.fasta	teicoplanin	glycopeptide	No resistance	0	
ST152_id37105_st152_wp2017.fasta	vancomycin	glycopeptide	No resistance	0	
ST152_id37105_st152_wp2017.fasta	quinupristin+dalfopristin	streptogramin a	No resistance	0	
ST152_id37105_st152_wp2017.fasta	telithromycin	macrolide	No resistance	0	
ST152_id37105_st152_wp2017.fasta	tetracycline	tetracycline	No resistance	0	
ST152_id37105_st152_wp2017.fasta	trimethoprim	folate pathway antagonist	Resistant	3	dfrG (dfrG_AB205645)
ST152_id37105_st152_wp2017.fasta	penicillin	beta-lactam	Resistant	3	blaZ (blaZ_CP010941)
ST152_id37105_st152_wp2017.fasta	chloramphenicol	amphenicol	No resistance	0	
ST152_id37105_st152_wp2017.fasta	fosfomycin	fosfomycin	No resistance	0	
ST152_id37105_st152_wp2017.fasta	tiamulin	pleuromutilin	No resistance	0	
ST152_id37105_st152_wp2017.fasta	amikacin	aminoglycoside	No resistance	0	
ST152_id37105_st152_wp2017.fasta	cefoxitin	beta-lactam	No resistance	0	
ST152_id37105_st152_wp2017.fasta	linezolid	oxazolidinone	No resistance	0	
ST152_id37105_st152_wp2017.fasta	clindamycin	lincosamide	No resistance	0	
ST152_id37105_st152_wp2017.fasta	ciprofloxacin	quinolone	No resistance	0	
ST152_id37105_st152_wp2017.fasta	mupirocin	pseudomonic acid	No resistance	0	
ST152_id37105_st152_wp2017.fasta	sulfamethoxazole	folate pathway antagonist	No resistance	0	
ST152_id37105_st152_wp2017.fasta	spiramycin	macrolide	No resistance	0	
ST152_id37105_st152_wp2017.fasta	# WARNING: Features with unknown phenotype 
ST152_id37105_st152_wp2017.fasta	# Feature_ID	Region	Database	Hit	Class
ST152_id37105_st152_wp2017.fasta	grlB;;1;;CP026964.1_422_d_AA	grlB;;1;;CP026964.1			
ST152_id37109_st152ii_ep2017.fasta	# Sample: ST152_id37109_st152ii_ep2017.fasta
ST152_id37109_st152ii_ep2017.fasta	# 
ST152_id37109_st152ii_ep2017.fasta	# The phenotype 'No resistance' should be interpreted with
ST152_id37109_st152ii_ep2017.fasta	# caution, as it only means that nothing in the used
ST152_id37109_st152ii_ep2017.fasta	# database indicate resistance, but resistance could exist
ST152_id37109_st152ii_ep2017.fasta	# from 'unknown' or not yet implemented sources.
ST152_id37109_st152ii_ep2017.fasta	# 
ST152_id37109_st152ii_ep2017.fasta	# The 'Match' column stores one of the integers 0, 1, 2, 3.
ST152_id37109_st152ii_ep2017.fasta	#      0: No match found
ST152_id37109_st152ii_ep2017.fasta	#      1: Match < 100% ID AND match length < ref length
ST152_id37109_st152ii_ep2017.fasta	#      2: Match < 100% ID AND match length = ref length
ST152_id37109_st152ii_ep2017.fasta	#      3: Match = 100% ID AND match length = ref length
ST152_id37109_st152ii_ep2017.fasta	# If several hits causing the same resistance are found,
ST152_id37109_st152ii_ep2017.fasta	# the highest number will be stored in the 'Match' column.
ST152_id37109_st152ii_ep2017.fasta	# Antimicrobial	Class	WGS-predicted phenotype	Match	Genetic background
ST152_id37109_st152ii_ep2017.fasta	fusidic acid	steroid antibacterial	No resistance	0	
ST152_id37109_st152ii_ep2017.fasta	fosfomycin	fosfomycin	No resistance	0	
ST152_id37109_st152ii_ep2017.fasta	tetracycline	tetracycline	No resistance	0	
ST152_id37109_st152ii_ep2017.fasta	tiamulin	pleuromutilin	No resistance	0	
ST152_id37109_st152ii_ep2017.fasta	trimethoprim	folate pathway antagonist	Resistant	3	dfrG (dfrG_AB205645)
ST152_id37109_st152ii_ep2017.fasta	vancomycin	glycopeptide	No resistance	0	
ST152_id37109_st152ii_ep2017.fasta	tobramycin	aminoglycoside	No resistance	0	
ST152_id37109_st152ii_ep2017.fasta	sulfamethoxazole	folate pathway antagonist	No resistance	0	
ST152_id37109_st152ii_ep2017.fasta	amikacin	aminoglycoside	No resistance	0	
ST152_id37109_st152ii_ep2017.fasta	teicoplanin	glycopeptide	No resistance	0	
ST152_id37109_st152ii_ep2017.fasta	penicillin	beta-lactam	Resistant	2	blaZ (blaZ_CP010941)
ST152_id37109_st152ii_ep2017.fasta	cefoxitin	beta-lactam	No resistance	0	
ST152_id37109_st152ii_ep2017.fasta	gentamicin	aminoglycoside	No resistance	0	
ST152_id37109_st152ii_ep2017.fasta	quinupristin+dalfopristin	streptogramin a	No resistance	0	
ST152_id37109_st152ii_ep2017.fasta	clindamycin	lincosamide	No resistance	0	
ST152_id37109_st152ii_ep2017.fasta	ciprofloxacin	quinolone	No resistance	0	
ST152_id37109_st152ii_ep2017.fasta	spiramycin	macrolide	No resistance	0	
ST152_id37109_st152ii_ep2017.fasta	erythromycin	macrolide	No resistance	0	
ST152_id37109_st152ii_ep2017.fasta	chloramphenicol	amphenicol	No resistance	0	
ST152_id37109_st152ii_ep2017.fasta	linezolid	oxazolidinone	No resistance	0	
ST152_id37109_st152ii_ep2017.fasta	telithromycin	macrolide	No resistance	0	
ST152_id37109_st152ii_ep2017.fasta	mupirocin	pseudomonic acid	No resistance	0	
ST152_id37109_st152ii_ep2017.fasta	# WARNING: Features with unknown phenotype 
ST152_id37109_st152ii_ep2017.fasta	# Feature_ID	Region	Database	Hit	Class
ST152_id37109_st152ii_ep2017.fasta	grlB;;1;;CP026964.1_422_d_AA	grlB;;1;;CP026964.1			
ST152_id42099_CA-MRSA-150.fasta	# Sample: ST152_id42099_CA-MRSA-150.fasta
ST152_id42099_CA-MRSA-150.fasta	# 
ST152_id42099_CA-MRSA-150.fasta	# The phenotype 'No resistance' should be interpreted with
ST152_id42099_CA-MRSA-150.fasta	# caution, as it only means that nothing in the used
ST152_id42099_CA-MRSA-150.fasta	# database indicate resistance, but resistance could exist
ST152_id42099_CA-MRSA-150.fasta	# from 'unknown' or not yet implemented sources.
ST152_id42099_CA-MRSA-150.fasta	# 
ST152_id42099_CA-MRSA-150.fasta	# The 'Match' column stores one of the integers 0, 1, 2, 3.
ST152_id42099_CA-MRSA-150.fasta	#      0: No match found
ST152_id42099_CA-MRSA-150.fasta	#      1: Match < 100% ID AND match length < ref length
ST152_id42099_CA-MRSA-150.fasta	#      2: Match < 100% ID AND match length = ref length
ST152_id42099_CA-MRSA-150.fasta	#      3: Match = 100% ID AND match length = ref length
ST152_id42099_CA-MRSA-150.fasta	# If several hits causing the same resistance are found,
ST152_id42099_CA-MRSA-150.fasta	# the highest number will be stored in the 'Match' column.
ST152_id42099_CA-MRSA-150.fasta	# Antimicrobial	Class	WGS-predicted phenotype	Match	Genetic background
ST152_id42099_CA-MRSA-150.fasta	spiramycin	macrolide	No resistance	0	
ST152_id42099_CA-MRSA-150.fasta	mupirocin	pseudomonic acid	No resistance	0	
ST152_id42099_CA-MRSA-150.fasta	clindamycin	lincosamide	Resistant	3	erm(C) (erm(C)_M13761)
ST152_id42099_CA-MRSA-150.fasta	tiamulin	pleuromutilin	No resistance	0	
ST152_id42099_CA-MRSA-150.fasta	telithromycin	macrolide	No resistance	0	
ST152_id42099_CA-MRSA-150.fasta	ciprofloxacin	quinolone	Resistant	3	
ST152_id42099_CA-MRSA-150.fasta	erythromycin	macrolide	Resistant	3	erm(C) (erm(C)_M13761)
ST152_id42099_CA-MRSA-150.fasta	fosfomycin	fosfomycin	No resistance	0	
ST152_id42099_CA-MRSA-150.fasta	fusidic acid	steroid antibacterial	Resistant	3	
ST152_id42099_CA-MRSA-150.fasta	chloramphenicol	amphenicol	No resistance	0	
ST152_id42099_CA-MRSA-150.fasta	linezolid	oxazolidinone	No resistance	0	
ST152_id42099_CA-MRSA-150.fasta	amikacin	aminoglycoside	No resistance	0	
ST152_id42099_CA-MRSA-150.fasta	quinupristin+dalfopristin	streptogramin a	No resistance	0	
ST152_id42099_CA-MRSA-150.fasta	vancomycin	glycopeptide	No resistance	0	
ST152_id42099_CA-MRSA-150.fasta	cefoxitin	beta-lactam	Resistant	2	mecA (mecA_NC_007168)
ST152_id42099_CA-MRSA-150.fasta	sulfamethoxazole	folate pathway antagonist	No resistance	0	
ST152_id42099_CA-MRSA-150.fasta	tetracycline	tetracycline	Resistant	1	tet(K) (tet(K)_U38656)
ST152_id42099_CA-MRSA-150.fasta	teicoplanin	glycopeptide	No resistance	0	
ST152_id42099_CA-MRSA-150.fasta	penicillin	beta-lactam	Resistant	1	blaZ (blaZ_NZ_FHDT01000016), blaZ (blaZ_FHDH01000010), blaZ (blaZ_LNTF01000008), blaZ (blaZ_JITV01000006)
ST152_id42099_CA-MRSA-150.fasta	gentamicin	aminoglycoside	No resistance	0	
ST152_id42099_CA-MRSA-150.fasta	tobramycin	aminoglycoside	No resistance	0	
ST152_id42099_CA-MRSA-150.fasta	trimethoprim	folate pathway antagonist	No resistance	0	
ST152_id42099_CA-MRSA-150.fasta	# WARNING: Features with unknown phenotype 
ST152_id42099_CA-MRSA-150.fasta	# Feature_ID	Region	Database	Hit	Class
ST152_id42099_CA-MRSA-150.fasta	grlB;;1;;CP026964.1_422_d_AA	grlB;;1;;CP026964.1;;grlB;;1;;CP026964.1;;sayt			
ST152_id42101_CA-MRSA-152.fasta	# Sample: ST152_id42101_CA-MRSA-152.fasta
ST152_id42101_CA-MRSA-152.fasta	# 
ST152_id42101_CA-MRSA-152.fasta	# The phenotype 'No resistance' should be interpreted with
ST152_id42101_CA-MRSA-152.fasta	# caution, as it only means that nothing in the used
ST152_id42101_CA-MRSA-152.fasta	# database indicate resistance, but resistance could exist
ST152_id42101_CA-MRSA-152.fasta	# from 'unknown' or not yet implemented sources.
ST152_id42101_CA-MRSA-152.fasta	# 
ST152_id42101_CA-MRSA-152.fasta	# The 'Match' column stores one of the integers 0, 1, 2, 3.
ST152_id42101_CA-MRSA-152.fasta	#      0: No match found
ST152_id42101_CA-MRSA-152.fasta	#      1: Match < 100% ID AND match length < ref length
ST152_id42101_CA-MRSA-152.fasta	#      2: Match < 100% ID AND match length = ref length
ST152_id42101_CA-MRSA-152.fasta	#      3: Match = 100% ID AND match length = ref length
ST152_id42101_CA-MRSA-152.fasta	# If several hits causing the same resistance are found,
ST152_id42101_CA-MRSA-152.fasta	# the highest number will be stored in the 'Match' column.
ST152_id42101_CA-MRSA-152.fasta	# Antimicrobial	Class	WGS-predicted phenotype	Match	Genetic background
ST152_id42101_CA-MRSA-152.fasta	quinupristin+dalfopristin	streptogramin a	No resistance	0	
ST152_id42101_CA-MRSA-152.fasta	sulfamethoxazole	folate pathway antagonist	No resistance	0	
ST152_id42101_CA-MRSA-152.fasta	teicoplanin	glycopeptide	No resistance	0	
ST152_id42101_CA-MRSA-152.fasta	fusidic acid	steroid antibacterial	Resistant	1	fusC (fusC_KF527883)
ST152_id42101_CA-MRSA-152.fasta	tobramycin	aminoglycoside	No resistance	0	
ST152_id42101_CA-MRSA-152.fasta	telithromycin	macrolide	No resistance	0	
ST152_id42101_CA-MRSA-152.fasta	tetracycline	tetracycline	No resistance	0	
ST152_id42101_CA-MRSA-152.fasta	erythromycin	macrolide	No resistance	0	
ST152_id42101_CA-MRSA-152.fasta	chloramphenicol	amphenicol	No resistance	0	
ST152_id42101_CA-MRSA-152.fasta	vancomycin	glycopeptide	No resistance	0	
ST152_id42101_CA-MRSA-152.fasta	gentamicin	aminoglycoside	No resistance	0	
ST152_id42101_CA-MRSA-152.fasta	spiramycin	macrolide	No resistance	0	
ST152_id42101_CA-MRSA-152.fasta	tiamulin	pleuromutilin	No resistance	0	
ST152_id42101_CA-MRSA-152.fasta	fosfomycin	fosfomycin	No resistance	0	
ST152_id42101_CA-MRSA-152.fasta	linezolid	oxazolidinone	No resistance	0	
ST152_id42101_CA-MRSA-152.fasta	cefoxitin	beta-lactam	Resistant	2	mecA (mecA_NC_007168)
ST152_id42101_CA-MRSA-152.fasta	clindamycin	lincosamide	No resistance	0	
ST152_id42101_CA-MRSA-152.fasta	ciprofloxacin	quinolone	No resistance	0	
ST152_id42101_CA-MRSA-152.fasta	mupirocin	pseudomonic acid	No resistance	0	
ST152_id42101_CA-MRSA-152.fasta	penicillin	beta-lactam	Resistant	3	blaZ (blaZ_CP010941)
ST152_id42101_CA-MRSA-152.fasta	trimethoprim	folate pathway antagonist	No resistance	0	
ST152_id42101_CA-MRSA-152.fasta	amikacin	aminoglycoside	No resistance	0	
ST152_id42101_CA-MRSA-152.fasta	# WARNING: Features with unknown phenotype 
ST152_id42101_CA-MRSA-152.fasta	# Feature_ID	Region	Database	Hit	Class
ST152_id42101_CA-MRSA-152.fasta	grlB;;1;;CP026964.1_422_d_AA	grlB;;1;;CP026964.1			
ST152_id42132_CA-MRSA-187.fasta	# Sample: ST152_id42132_CA-MRSA-187.fasta
ST152_id42132_CA-MRSA-187.fasta	# 
ST152_id42132_CA-MRSA-187.fasta	# The phenotype 'No resistance' should be interpreted with
ST152_id42132_CA-MRSA-187.fasta	# caution, as it only means that nothing in the used
ST152_id42132_CA-MRSA-187.fasta	# database indicate resistance, but resistance could exist
ST152_id42132_CA-MRSA-187.fasta	# from 'unknown' or not yet implemented sources.
ST152_id42132_CA-MRSA-187.fasta	# 
ST152_id42132_CA-MRSA-187.fasta	# The 'Match' column stores one of the integers 0, 1, 2, 3.
ST152_id42132_CA-MRSA-187.fasta	#      0: No match found
ST152_id42132_CA-MRSA-187.fasta	#      1: Match < 100% ID AND match length < ref length
ST152_id42132_CA-MRSA-187.fasta	#      2: Match < 100% ID AND match length = ref length
ST152_id42132_CA-MRSA-187.fasta	#      3: Match = 100% ID AND match length = ref length
ST152_id42132_CA-MRSA-187.fasta	# If several hits causing the same resistance are found,
ST152_id42132_CA-MRSA-187.fasta	# the highest number will be stored in the 'Match' column.
ST152_id42132_CA-MRSA-187.fasta	# Antimicrobial	Class	WGS-predicted phenotype	Match	Genetic background
ST152_id42132_CA-MRSA-187.fasta	clindamycin	lincosamide	No resistance	0	
ST152_id42132_CA-MRSA-187.fasta	vancomycin	glycopeptide	No resistance	0	
ST152_id42132_CA-MRSA-187.fasta	linezolid	oxazolidinone	No resistance	0	
ST152_id42132_CA-MRSA-187.fasta	teicoplanin	glycopeptide	No resistance	0	
ST152_id42132_CA-MRSA-187.fasta	gentamicin	aminoglycoside	No resistance	0	
ST152_id42132_CA-MRSA-187.fasta	ciprofloxacin	quinolone	No resistance	0	
ST152_id42132_CA-MRSA-187.fasta	cefoxitin	beta-lactam	Resistant	1	mecA (mecA_NC_007168)
ST152_id42132_CA-MRSA-187.fasta	telithromycin	macrolide	No resistance	0	
ST152_id42132_CA-MRSA-187.fasta	mupirocin	pseudomonic acid	No resistance	0	
ST152_id42132_CA-MRSA-187.fasta	tobramycin	aminoglycoside	No resistance	0	
ST152_id42132_CA-MRSA-187.fasta	tetracycline	tetracycline	No resistance	0	
ST152_id42132_CA-MRSA-187.fasta	fosfomycin	fosfomycin	No resistance	0	
ST152_id42132_CA-MRSA-187.fasta	erythromycin	macrolide	No resistance	0	
ST152_id42132_CA-MRSA-187.fasta	trimethoprim	folate pathway antagonist	No resistance	0	
ST152_id42132_CA-MRSA-187.fasta	quinupristin+dalfopristin	streptogramin a	No resistance	0	
ST152_id42132_CA-MRSA-187.fasta	amikacin	aminoglycoside	No resistance	0	
ST152_id42132_CA-MRSA-187.fasta	fusidic acid	steroid antibacterial	Resistant	1	fusC (fusC_KF527883)
ST152_id42132_CA-MRSA-187.fasta	spiramycin	macrolide	No resistance	0	
ST152_id42132_CA-MRSA-187.fasta	chloramphenicol	amphenicol	No resistance	0	
ST152_id42132_CA-MRSA-187.fasta	penicillin	beta-lactam	Resistant	3	blaZ (blaZ_CP010941)
ST152_id42132_CA-MRSA-187.fasta	tiamulin	pleuromutilin	No resistance	0	
ST152_id42132_CA-MRSA-187.fasta	sulfamethoxazole	folate pathway antagonist	No resistance	0	
ST152_id42132_CA-MRSA-187.fasta	# WARNING: Features with unknown phenotype 
ST152_id42132_CA-MRSA-187.fasta	# Feature_ID	Region	Database	Hit	Class
ST152_id42132_CA-MRSA-187.fasta	grlB;;1;;CP026964.1_422_d_AA	grlB;;1;;CP026964.1;;grlB;;1;;CP026964.1;;rsyj			
ST152_id42164_HA-MRSA-37.fasta	# Sample: ST152_id42164_HA-MRSA-37.fasta
ST152_id42164_HA-MRSA-37.fasta	# 
ST152_id42164_HA-MRSA-37.fasta	# The phenotype 'No resistance' should be interpreted with
ST152_id42164_HA-MRSA-37.fasta	# caution, as it only means that nothing in the used
ST152_id42164_HA-MRSA-37.fasta	# database indicate resistance, but resistance could exist
ST152_id42164_HA-MRSA-37.fasta	# from 'unknown' or not yet implemented sources.
ST152_id42164_HA-MRSA-37.fasta	# 
ST152_id42164_HA-MRSA-37.fasta	# The 'Match' column stores one of the integers 0, 1, 2, 3.
ST152_id42164_HA-MRSA-37.fasta	#      0: No match found
ST152_id42164_HA-MRSA-37.fasta	#      1: Match < 100% ID AND match length < ref length
ST152_id42164_HA-MRSA-37.fasta	#      2: Match < 100% ID AND match length = ref length
ST152_id42164_HA-MRSA-37.fasta	#      3: Match = 100% ID AND match length = ref length
ST152_id42164_HA-MRSA-37.fasta	# If several hits causing the same resistance are found,
ST152_id42164_HA-MRSA-37.fasta	# the highest number will be stored in the 'Match' column.
ST152_id42164_HA-MRSA-37.fasta	# Antimicrobial	Class	WGS-predicted phenotype	Match	Genetic background
ST152_id42164_HA-MRSA-37.fasta	teicoplanin	glycopeptide	No resistance	0	
ST152_id42164_HA-MRSA-37.fasta	linezolid	oxazolidinone	No resistance	0	
ST152_id42164_HA-MRSA-37.fasta	quinupristin+dalfopristin	streptogramin a	No resistance	0	
ST152_id42164_HA-MRSA-37.fasta	amikacin	aminoglycoside	No resistance	0	
ST152_id42164_HA-MRSA-37.fasta	tetracycline	tetracycline	No resistance	0	
ST152_id42164_HA-MRSA-37.fasta	tiamulin	pleuromutilin	No resistance	0	
ST152_id42164_HA-MRSA-37.fasta	spiramycin	macrolide	No resistance	0	
ST152_id42164_HA-MRSA-37.fasta	mupirocin	pseudomonic acid	No resistance	0	
ST152_id42164_HA-MRSA-37.fasta	ciprofloxacin	quinolone	No resistance	0	
ST152_id42164_HA-MRSA-37.fasta	vancomycin	glycopeptide	No resistance	0	
ST152_id42164_HA-MRSA-37.fasta	trimethoprim	folate pathway antagonist	No resistance	0	
ST152_id42164_HA-MRSA-37.fasta	fusidic acid	steroid antibacterial	Resistant	1	fusC (fusC_KF527883)
ST152_id42164_HA-MRSA-37.fasta	penicillin	beta-lactam	Resistant	3	blaZ (blaZ_CP010941)
ST152_id42164_HA-MRSA-37.fasta	sulfamethoxazole	folate pathway antagonist	No resistance	0	
ST152_id42164_HA-MRSA-37.fasta	cefoxitin	beta-lactam	Resistant	1	mecA (mecA_NC_007168)
ST152_id42164_HA-MRSA-37.fasta	tobramycin	aminoglycoside	No resistance	0	
ST152_id42164_HA-MRSA-37.fasta	clindamycin	lincosamide	No resistance	0	
ST152_id42164_HA-MRSA-37.fasta	chloramphenicol	amphenicol	No resistance	0	
ST152_id42164_HA-MRSA-37.fasta	telithromycin	macrolide	No resistance	0	
ST152_id42164_HA-MRSA-37.fasta	erythromycin	macrolide	No resistance	0	
ST152_id42164_HA-MRSA-37.fasta	fosfomycin	fosfomycin	No resistance	0	
ST152_id42164_HA-MRSA-37.fasta	gentamicin	aminoglycoside	No resistance	0	
ST152_id42164_HA-MRSA-37.fasta	# WARNING: Features with unknown phenotype 
ST152_id42164_HA-MRSA-37.fasta	# Feature_ID	Region	Database	Hit	Class
ST152_id42164_HA-MRSA-37.fasta	grlB;;1;;CP026964.1_422_d_AA	grlB;;1;;CP026964.1			
ST152_id46014_002EAR.fasta	# Sample: ST152_id46014_002EAR.fasta
ST152_id46014_002EAR.fasta	# 
ST152_id46014_002EAR.fasta	# The phenotype 'No resistance' should be interpreted with
ST152_id46014_002EAR.fasta	# caution, as it only means that nothing in the used
ST152_id46014_002EAR.fasta	# database indicate resistance, but resistance could exist
ST152_id46014_002EAR.fasta	# from 'unknown' or not yet implemented sources.
ST152_id46014_002EAR.fasta	# 
ST152_id46014_002EAR.fasta	# The 'Match' column stores one of the integers 0, 1, 2, 3.
ST152_id46014_002EAR.fasta	#      0: No match found
ST152_id46014_002EAR.fasta	#      1: Match < 100% ID AND match length < ref length
ST152_id46014_002EAR.fasta	#      2: Match < 100% ID AND match length = ref length
ST152_id46014_002EAR.fasta	#      3: Match = 100% ID AND match length = ref length
ST152_id46014_002EAR.fasta	# If several hits causing the same resistance are found,
ST152_id46014_002EAR.fasta	# the highest number will be stored in the 'Match' column.
ST152_id46014_002EAR.fasta	# Antimicrobial	Class	WGS-predicted phenotype	Match	Genetic background
ST152_id46014_002EAR.fasta	tobramycin	aminoglycoside	No resistance	0	
ST152_id46014_002EAR.fasta	amikacin	aminoglycoside	No resistance	0	
ST152_id46014_002EAR.fasta	quinupristin+dalfopristin	streptogramin a	No resistance	0	
ST152_id46014_002EAR.fasta	chloramphenicol	amphenicol	Resistant	3	cat(pC221) (cat(pC221)_X02529)
ST152_id46014_002EAR.fasta	telithromycin	macrolide	No resistance	0	
ST152_id46014_002EAR.fasta	erythromycin	macrolide	No resistance	0	
ST152_id46014_002EAR.fasta	cefoxitin	beta-lactam	Resistant	3	mecA (mecA_BX571856)
ST152_id46014_002EAR.fasta	penicillin	beta-lactam	Resistant	3	blaZ (blaZ_CP010941)
ST152_id46014_002EAR.fasta	tetracycline	tetracycline	No resistance	0	
ST152_id46014_002EAR.fasta	teicoplanin	glycopeptide	No resistance	0	
ST152_id46014_002EAR.fasta	fusidic acid	steroid antibacterial	No resistance	0	
ST152_id46014_002EAR.fasta	linezolid	oxazolidinone	No resistance	0	
ST152_id46014_002EAR.fasta	tiamulin	pleuromutilin	No resistance	0	
ST152_id46014_002EAR.fasta	spiramycin	macrolide	No resistance	0	
ST152_id46014_002EAR.fasta	clindamycin	lincosamide	No resistance	0	
ST152_id46014_002EAR.fasta	ciprofloxacin	quinolone	No resistance	0	
ST152_id46014_002EAR.fasta	trimethoprim	folate pathway antagonist	No resistance	0	
ST152_id46014_002EAR.fasta	mupirocin	pseudomonic acid	No resistance	0	
ST152_id46014_002EAR.fasta	fosfomycin	fosfomycin	No resistance	0	
ST152_id46014_002EAR.fasta	vancomycin	glycopeptide	No resistance	0	
ST152_id46014_002EAR.fasta	gentamicin	aminoglycoside	No resistance	0	
ST152_id46014_002EAR.fasta	sulfamethoxazole	folate pathway antagonist	No resistance	0	
ST152_id46014_002EAR.fasta	# WARNING: Features with unknown phenotype 
ST152_id46014_002EAR.fasta	# Feature_ID	Region	Database	Hit	Class
ST152_id46014_002EAR.fasta	grlB;;1;;CP026964.1_422_d_AA	grlB;;1;;CP026964.1			
ST152_id46015_003WOUND.fasta	# Sample: ST152_id46015_003WOUND.fasta
ST152_id46015_003WOUND.fasta	# 
ST152_id46015_003WOUND.fasta	# The phenotype 'No resistance' should be interpreted with
ST152_id46015_003WOUND.fasta	# caution, as it only means that nothing in the used
ST152_id46015_003WOUND.fasta	# database indicate resistance, but resistance could exist
ST152_id46015_003WOUND.fasta	# from 'unknown' or not yet implemented sources.
ST152_id46015_003WOUND.fasta	# 
ST152_id46015_003WOUND.fasta	# The 'Match' column stores one of the integers 0, 1, 2, 3.
ST152_id46015_003WOUND.fasta	#      0: No match found
ST152_id46015_003WOUND.fasta	#      1: Match < 100% ID AND match length < ref length
ST152_id46015_003WOUND.fasta	#      2: Match < 100% ID AND match length = ref length
ST152_id46015_003WOUND.fasta	#      3: Match = 100% ID AND match length = ref length
ST152_id46015_003WOUND.fasta	# If several hits causing the same resistance are found,
ST152_id46015_003WOUND.fasta	# the highest number will be stored in the 'Match' column.
ST152_id46015_003WOUND.fasta	# Antimicrobial	Class	WGS-predicted phenotype	Match	Genetic background
ST152_id46015_003WOUND.fasta	clindamycin	lincosamide	No resistance	0	
ST152_id46015_003WOUND.fasta	telithromycin	macrolide	No resistance	0	
ST152_id46015_003WOUND.fasta	erythromycin	macrolide	No resistance	0	
ST152_id46015_003WOUND.fasta	fosfomycin	fosfomycin	No resistance	0	
ST152_id46015_003WOUND.fasta	mupirocin	pseudomonic acid	No resistance	0	
ST152_id46015_003WOUND.fasta	sulfamethoxazole	folate pathway antagonist	No resistance	0	
ST152_id46015_003WOUND.fasta	vancomycin	glycopeptide	No resistance	0	
ST152_id46015_003WOUND.fasta	penicillin	beta-lactam	Resistant	3	blaZ (blaZ_CP010941)
ST152_id46015_003WOUND.fasta	ciprofloxacin	quinolone	No resistance	0	
ST152_id46015_003WOUND.fasta	gentamicin	aminoglycoside	No resistance	0	
ST152_id46015_003WOUND.fasta	cefoxitin	beta-lactam	Resistant	3	mecA (mecA_BX571856)
ST152_id46015_003WOUND.fasta	quinupristin+dalfopristin	streptogramin a	No resistance	0	
ST152_id46015_003WOUND.fasta	spiramycin	macrolide	No resistance	0	
ST152_id46015_003WOUND.fasta	tetracycline	tetracycline	No resistance	0	
ST152_id46015_003WOUND.fasta	chloramphenicol	amphenicol	Resistant	3	cat(pC221) (cat(pC221)_X02529)
ST152_id46015_003WOUND.fasta	trimethoprim	folate pathway antagonist	No resistance	0	
ST152_id46015_003WOUND.fasta	linezolid	oxazolidinone	No resistance	0	
ST152_id46015_003WOUND.fasta	tobramycin	aminoglycoside	No resistance	0	
ST152_id46015_003WOUND.fasta	tiamulin	pleuromutilin	No resistance	0	
ST152_id46015_003WOUND.fasta	teicoplanin	glycopeptide	No resistance	0	
ST152_id46015_003WOUND.fasta	amikacin	aminoglycoside	No resistance	0	
ST152_id46015_003WOUND.fasta	fusidic acid	steroid antibacterial	No resistance	0	
ST152_id46015_003WOUND.fasta	# WARNING: Features with unknown phenotype 
ST152_id46015_003WOUND.fasta	# Feature_ID	Region	Database	Hit	Class
ST152_id46015_003WOUND.fasta	grlB;;1;;CP026964.1_422_d_AA	grlB;;1;;CP026964.1			
ST152_id46016_005.fasta	# Sample: ST152_id46016_005.fasta
ST152_id46016_005.fasta	# 
ST152_id46016_005.fasta	# The phenotype 'No resistance' should be interpreted with
ST152_id46016_005.fasta	# caution, as it only means that nothing in the used
ST152_id46016_005.fasta	# database indicate resistance, but resistance could exist
ST152_id46016_005.fasta	# from 'unknown' or not yet implemented sources.
ST152_id46016_005.fasta	# 
ST152_id46016_005.fasta	# The 'Match' column stores one of the integers 0, 1, 2, 3.
ST152_id46016_005.fasta	#      0: No match found
ST152_id46016_005.fasta	#      1: Match < 100% ID AND match length < ref length
ST152_id46016_005.fasta	#      2: Match < 100% ID AND match length = ref length
ST152_id46016_005.fasta	#      3: Match = 100% ID AND match length = ref length
ST152_id46016_005.fasta	# If several hits causing the same resistance are found,
ST152_id46016_005.fasta	# the highest number will be stored in the 'Match' column.
ST152_id46016_005.fasta	# Antimicrobial	Class	WGS-predicted phenotype	Match	Genetic background
ST152_id46016_005.fasta	tetracycline	tetracycline	Resistant	3	tet(K) (tet(K)_U38656)
ST152_id46016_005.fasta	cefoxitin	beta-lactam	Resistant	3	mecA (mecA_BX571856)
ST152_id46016_005.fasta	linezolid	oxazolidinone	No resistance	0	
ST152_id46016_005.fasta	erythromycin	macrolide	No resistance	0	
ST152_id46016_005.fasta	vancomycin	glycopeptide	No resistance	0	
ST152_id46016_005.fasta	amikacin	aminoglycoside	No resistance	0	
ST152_id46016_005.fasta	clindamycin	lincosamide	No resistance	0	
ST152_id46016_005.fasta	mupirocin	pseudomonic acid	No resistance	0	
ST152_id46016_005.fasta	tobramycin	aminoglycoside	No resistance	0	
ST152_id46016_005.fasta	trimethoprim	folate pathway antagonist	No resistance	0	
ST152_id46016_005.fasta	fusidic acid	steroid antibacterial	No resistance	0	
ST152_id46016_005.fasta	spiramycin	macrolide	No resistance	0	
ST152_id46016_005.fasta	telithromycin	macrolide	No resistance	0	
ST152_id46016_005.fasta	tiamulin	pleuromutilin	No resistance	0	
ST152_id46016_005.fasta	fosfomycin	fosfomycin	No resistance	0	
ST152_id46016_005.fasta	gentamicin	aminoglycoside	No resistance	0	
ST152_id46016_005.fasta	quinupristin+dalfopristin	streptogramin a	No resistance	0	
ST152_id46016_005.fasta	chloramphenicol	amphenicol	Resistant	3	cat(pC221) (cat(pC221)_X02529)
ST152_id46016_005.fasta	sulfamethoxazole	folate pathway antagonist	No resistance	0	
ST152_id46016_005.fasta	teicoplanin	glycopeptide	No resistance	0	
ST152_id46016_005.fasta	ciprofloxacin	quinolone	No resistance	0	
ST152_id46016_005.fasta	penicillin	beta-lactam	Resistant	3	blaZ (blaZ_CP010941)
ST152_id46016_005.fasta	# WARNING: Features with unknown phenotype 
ST152_id46016_005.fasta	# Feature_ID	Region	Database	Hit	Class
ST152_id46016_005.fasta	grlB;;1;;CP026964.1_422_d_AA	grlB;;1;;CP026964.1			
ST152_id46017_0106EAR.fasta	# Sample: ST152_id46017_0106EAR.fasta
ST152_id46017_0106EAR.fasta	# 
ST152_id46017_0106EAR.fasta	# The phenotype 'No resistance' should be interpreted with
ST152_id46017_0106EAR.fasta	# caution, as it only means that nothing in the used
ST152_id46017_0106EAR.fasta	# database indicate resistance, but resistance could exist
ST152_id46017_0106EAR.fasta	# from 'unknown' or not yet implemented sources.
ST152_id46017_0106EAR.fasta	# 
ST152_id46017_0106EAR.fasta	# The 'Match' column stores one of the integers 0, 1, 2, 3.
ST152_id46017_0106EAR.fasta	#      0: No match found
ST152_id46017_0106EAR.fasta	#      1: Match < 100% ID AND match length < ref length
ST152_id46017_0106EAR.fasta	#      2: Match < 100% ID AND match length = ref length
ST152_id46017_0106EAR.fasta	#      3: Match = 100% ID AND match length = ref length
ST152_id46017_0106EAR.fasta	# If several hits causing the same resistance are found,
ST152_id46017_0106EAR.fasta	# the highest number will be stored in the 'Match' column.
ST152_id46017_0106EAR.fasta	# Antimicrobial	Class	WGS-predicted phenotype	Match	Genetic background
ST152_id46017_0106EAR.fasta	gentamicin	aminoglycoside	No resistance	0	
ST152_id46017_0106EAR.fasta	penicillin	beta-lactam	Resistant	3	blaZ (blaZ_CP010941)
ST152_id46017_0106EAR.fasta	teicoplanin	glycopeptide	No resistance	0	
ST152_id46017_0106EAR.fasta	spiramycin	macrolide	No resistance	0	
ST152_id46017_0106EAR.fasta	ciprofloxacin	quinolone	No resistance	0	
ST152_id46017_0106EAR.fasta	fusidic acid	steroid antibacterial	No resistance	0	
ST152_id46017_0106EAR.fasta	amikacin	aminoglycoside	No resistance	0	
ST152_id46017_0106EAR.fasta	clindamycin	lincosamide	No resistance	0	
ST152_id46017_0106EAR.fasta	fosfomycin	fosfomycin	No resistance	0	
ST152_id46017_0106EAR.fasta	linezolid	oxazolidinone	No resistance	0	
ST152_id46017_0106EAR.fasta	quinupristin+dalfopristin	streptogramin a	No resistance	0	
ST152_id46017_0106EAR.fasta	telithromycin	macrolide	No resistance	0	
ST152_id46017_0106EAR.fasta	cefoxitin	beta-lactam	No resistance	0	
ST152_id46017_0106EAR.fasta	mupirocin	pseudomonic acid	No resistance	0	
ST152_id46017_0106EAR.fasta	sulfamethoxazole	folate pathway antagonist	No resistance	0	
ST152_id46017_0106EAR.fasta	vancomycin	glycopeptide	No resistance	0	
ST152_id46017_0106EAR.fasta	tobramycin	aminoglycoside	No resistance	0	
ST152_id46017_0106EAR.fasta	erythromycin	macrolide	No resistance	0	
ST152_id46017_0106EAR.fasta	tetracycline	tetracycline	Resistant	3	tet(K) (tet(K)_U38656)
ST152_id46017_0106EAR.fasta	trimethoprim	folate pathway antagonist	No resistance	0	
ST152_id46017_0106EAR.fasta	tiamulin	pleuromutilin	No resistance	0	
ST152_id46017_0106EAR.fasta	chloramphenicol	amphenicol	Resistant	3	cat(pC221) (cat(pC221)_X02529)
ST152_id46017_0106EAR.fasta	# WARNING: Features with unknown phenotype 
ST152_id46017_0106EAR.fasta	# Feature_ID	Region	Database	Hit	Class
ST152_id46017_0106EAR.fasta	grlB;;1;;CP026964.1_422_d_AA	grlB;;1;;CP026964.1			
ST152_id46019_041.fasta	# Sample: ST152_id46019_041.fasta
ST152_id46019_041.fasta	# 
ST152_id46019_041.fasta	# The phenotype 'No resistance' should be interpreted with
ST152_id46019_041.fasta	# caution, as it only means that nothing in the used
ST152_id46019_041.fasta	# database indicate resistance, but resistance could exist
ST152_id46019_041.fasta	# from 'unknown' or not yet implemented sources.
ST152_id46019_041.fasta	# 
ST152_id46019_041.fasta	# The 'Match' column stores one of the integers 0, 1, 2, 3.
ST152_id46019_041.fasta	#      0: No match found
ST152_id46019_041.fasta	#      1: Match < 100% ID AND match length < ref length
ST152_id46019_041.fasta	#      2: Match < 100% ID AND match length = ref length
ST152_id46019_041.fasta	#      3: Match = 100% ID AND match length = ref length
ST152_id46019_041.fasta	# If several hits causing the same resistance are found,
ST152_id46019_041.fasta	# the highest number will be stored in the 'Match' column.
ST152_id46019_041.fasta	# Antimicrobial	Class	WGS-predicted phenotype	Match	Genetic background
ST152_id46019_041.fasta	trimethoprim	folate pathway antagonist	No resistance	0	
ST152_id46019_041.fasta	erythromycin	macrolide	No resistance	0	
ST152_id46019_041.fasta	ciprofloxacin	quinolone	Resistant	3	qnrD3 (qnrD3_KX130945)
ST152_id46019_041.fasta	tiamulin	pleuromutilin	No resistance	0	
ST152_id46019_041.fasta	vancomycin	glycopeptide	No resistance	0	
ST152_id46019_041.fasta	telithromycin	macrolide	No resistance	0	
ST152_id46019_041.fasta	tobramycin	aminoglycoside	No resistance	0	
ST152_id46019_041.fasta	teicoplanin	glycopeptide	No resistance	0	
ST152_id46019_041.fasta	fosfomycin	fosfomycin	No resistance	0	
ST152_id46019_041.fasta	gentamicin	aminoglycoside	No resistance	0	
ST152_id46019_041.fasta	sulfamethoxazole	folate pathway antagonist	No resistance	0	
ST152_id46019_041.fasta	clindamycin	lincosamide	No resistance	0	
ST152_id46019_041.fasta	mupirocin	pseudomonic acid	No resistance	0	
ST152_id46019_041.fasta	quinupristin+dalfopristin	streptogramin a	No resistance	0	
ST152_id46019_041.fasta	amikacin	aminoglycoside	No resistance	0	
ST152_id46019_041.fasta	penicillin	beta-lactam	Resistant	3	blaZ (blaZ_CP010941)
ST152_id46019_041.fasta	fusidic acid	steroid antibacterial	No resistance	0	
ST152_id46019_041.fasta	cefoxitin	beta-lactam	Resistant	3	mecA (mecA_BX571856)
ST152_id46019_041.fasta	spiramycin	macrolide	No resistance	0	
ST152_id46019_041.fasta	chloramphenicol	amphenicol	Resistant	3	cat(pC221) (cat(pC221)_X02529)
ST152_id46019_041.fasta	linezolid	oxazolidinone	No resistance	0	
ST152_id46019_041.fasta	tetracycline	tetracycline	No resistance	0	
ST152_id46019_041.fasta	# WARNING: Features with unknown phenotype 
ST152_id46019_041.fasta	# Feature_ID	Region	Database	Hit	Class
ST152_id46019_041.fasta	grlB;;1;;CP026964.1_422_d_AA	grlB;;1;;CP026964.1			
ST152_id46020_047.fasta	# Sample: ST152_id46020_047.fasta
ST152_id46020_047.fasta	# 
ST152_id46020_047.fasta	# The phenotype 'No resistance' should be interpreted with
ST152_id46020_047.fasta	# caution, as it only means that nothing in the used
ST152_id46020_047.fasta	# database indicate resistance, but resistance could exist
ST152_id46020_047.fasta	# from 'unknown' or not yet implemented sources.
ST152_id46020_047.fasta	# 
ST152_id46020_047.fasta	# The 'Match' column stores one of the integers 0, 1, 2, 3.
ST152_id46020_047.fasta	#      0: No match found
ST152_id46020_047.fasta	#      1: Match < 100% ID AND match length < ref length
ST152_id46020_047.fasta	#      2: Match < 100% ID AND match length = ref length
ST152_id46020_047.fasta	#      3: Match = 100% ID AND match length = ref length
ST152_id46020_047.fasta	# If several hits causing the same resistance are found,
ST152_id46020_047.fasta	# the highest number will be stored in the 'Match' column.
ST152_id46020_047.fasta	# Antimicrobial	Class	WGS-predicted phenotype	Match	Genetic background
ST152_id46020_047.fasta	ciprofloxacin	quinolone	No resistance	0	
ST152_id46020_047.fasta	amikacin	aminoglycoside	No resistance	0	
ST152_id46020_047.fasta	teicoplanin	glycopeptide	No resistance	0	
ST152_id46020_047.fasta	penicillin	beta-lactam	Resistant	3	blaZ (blaZ_CP010941)
ST152_id46020_047.fasta	vancomycin	glycopeptide	No resistance	0	
ST152_id46020_047.fasta	linezolid	oxazolidinone	No resistance	0	
ST152_id46020_047.fasta	mupirocin	pseudomonic acid	No resistance	0	
ST152_id46020_047.fasta	tiamulin	pleuromutilin	No resistance	0	
ST152_id46020_047.fasta	quinupristin+dalfopristin	streptogramin a	No resistance	0	
ST152_id46020_047.fasta	erythromycin	macrolide	No resistance	0	
ST152_id46020_047.fasta	gentamicin	aminoglycoside	No resistance	0	
ST152_id46020_047.fasta	spiramycin	macrolide	No resistance	0	
ST152_id46020_047.fasta	telithromycin	macrolide	No resistance	0	
ST152_id46020_047.fasta	clindamycin	lincosamide	No resistance	0	
ST152_id46020_047.fasta	sulfamethoxazole	folate pathway antagonist	No resistance	0	
ST152_id46020_047.fasta	chloramphenicol	amphenicol	Resistant	3	cat(pC221) (cat(pC221)_X02529)
ST152_id46020_047.fasta	trimethoprim	folate pathway antagonist	No resistance	0	
ST152_id46020_047.fasta	cefoxitin	beta-lactam	Resistant	3	mecA (mecA_BX571856)
ST152_id46020_047.fasta	tobramycin	aminoglycoside	No resistance	0	
ST152_id46020_047.fasta	fosfomycin	fosfomycin	No resistance	0	
ST152_id46020_047.fasta	tetracycline	tetracycline	No resistance	0	
ST152_id46020_047.fasta	fusidic acid	steroid antibacterial	No resistance	0	
ST152_id46020_047.fasta	# WARNING: Features with unknown phenotype 
ST152_id46020_047.fasta	# Feature_ID	Region	Database	Hit	Class
ST152_id46020_047.fasta	grlB;;1;;CP026964.1_422_d_AA	grlB;;1;;CP026964.1			
ST152_id46024_111.fasta	# Sample: ST152_id46024_111.fasta
ST152_id46024_111.fasta	# 
ST152_id46024_111.fasta	# The phenotype 'No resistance' should be interpreted with
ST152_id46024_111.fasta	# caution, as it only means that nothing in the used
ST152_id46024_111.fasta	# database indicate resistance, but resistance could exist
ST152_id46024_111.fasta	# from 'unknown' or not yet implemented sources.
ST152_id46024_111.fasta	# 
ST152_id46024_111.fasta	# The 'Match' column stores one of the integers 0, 1, 2, 3.
ST152_id46024_111.fasta	#      0: No match found
ST152_id46024_111.fasta	#      1: Match < 100% ID AND match length < ref length
ST152_id46024_111.fasta	#      2: Match < 100% ID AND match length = ref length
ST152_id46024_111.fasta	#      3: Match = 100% ID AND match length = ref length
ST152_id46024_111.fasta	# If several hits causing the same resistance are found,
ST152_id46024_111.fasta	# the highest number will be stored in the 'Match' column.
ST152_id46024_111.fasta	# Antimicrobial	Class	WGS-predicted phenotype	Match	Genetic background
ST152_id46024_111.fasta	fusidic acid	steroid antibacterial	No resistance	0	
ST152_id46024_111.fasta	telithromycin	macrolide	No resistance	0	
ST152_id46024_111.fasta	tobramycin	aminoglycoside	No resistance	0	
ST152_id46024_111.fasta	teicoplanin	glycopeptide	No resistance	0	
ST152_id46024_111.fasta	ciprofloxacin	quinolone	No resistance	0	
ST152_id46024_111.fasta	fosfomycin	fosfomycin	No resistance	0	
ST152_id46024_111.fasta	mupirocin	pseudomonic acid	No resistance	0	
ST152_id46024_111.fasta	cefoxitin	beta-lactam	Resistant	3	mecA (mecA_BX571856)
ST152_id46024_111.fasta	gentamicin	aminoglycoside	No resistance	0	
ST152_id46024_111.fasta	tiamulin	pleuromutilin	No resistance	0	
ST152_id46024_111.fasta	tetracycline	tetracycline	Resistant	3	tet(K) (tet(K)_U38656)
ST152_id46024_111.fasta	linezolid	oxazolidinone	No resistance	0	
ST152_id46024_111.fasta	quinupristin+dalfopristin	streptogramin a	No resistance	0	
ST152_id46024_111.fasta	penicillin	beta-lactam	Resistant	3	blaZ (blaZ_CP010941)
ST152_id46024_111.fasta	clindamycin	lincosamide	No resistance	0	
ST152_id46024_111.fasta	vancomycin	glycopeptide	No resistance	0	
ST152_id46024_111.fasta	sulfamethoxazole	folate pathway antagonist	No resistance	0	
ST152_id46024_111.fasta	spiramycin	macrolide	No resistance	0	
ST152_id46024_111.fasta	erythromycin	macrolide	No resistance	0	
ST152_id46024_111.fasta	trimethoprim	folate pathway antagonist	No resistance	0	
ST152_id46024_111.fasta	chloramphenicol	amphenicol	Resistant	3	cat(pC221) (cat(pC221)_X02529)
ST152_id46024_111.fasta	amikacin	aminoglycoside	No resistance	0	
ST152_id46024_111.fasta	# WARNING: Features with unknown phenotype 
ST152_id46024_111.fasta	# Feature_ID	Region	Database	Hit	Class
ST152_id46024_111.fasta	grlB;;1;;CP026964.1_422_d_AA	grlB;;1;;CP026964.1			
ST152_id46030_2133.fasta	# Sample: ST152_id46030_2133.fasta
ST152_id46030_2133.fasta	# 
ST152_id46030_2133.fasta	# The phenotype 'No resistance' should be interpreted with
ST152_id46030_2133.fasta	# caution, as it only means that nothing in the used
ST152_id46030_2133.fasta	# database indicate resistance, but resistance could exist
ST152_id46030_2133.fasta	# from 'unknown' or not yet implemented sources.
ST152_id46030_2133.fasta	# 
ST152_id46030_2133.fasta	# The 'Match' column stores one of the integers 0, 1, 2, 3.
ST152_id46030_2133.fasta	#      0: No match found
ST152_id46030_2133.fasta	#      1: Match < 100% ID AND match length < ref length
ST152_id46030_2133.fasta	#      2: Match < 100% ID AND match length = ref length
ST152_id46030_2133.fasta	#      3: Match = 100% ID AND match length = ref length
ST152_id46030_2133.fasta	# If several hits causing the same resistance are found,
ST152_id46030_2133.fasta	# the highest number will be stored in the 'Match' column.
ST152_id46030_2133.fasta	# Antimicrobial	Class	WGS-predicted phenotype	Match	Genetic background
ST152_id46030_2133.fasta	cefoxitin	beta-lactam	Resistant	3	mecA (mecA_BX571856)
ST152_id46030_2133.fasta	teicoplanin	glycopeptide	No resistance	0	
ST152_id46030_2133.fasta	gentamicin	aminoglycoside	No resistance	0	
ST152_id46030_2133.fasta	penicillin	beta-lactam	Resistant	3	blaZ (blaZ_CP010941)
ST152_id46030_2133.fasta	tobramycin	aminoglycoside	No resistance	0	
ST152_id46030_2133.fasta	trimethoprim	folate pathway antagonist	No resistance	0	
ST152_id46030_2133.fasta	spiramycin	macrolide	No resistance	0	
ST152_id46030_2133.fasta	amikacin	aminoglycoside	No resistance	0	
ST152_id46030_2133.fasta	erythromycin	macrolide	No resistance	0	
ST152_id46030_2133.fasta	quinupristin+dalfopristin	streptogramin a	No resistance	0	
ST152_id46030_2133.fasta	linezolid	oxazolidinone	No resistance	0	
ST152_id46030_2133.fasta	telithromycin	macrolide	No resistance	0	
ST152_id46030_2133.fasta	clindamycin	lincosamide	No resistance	0	
ST152_id46030_2133.fasta	vancomycin	glycopeptide	No resistance	0	
ST152_id46030_2133.fasta	ciprofloxacin	quinolone	No resistance	0	
ST152_id46030_2133.fasta	sulfamethoxazole	folate pathway antagonist	No resistance	0	
ST152_id46030_2133.fasta	fosfomycin	fosfomycin	No resistance	0	
ST152_id46030_2133.fasta	tetracycline	tetracycline	Resistant	3	tet(K) (tet(K)_U38656)
ST152_id46030_2133.fasta	mupirocin	pseudomonic acid	No resistance	0	
ST152_id46030_2133.fasta	tiamulin	pleuromutilin	No resistance	0	
ST152_id46030_2133.fasta	fusidic acid	steroid antibacterial	No resistance	0	
ST152_id46030_2133.fasta	chloramphenicol	amphenicol	Resistant	1	cat(pC221) (cat(pC221)_X02529)
ST152_id46030_2133.fasta	# WARNING: Features with unknown phenotype 
ST152_id46030_2133.fasta	# Feature_ID	Region	Database	Hit	Class
ST152_id46030_2133.fasta	grlB;;1;;CP026964.1_422_d_AA	grlB;;1;;CP026964.1			
ST152_id46031_224.fasta	# Sample: ST152_id46031_224.fasta
ST152_id46031_224.fasta	# 
ST152_id46031_224.fasta	# The phenotype 'No resistance' should be interpreted with
ST152_id46031_224.fasta	# caution, as it only means that nothing in the used
ST152_id46031_224.fasta	# database indicate resistance, but resistance could exist
ST152_id46031_224.fasta	# from 'unknown' or not yet implemented sources.
ST152_id46031_224.fasta	# 
ST152_id46031_224.fasta	# The 'Match' column stores one of the integers 0, 1, 2, 3.
ST152_id46031_224.fasta	#      0: No match found
ST152_id46031_224.fasta	#      1: Match < 100% ID AND match length < ref length
ST152_id46031_224.fasta	#      2: Match < 100% ID AND match length = ref length
ST152_id46031_224.fasta	#      3: Match = 100% ID AND match length = ref length
ST152_id46031_224.fasta	# If several hits causing the same resistance are found,
ST152_id46031_224.fasta	# the highest number will be stored in the 'Match' column.
ST152_id46031_224.fasta	# Antimicrobial	Class	WGS-predicted phenotype	Match	Genetic background
ST152_id46031_224.fasta	penicillin	beta-lactam	Resistant	3	blaZ (blaZ_CP010941)
ST152_id46031_224.fasta	tiamulin	pleuromutilin	No resistance	0	
ST152_id46031_224.fasta	fosfomycin	fosfomycin	No resistance	0	
ST152_id46031_224.fasta	teicoplanin	glycopeptide	No resistance	0	
ST152_id46031_224.fasta	cefoxitin	beta-lactam	Resistant	3	mecA (mecA_BX571856)
ST152_id46031_224.fasta	chloramphenicol	amphenicol	Resistant	3	cat(pC221) (cat(pC221)_X02529)
ST152_id46031_224.fasta	clindamycin	lincosamide	No resistance	0	
ST152_id46031_224.fasta	gentamicin	aminoglycoside	No resistance	0	
ST152_id46031_224.fasta	erythromycin	macrolide	No resistance	0	
ST152_id46031_224.fasta	fusidic acid	steroid antibacterial	No resistance	0	
ST152_id46031_224.fasta	linezolid	oxazolidinone	No resistance	0	
ST152_id46031_224.fasta	ciprofloxacin	quinolone	No resistance	0	
ST152_id46031_224.fasta	telithromycin	macrolide	No resistance	0	
ST152_id46031_224.fasta	vancomycin	glycopeptide	No resistance	0	
ST152_id46031_224.fasta	tetracycline	tetracycline	Resistant	3	tet(K) (tet(K)_U38656)
ST152_id46031_224.fasta	tobramycin	aminoglycoside	No resistance	0	
ST152_id46031_224.fasta	trimethoprim	folate pathway antagonist	No resistance	0	
ST152_id46031_224.fasta	spiramycin	macrolide	No resistance	0	
ST152_id46031_224.fasta	amikacin	aminoglycoside	No resistance	0	
ST152_id46031_224.fasta	quinupristin+dalfopristin	streptogramin a	No resistance	0	
ST152_id46031_224.fasta	sulfamethoxazole	folate pathway antagonist	No resistance	0	
ST152_id46031_224.fasta	mupirocin	pseudomonic acid	No resistance	0	
ST152_id46031_224.fasta	# WARNING: Features with unknown phenotype 
ST152_id46031_224.fasta	# Feature_ID	Region	Database	Hit	Class
ST152_id46031_224.fasta	grlB;;1;;CP026964.1_422_d_AA	grlB;;1;;CP026964.1			
ST152_id46032_237.fasta	# Sample: ST152_id46032_237.fasta
ST152_id46032_237.fasta	# 
ST152_id46032_237.fasta	# The phenotype 'No resistance' should be interpreted with
ST152_id46032_237.fasta	# caution, as it only means that nothing in the used
ST152_id46032_237.fasta	# database indicate resistance, but resistance could exist
ST152_id46032_237.fasta	# from 'unknown' or not yet implemented sources.
ST152_id46032_237.fasta	# 
ST152_id46032_237.fasta	# The 'Match' column stores one of the integers 0, 1, 2, 3.
ST152_id46032_237.fasta	#      0: No match found
ST152_id46032_237.fasta	#      1: Match < 100% ID AND match length < ref length
ST152_id46032_237.fasta	#      2: Match < 100% ID AND match length = ref length
ST152_id46032_237.fasta	#      3: Match = 100% ID AND match length = ref length
ST152_id46032_237.fasta	# If several hits causing the same resistance are found,
ST152_id46032_237.fasta	# the highest number will be stored in the 'Match' column.
ST152_id46032_237.fasta	# Antimicrobial	Class	WGS-predicted phenotype	Match	Genetic background
ST152_id46032_237.fasta	chloramphenicol	amphenicol	No resistance	0	
ST152_id46032_237.fasta	fosfomycin	fosfomycin	No resistance	0	
ST152_id46032_237.fasta	trimethoprim	folate pathway antagonist	No resistance	0	
ST152_id46032_237.fasta	fusidic acid	steroid antibacterial	No resistance	0	
ST152_id46032_237.fasta	vancomycin	glycopeptide	No resistance	0	
ST152_id46032_237.fasta	erythromycin	macrolide	No resistance	0	
ST152_id46032_237.fasta	cefoxitin	beta-lactam	Resistant	3	mecA (mecA_BX571856)
ST152_id46032_237.fasta	spiramycin	macrolide	No resistance	0	
ST152_id46032_237.fasta	tiamulin	pleuromutilin	No resistance	0	
ST152_id46032_237.fasta	mupirocin	pseudomonic acid	No resistance	0	
ST152_id46032_237.fasta	tetracycline	tetracycline	No resistance	0	
ST152_id46032_237.fasta	linezolid	oxazolidinone	No resistance	0	
ST152_id46032_237.fasta	clindamycin	lincosamide	No resistance	0	
ST152_id46032_237.fasta	penicillin	beta-lactam	Resistant	3	blaZ (blaZ_CP010941)
ST152_id46032_237.fasta	gentamicin	aminoglycoside	No resistance	0	
ST152_id46032_237.fasta	sulfamethoxazole	folate pathway antagonist	No resistance	0	
ST152_id46032_237.fasta	tobramycin	aminoglycoside	No resistance	0	
ST152_id46032_237.fasta	teicoplanin	glycopeptide	No resistance	0	
ST152_id46032_237.fasta	telithromycin	macrolide	No resistance	0	
ST152_id46032_237.fasta	amikacin	aminoglycoside	No resistance	0	
ST152_id46032_237.fasta	quinupristin+dalfopristin	streptogramin a	No resistance	0	
ST152_id46032_237.fasta	ciprofloxacin	quinolone	No resistance	0	
ST152_id46032_237.fasta	# WARNING: Features with unknown phenotype 
ST152_id46032_237.fasta	# Feature_ID	Region	Database	Hit	Class
ST152_id46032_237.fasta	grlB;;1;;CP026964.1_422_d_AA	grlB;;1;;CP026964.1			
ST152_id46036_3.fasta	# Sample: ST152_id46036_3.fasta
ST152_id46036_3.fasta	# 
ST152_id46036_3.fasta	# The phenotype 'No resistance' should be interpreted with
ST152_id46036_3.fasta	# caution, as it only means that nothing in the used
ST152_id46036_3.fasta	# database indicate resistance, but resistance could exist
ST152_id46036_3.fasta	# from 'unknown' or not yet implemented sources.
ST152_id46036_3.fasta	# 
ST152_id46036_3.fasta	# The 'Match' column stores one of the integers 0, 1, 2, 3.
ST152_id46036_3.fasta	#      0: No match found
ST152_id46036_3.fasta	#      1: Match < 100% ID AND match length < ref length
ST152_id46036_3.fasta	#      2: Match < 100% ID AND match length = ref length
ST152_id46036_3.fasta	#      3: Match = 100% ID AND match length = ref length
ST152_id46036_3.fasta	# If several hits causing the same resistance are found,
ST152_id46036_3.fasta	# the highest number will be stored in the 'Match' column.
ST152_id46036_3.fasta	# Antimicrobial	Class	WGS-predicted phenotype	Match	Genetic background
ST152_id46036_3.fasta	spiramycin	macrolide	No resistance	0	
ST152_id46036_3.fasta	sulfamethoxazole	folate pathway antagonist	No resistance	0	
ST152_id46036_3.fasta	amikacin	aminoglycoside	No resistance	0	
ST152_id46036_3.fasta	tobramycin	aminoglycoside	No resistance	0	
ST152_id46036_3.fasta	clindamycin	lincosamide	No resistance	0	
ST152_id46036_3.fasta	penicillin	beta-lactam	Resistant	3	blaZ (blaZ_CP010941)
ST152_id46036_3.fasta	teicoplanin	glycopeptide	No resistance	0	
ST152_id46036_3.fasta	erythromycin	macrolide	No resistance	0	
ST152_id46036_3.fasta	linezolid	oxazolidinone	No resistance	0	
ST152_id46036_3.fasta	fusidic acid	steroid antibacterial	No resistance	0	
ST152_id46036_3.fasta	tetracycline	tetracycline	Resistant	3	tet(K) (tet(K)_U38656)
ST152_id46036_3.fasta	quinupristin+dalfopristin	streptogramin a	No resistance	0	
ST152_id46036_3.fasta	ciprofloxacin	quinolone	No resistance	0	
ST152_id46036_3.fasta	trimethoprim	folate pathway antagonist	No resistance	0	
ST152_id46036_3.fasta	gentamicin	aminoglycoside	No resistance	0	
ST152_id46036_3.fasta	chloramphenicol	amphenicol	Resistant	3	cat(pC221) (cat(pC221)_X02529)
ST152_id46036_3.fasta	tiamulin	pleuromutilin	No resistance	0	
ST152_id46036_3.fasta	telithromycin	macrolide	No resistance	0	
ST152_id46036_3.fasta	mupirocin	pseudomonic acid	No resistance	0	
ST152_id46036_3.fasta	fosfomycin	fosfomycin	No resistance	0	
ST152_id46036_3.fasta	cefoxitin	beta-lactam	Resistant	3	mecA (mecA_BX571856)
ST152_id46036_3.fasta	vancomycin	glycopeptide	No resistance	0	
ST152_id46036_3.fasta	# WARNING: Features with unknown phenotype 
ST152_id46036_3.fasta	# Feature_ID	Region	Database	Hit	Class
ST152_id46036_3.fasta	grlB;;1;;CP026964.1_422_d_AA	grlB;;1;;CP026964.1			
ST152_id46038_4877.fasta	# Sample: ST152_id46038_4877.fasta
ST152_id46038_4877.fasta	# 
ST152_id46038_4877.fasta	# The phenotype 'No resistance' should be interpreted with
ST152_id46038_4877.fasta	# caution, as it only means that nothing in the used
ST152_id46038_4877.fasta	# database indicate resistance, but resistance could exist
ST152_id46038_4877.fasta	# from 'unknown' or not yet implemented sources.
ST152_id46038_4877.fasta	# 
ST152_id46038_4877.fasta	# The 'Match' column stores one of the integers 0, 1, 2, 3.
ST152_id46038_4877.fasta	#      0: No match found
ST152_id46038_4877.fasta	#      1: Match < 100% ID AND match length < ref length
ST152_id46038_4877.fasta	#      2: Match < 100% ID AND match length = ref length
ST152_id46038_4877.fasta	#      3: Match = 100% ID AND match length = ref length
ST152_id46038_4877.fasta	# If several hits causing the same resistance are found,
ST152_id46038_4877.fasta	# the highest number will be stored in the 'Match' column.
ST152_id46038_4877.fasta	# Antimicrobial	Class	WGS-predicted phenotype	Match	Genetic background
ST152_id46038_4877.fasta	teicoplanin	glycopeptide	No resistance	0	
ST152_id46038_4877.fasta	erythromycin	macrolide	No resistance	0	
ST152_id46038_4877.fasta	vancomycin	glycopeptide	No resistance	0	
ST152_id46038_4877.fasta	quinupristin+dalfopristin	streptogramin a	No resistance	0	
ST152_id46038_4877.fasta	tobramycin	aminoglycoside	No resistance	0	
ST152_id46038_4877.fasta	linezolid	oxazolidinone	No resistance	0	
ST152_id46038_4877.fasta	fusidic acid	steroid antibacterial	No resistance	0	
ST152_id46038_4877.fasta	fosfomycin	fosfomycin	No resistance	0	
ST152_id46038_4877.fasta	trimethoprim	folate pathway antagonist	No resistance	0	
ST152_id46038_4877.fasta	clindamycin	lincosamide	No resistance	0	
ST152_id46038_4877.fasta	telithromycin	macrolide	No resistance	0	
ST152_id46038_4877.fasta	tiamulin	pleuromutilin	No resistance	0	
ST152_id46038_4877.fasta	amikacin	aminoglycoside	No resistance	0	
ST152_id46038_4877.fasta	ciprofloxacin	quinolone	No resistance	0	
ST152_id46038_4877.fasta	tetracycline	tetracycline	Resistant	1	tet(K) (tet(K)_U38656)
ST152_id46038_4877.fasta	cefoxitin	beta-lactam	No resistance	0	
ST152_id46038_4877.fasta	penicillin	beta-lactam	Resistant	3	blaZ (blaZ_CP010941)
ST152_id46038_4877.fasta	gentamicin	aminoglycoside	No resistance	0	
ST152_id46038_4877.fasta	sulfamethoxazole	folate pathway antagonist	No resistance	0	
ST152_id46038_4877.fasta	mupirocin	pseudomonic acid	No resistance	0	
ST152_id46038_4877.fasta	chloramphenicol	amphenicol	No resistance	0	
ST152_id46038_4877.fasta	spiramycin	macrolide	No resistance	0	
ST152_id46038_4877.fasta	# WARNING: Features with unknown phenotype 
ST152_id46038_4877.fasta	# Feature_ID	Region	Database	Hit	Class
ST152_id46038_4877.fasta	grlB;;1;;CP026964.1_422_d_AA	grlB;;1;;CP026964.1			
ST152_id46039_4887.fasta	# Sample: ST152_id46039_4887.fasta
ST152_id46039_4887.fasta	# 
ST152_id46039_4887.fasta	# The phenotype 'No resistance' should be interpreted with
ST152_id46039_4887.fasta	# caution, as it only means that nothing in the used
ST152_id46039_4887.fasta	# database indicate resistance, but resistance could exist
ST152_id46039_4887.fasta	# from 'unknown' or not yet implemented sources.
ST152_id46039_4887.fasta	# 
ST152_id46039_4887.fasta	# The 'Match' column stores one of the integers 0, 1, 2, 3.
ST152_id46039_4887.fasta	#      0: No match found
ST152_id46039_4887.fasta	#      1: Match < 100% ID AND match length < ref length
ST152_id46039_4887.fasta	#      2: Match < 100% ID AND match length = ref length
ST152_id46039_4887.fasta	#      3: Match = 100% ID AND match length = ref length
ST152_id46039_4887.fasta	# If several hits causing the same resistance are found,
ST152_id46039_4887.fasta	# the highest number will be stored in the 'Match' column.
ST152_id46039_4887.fasta	# Antimicrobial	Class	WGS-predicted phenotype	Match	Genetic background
ST152_id46039_4887.fasta	trimethoprim	folate pathway antagonist	No resistance	0	
ST152_id46039_4887.fasta	telithromycin	macrolide	No resistance	0	
ST152_id46039_4887.fasta	clindamycin	lincosamide	No resistance	0	
ST152_id46039_4887.fasta	teicoplanin	glycopeptide	No resistance	0	
ST152_id46039_4887.fasta	tobramycin	aminoglycoside	No resistance	0	
ST152_id46039_4887.fasta	vancomycin	glycopeptide	No resistance	0	
ST152_id46039_4887.fasta	mupirocin	pseudomonic acid	No resistance	0	
ST152_id46039_4887.fasta	linezolid	oxazolidinone	No resistance	0	
ST152_id46039_4887.fasta	chloramphenicol	amphenicol	Resistant	3	cat(pC221) (cat(pC221)_X02529)
ST152_id46039_4887.fasta	erythromycin	macrolide	No resistance	0	
ST152_id46039_4887.fasta	quinupristin+dalfopristin	streptogramin a	No resistance	0	
ST152_id46039_4887.fasta	tiamulin	pleuromutilin	No resistance	0	
ST152_id46039_4887.fasta	amikacin	aminoglycoside	No resistance	0	
ST152_id46039_4887.fasta	ciprofloxacin	quinolone	No resistance	0	
ST152_id46039_4887.fasta	fusidic acid	steroid antibacterial	No resistance	0	
ST152_id46039_4887.fasta	tetracycline	tetracycline	No resistance	0	
ST152_id46039_4887.fasta	sulfamethoxazole	folate pathway antagonist	No resistance	0	
ST152_id46039_4887.fasta	gentamicin	aminoglycoside	No resistance	0	
ST152_id46039_4887.fasta	cefoxitin	beta-lactam	Resistant	3	mecA (mecA_BX571856)
ST152_id46039_4887.fasta	penicillin	beta-lactam	Resistant	3	blaZ (blaZ_CP010941)
ST152_id46039_4887.fasta	fosfomycin	fosfomycin	No resistance	0	
ST152_id46039_4887.fasta	spiramycin	macrolide	No resistance	0	
ST152_id46039_4887.fasta	# WARNING: Features with unknown phenotype 
ST152_id46039_4887.fasta	# Feature_ID	Region	Database	Hit	Class
ST152_id46039_4887.fasta	grlB;;1;;CP026964.1_422_d_AA	grlB;;1;;CP026964.1			
ST152_id46046_719.fasta	# Sample: ST152_id46046_719.fasta
ST152_id46046_719.fasta	# 
ST152_id46046_719.fasta	# The phenotype 'No resistance' should be interpreted with
ST152_id46046_719.fasta	# caution, as it only means that nothing in the used
ST152_id46046_719.fasta	# database indicate resistance, but resistance could exist
ST152_id46046_719.fasta	# from 'unknown' or not yet implemented sources.
ST152_id46046_719.fasta	# 
ST152_id46046_719.fasta	# The 'Match' column stores one of the integers 0, 1, 2, 3.
ST152_id46046_719.fasta	#      0: No match found
ST152_id46046_719.fasta	#      1: Match < 100% ID AND match length < ref length
ST152_id46046_719.fasta	#      2: Match < 100% ID AND match length = ref length
ST152_id46046_719.fasta	#      3: Match = 100% ID AND match length = ref length
ST152_id46046_719.fasta	# If several hits causing the same resistance are found,
ST152_id46046_719.fasta	# the highest number will be stored in the 'Match' column.
ST152_id46046_719.fasta	# Antimicrobial	Class	WGS-predicted phenotype	Match	Genetic background
ST152_id46046_719.fasta	erythromycin	macrolide	No resistance	0	
ST152_id46046_719.fasta	clindamycin	lincosamide	No resistance	0	
ST152_id46046_719.fasta	tiamulin	pleuromutilin	No resistance	0	
ST152_id46046_719.fasta	teicoplanin	glycopeptide	No resistance	0	
ST152_id46046_719.fasta	tobramycin	aminoglycoside	No resistance	0	
ST152_id46046_719.fasta	ciprofloxacin	quinolone	No resistance	0	
ST152_id46046_719.fasta	fosfomycin	fosfomycin	No resistance	0	
ST152_id46046_719.fasta	quinupristin+dalfopristin	streptogramin a	No resistance	0	
ST152_id46046_719.fasta	fusidic acid	steroid antibacterial	No resistance	0	
ST152_id46046_719.fasta	mupirocin	pseudomonic acid	No resistance	0	
ST152_id46046_719.fasta	gentamicin	aminoglycoside	No resistance	0	
ST152_id46046_719.fasta	vancomycin	glycopeptide	No resistance	0	
ST152_id46046_719.fasta	sulfamethoxazole	folate pathway antagonist	No resistance	0	
ST152_id46046_719.fasta	tetracycline	tetracycline	No resistance	0	
ST152_id46046_719.fasta	amikacin	aminoglycoside	No resistance	0	
ST152_id46046_719.fasta	spiramycin	macrolide	No resistance	0	
ST152_id46046_719.fasta	telithromycin	macrolide	No resistance	0	
ST152_id46046_719.fasta	linezolid	oxazolidinone	No resistance	0	
ST152_id46046_719.fasta	chloramphenicol	amphenicol	Resistant	3	cat(pC221) (cat(pC221)_X02529)
ST152_id46046_719.fasta	trimethoprim	folate pathway antagonist	No resistance	0	
ST152_id46046_719.fasta	penicillin	beta-lactam	Resistant	3	blaZ (blaZ_CP010941)
ST152_id46046_719.fasta	cefoxitin	beta-lactam	Resistant	3	mecA (mecA_BX571856)
ST152_id46046_719.fasta	# WARNING: Features with unknown phenotype 
ST152_id46046_719.fasta	# Feature_ID	Region	Database	Hit	Class
ST152_id46046_719.fasta	grlB;;1;;CP026964.1_422_d_AA	grlB;;1;;CP026964.1			
ST152_id46047_7450.fasta	# Sample: ST152_id46047_7450.fasta
ST152_id46047_7450.fasta	# 
ST152_id46047_7450.fasta	# The phenotype 'No resistance' should be interpreted with
ST152_id46047_7450.fasta	# caution, as it only means that nothing in the used
ST152_id46047_7450.fasta	# database indicate resistance, but resistance could exist
ST152_id46047_7450.fasta	# from 'unknown' or not yet implemented sources.
ST152_id46047_7450.fasta	# 
ST152_id46047_7450.fasta	# The 'Match' column stores one of the integers 0, 1, 2, 3.
ST152_id46047_7450.fasta	#      0: No match found
ST152_id46047_7450.fasta	#      1: Match < 100% ID AND match length < ref length
ST152_id46047_7450.fasta	#      2: Match < 100% ID AND match length = ref length
ST152_id46047_7450.fasta	#      3: Match = 100% ID AND match length = ref length
ST152_id46047_7450.fasta	# If several hits causing the same resistance are found,
ST152_id46047_7450.fasta	# the highest number will be stored in the 'Match' column.
ST152_id46047_7450.fasta	# Antimicrobial	Class	WGS-predicted phenotype	Match	Genetic background
ST152_id46047_7450.fasta	spiramycin	macrolide	No resistance	0	
ST152_id46047_7450.fasta	erythromycin	macrolide	No resistance	0	
ST152_id46047_7450.fasta	telithromycin	macrolide	No resistance	0	
ST152_id46047_7450.fasta	clindamycin	lincosamide	No resistance	0	
ST152_id46047_7450.fasta	vancomycin	glycopeptide	No resistance	0	
ST152_id46047_7450.fasta	teicoplanin	glycopeptide	No resistance	0	
ST152_id46047_7450.fasta	tetracycline	tetracycline	No resistance	0	
ST152_id46047_7450.fasta	amikacin	aminoglycoside	No resistance	0	
ST152_id46047_7450.fasta	trimethoprim	folate pathway antagonist	No resistance	0	
ST152_id46047_7450.fasta	ciprofloxacin	quinolone	No resistance	0	
ST152_id46047_7450.fasta	sulfamethoxazole	folate pathway antagonist	No resistance	0	
ST152_id46047_7450.fasta	quinupristin+dalfopristin	streptogramin a	No resistance	0	
ST152_id46047_7450.fasta	tiamulin	pleuromutilin	No resistance	0	
ST152_id46047_7450.fasta	chloramphenicol	amphenicol	Resistant	3	cat(pC221) (cat(pC221)_X02529)
ST152_id46047_7450.fasta	fusidic acid	steroid antibacterial	No resistance	0	
ST152_id46047_7450.fasta	linezolid	oxazolidinone	No resistance	0	
ST152_id46047_7450.fasta	tobramycin	aminoglycoside	No resistance	0	
ST152_id46047_7450.fasta	cefoxitin	beta-lactam	Resistant	3	mecA (mecA_BX571856)
ST152_id46047_7450.fasta	penicillin	beta-lactam	Resistant	3	blaZ (blaZ_CP010941)
ST152_id46047_7450.fasta	gentamicin	aminoglycoside	No resistance	0	
ST152_id46047_7450.fasta	mupirocin	pseudomonic acid	No resistance	0	
ST152_id46047_7450.fasta	fosfomycin	fosfomycin	No resistance	0	
ST152_id46047_7450.fasta	# WARNING: Features with unknown phenotype 
ST152_id46047_7450.fasta	# Feature_ID	Region	Database	Hit	Class
ST152_id46047_7450.fasta	grlB;;1;;CP026964.1_422_d_AA	grlB;;1;;CP026964.1			
ST152_id46048_8122B.fasta	# Sample: ST152_id46048_8122B.fasta
ST152_id46048_8122B.fasta	# 
ST152_id46048_8122B.fasta	# The phenotype 'No resistance' should be interpreted with
ST152_id46048_8122B.fasta	# caution, as it only means that nothing in the used
ST152_id46048_8122B.fasta	# database indicate resistance, but resistance could exist
ST152_id46048_8122B.fasta	# from 'unknown' or not yet implemented sources.
ST152_id46048_8122B.fasta	# 
ST152_id46048_8122B.fasta	# The 'Match' column stores one of the integers 0, 1, 2, 3.
ST152_id46048_8122B.fasta	#      0: No match found
ST152_id46048_8122B.fasta	#      1: Match < 100% ID AND match length < ref length
ST152_id46048_8122B.fasta	#      2: Match < 100% ID AND match length = ref length
ST152_id46048_8122B.fasta	#      3: Match = 100% ID AND match length = ref length
ST152_id46048_8122B.fasta	# If several hits causing the same resistance are found,
ST152_id46048_8122B.fasta	# the highest number will be stored in the 'Match' column.
ST152_id46048_8122B.fasta	# Antimicrobial	Class	WGS-predicted phenotype	Match	Genetic background
ST152_id46048_8122B.fasta	tiamulin	pleuromutilin	No resistance	0	
ST152_id46048_8122B.fasta	erythromycin	macrolide	No resistance	0	
ST152_id46048_8122B.fasta	sulfamethoxazole	folate pathway antagonist	No resistance	0	
ST152_id46048_8122B.fasta	fosfomycin	fosfomycin	No resistance	0	
ST152_id46048_8122B.fasta	penicillin	beta-lactam	Resistant	3	blaZ (blaZ_CP010941)
ST152_id46048_8122B.fasta	mupirocin	pseudomonic acid	No resistance	0	
ST152_id46048_8122B.fasta	spiramycin	macrolide	No resistance	0	
ST152_id46048_8122B.fasta	cefoxitin	beta-lactam	Resistant	3	mecA (mecA_BX571856)
ST152_id46048_8122B.fasta	telithromycin	macrolide	No resistance	0	
ST152_id46048_8122B.fasta	teicoplanin	glycopeptide	No resistance	0	
ST152_id46048_8122B.fasta	clindamycin	lincosamide	No resistance	0	
ST152_id46048_8122B.fasta	trimethoprim	folate pathway antagonist	No resistance	0	
ST152_id46048_8122B.fasta	amikacin	aminoglycoside	No resistance	0	
ST152_id46048_8122B.fasta	quinupristin+dalfopristin	streptogramin a	No resistance	0	
ST152_id46048_8122B.fasta	linezolid	oxazolidinone	No resistance	0	
ST152_id46048_8122B.fasta	fusidic acid	steroid antibacterial	No resistance	0	
ST152_id46048_8122B.fasta	vancomycin	glycopeptide	No resistance	0	
ST152_id46048_8122B.fasta	chloramphenicol	amphenicol	Resistant	3	cat(pC221) (cat(pC221)_X02529)
ST152_id46048_8122B.fasta	ciprofloxacin	quinolone	No resistance	0	
ST152_id46048_8122B.fasta	tobramycin	aminoglycoside	No resistance	0	
ST152_id46048_8122B.fasta	gentamicin	aminoglycoside	No resistance	0	
ST152_id46048_8122B.fasta	tetracycline	tetracycline	Resistant	1	tet(K) (tet(K)_U38656)
ST152_id46048_8122B.fasta	# WARNING: Features with unknown phenotype 
ST152_id46048_8122B.fasta	# Feature_ID	Region	Database	Hit	Class
ST152_id46048_8122B.fasta	grlB;;1;;CP026964.1_422_d_AA	grlB;;1;;CP026964.1			
ST152_id46052_97877.fasta	# Sample: ST152_id46052_97877.fasta
ST152_id46052_97877.fasta	# 
ST152_id46052_97877.fasta	# The phenotype 'No resistance' should be interpreted with
ST152_id46052_97877.fasta	# caution, as it only means that nothing in the used
ST152_id46052_97877.fasta	# database indicate resistance, but resistance could exist
ST152_id46052_97877.fasta	# from 'unknown' or not yet implemented sources.
ST152_id46052_97877.fasta	# 
ST152_id46052_97877.fasta	# The 'Match' column stores one of the integers 0, 1, 2, 3.
ST152_id46052_97877.fasta	#      0: No match found
ST152_id46052_97877.fasta	#      1: Match < 100% ID AND match length < ref length
ST152_id46052_97877.fasta	#      2: Match < 100% ID AND match length = ref length
ST152_id46052_97877.fasta	#      3: Match = 100% ID AND match length = ref length
ST152_id46052_97877.fasta	# If several hits causing the same resistance are found,
ST152_id46052_97877.fasta	# the highest number will be stored in the 'Match' column.
ST152_id46052_97877.fasta	# Antimicrobial	Class	WGS-predicted phenotype	Match	Genetic background
ST152_id46052_97877.fasta	erythromycin	macrolide	No resistance	0	
ST152_id46052_97877.fasta	quinupristin+dalfopristin	streptogramin a	No resistance	0	
ST152_id46052_97877.fasta	gentamicin	aminoglycoside	No resistance	0	
ST152_id46052_97877.fasta	ciprofloxacin	quinolone	No resistance	0	
ST152_id46052_97877.fasta	telithromycin	macrolide	No resistance	0	
ST152_id46052_97877.fasta	linezolid	oxazolidinone	No resistance	0	
ST152_id46052_97877.fasta	tetracycline	tetracycline	No resistance	0	
ST152_id46052_97877.fasta	tobramycin	aminoglycoside	No resistance	0	
ST152_id46052_97877.fasta	trimethoprim	folate pathway antagonist	No resistance	0	
ST152_id46052_97877.fasta	amikacin	aminoglycoside	No resistance	0	
ST152_id46052_97877.fasta	fusidic acid	steroid antibacterial	No resistance	0	
ST152_id46052_97877.fasta	cefoxitin	beta-lactam	Resistant	3	mecA (mecA_BX571856)
ST152_id46052_97877.fasta	clindamycin	lincosamide	No resistance	0	
ST152_id46052_97877.fasta	tiamulin	pleuromutilin	No resistance	0	
ST152_id46052_97877.fasta	teicoplanin	glycopeptide	No resistance	0	
ST152_id46052_97877.fasta	sulfamethoxazole	folate pathway antagonist	No resistance	0	
ST152_id46052_97877.fasta	vancomycin	glycopeptide	No resistance	0	
ST152_id46052_97877.fasta	penicillin	beta-lactam	Resistant	3	blaZ (blaZ_CP010941)
ST152_id46052_97877.fasta	spiramycin	macrolide	No resistance	0	
ST152_id46052_97877.fasta	chloramphenicol	amphenicol	Resistant	3	cat(pC221) (cat(pC221)_X02529)
ST152_id46052_97877.fasta	fosfomycin	fosfomycin	No resistance	0	
ST152_id46052_97877.fasta	mupirocin	pseudomonic acid	No resistance	0	
ST152_id46052_97877.fasta	# WARNING: Features with unknown phenotype 
ST152_id46052_97877.fasta	# Feature_ID	Region	Database	Hit	Class
ST152_id46052_97877.fasta	grlB;;1;;CP026964.1_422_d_AA	grlB;;1;;CP026964.1			
ST152_id46054_AAB3625.fasta	# Sample: ST152_id46054_AAB3625.fasta
ST152_id46054_AAB3625.fasta	# 
ST152_id46054_AAB3625.fasta	# The phenotype 'No resistance' should be interpreted with
ST152_id46054_AAB3625.fasta	# caution, as it only means that nothing in the used
ST152_id46054_AAB3625.fasta	# database indicate resistance, but resistance could exist
ST152_id46054_AAB3625.fasta	# from 'unknown' or not yet implemented sources.
ST152_id46054_AAB3625.fasta	# 
ST152_id46054_AAB3625.fasta	# The 'Match' column stores one of the integers 0, 1, 2, 3.
ST152_id46054_AAB3625.fasta	#      0: No match found
ST152_id46054_AAB3625.fasta	#      1: Match < 100% ID AND match length < ref length
ST152_id46054_AAB3625.fasta	#      2: Match < 100% ID AND match length = ref length
ST152_id46054_AAB3625.fasta	#      3: Match = 100% ID AND match length = ref length
ST152_id46054_AAB3625.fasta	# If several hits causing the same resistance are found,
ST152_id46054_AAB3625.fasta	# the highest number will be stored in the 'Match' column.
ST152_id46054_AAB3625.fasta	# Antimicrobial	Class	WGS-predicted phenotype	Match	Genetic background
ST152_id46054_AAB3625.fasta	penicillin	beta-lactam	Resistant	3	blaZ (blaZ_CP010941)
ST152_id46054_AAB3625.fasta	gentamicin	aminoglycoside	No resistance	0	
ST152_id46054_AAB3625.fasta	vancomycin	glycopeptide	No resistance	0	
ST152_id46054_AAB3625.fasta	tiamulin	pleuromutilin	No resistance	0	
ST152_id46054_AAB3625.fasta	ciprofloxacin	quinolone	No resistance	0	
ST152_id46054_AAB3625.fasta	mupirocin	pseudomonic acid	No resistance	0	
ST152_id46054_AAB3625.fasta	amikacin	aminoglycoside	No resistance	0	
ST152_id46054_AAB3625.fasta	linezolid	oxazolidinone	No resistance	0	
ST152_id46054_AAB3625.fasta	tobramycin	aminoglycoside	No resistance	0	
ST152_id46054_AAB3625.fasta	cefoxitin	beta-lactam	Resistant	3	mecA (mecA_BX571856)
ST152_id46054_AAB3625.fasta	teicoplanin	glycopeptide	No resistance	0	
ST152_id46054_AAB3625.fasta	clindamycin	lincosamide	No resistance	0	
ST152_id46054_AAB3625.fasta	tetracycline	tetracycline	No resistance	0	
ST152_id46054_AAB3625.fasta	telithromycin	macrolide	No resistance	0	
ST152_id46054_AAB3625.fasta	fusidic acid	steroid antibacterial	No resistance	0	
ST152_id46054_AAB3625.fasta	erythromycin	macrolide	No resistance	0	
ST152_id46054_AAB3625.fasta	spiramycin	macrolide	No resistance	0	
ST152_id46054_AAB3625.fasta	trimethoprim	folate pathway antagonist	No resistance	0	
ST152_id46054_AAB3625.fasta	quinupristin+dalfopristin	streptogramin a	No resistance	0	
ST152_id46054_AAB3625.fasta	chloramphenicol	amphenicol	No resistance	0	
ST152_id46054_AAB3625.fasta	sulfamethoxazole	folate pathway antagonist	No resistance	0	
ST152_id46054_AAB3625.fasta	fosfomycin	fosfomycin	No resistance	0	
ST152_id46054_AAB3625.fasta	# WARNING: Features with unknown phenotype 
ST152_id46054_AAB3625.fasta	# Feature_ID	Region	Database	Hit	Class
ST152_id46054_AAB3625.fasta	grlB;;1;;CP026964.1_422_d_AA	grlB;;1;;CP026964.1			
ST152_id46055_AAB6669.fasta	# Sample: ST152_id46055_AAB6669.fasta
ST152_id46055_AAB6669.fasta	# 
ST152_id46055_AAB6669.fasta	# The phenotype 'No resistance' should be interpreted with
ST152_id46055_AAB6669.fasta	# caution, as it only means that nothing in the used
ST152_id46055_AAB6669.fasta	# database indicate resistance, but resistance could exist
ST152_id46055_AAB6669.fasta	# from 'unknown' or not yet implemented sources.
ST152_id46055_AAB6669.fasta	# 
ST152_id46055_AAB6669.fasta	# The 'Match' column stores one of the integers 0, 1, 2, 3.
ST152_id46055_AAB6669.fasta	#      0: No match found
ST152_id46055_AAB6669.fasta	#      1: Match < 100% ID AND match length < ref length
ST152_id46055_AAB6669.fasta	#      2: Match < 100% ID AND match length = ref length
ST152_id46055_AAB6669.fasta	#      3: Match = 100% ID AND match length = ref length
ST152_id46055_AAB6669.fasta	# If several hits causing the same resistance are found,
ST152_id46055_AAB6669.fasta	# the highest number will be stored in the 'Match' column.
ST152_id46055_AAB6669.fasta	# Antimicrobial	Class	WGS-predicted phenotype	Match	Genetic background
ST152_id46055_AAB6669.fasta	linezolid	oxazolidinone	No resistance	0	
ST152_id46055_AAB6669.fasta	cefoxitin	beta-lactam	Resistant	3	mecA (mecA_BX571856)
ST152_id46055_AAB6669.fasta	chloramphenicol	amphenicol	Resistant	3	cat(pC221) (cat(pC221)_X02529)
ST152_id46055_AAB6669.fasta	telithromycin	macrolide	No resistance	0	
ST152_id46055_AAB6669.fasta	ciprofloxacin	quinolone	No resistance	0	
ST152_id46055_AAB6669.fasta	gentamicin	aminoglycoside	No resistance	0	
ST152_id46055_AAB6669.fasta	spiramycin	macrolide	No resistance	0	
ST152_id46055_AAB6669.fasta	fusidic acid	steroid antibacterial	No resistance	0	
ST152_id46055_AAB6669.fasta	erythromycin	macrolide	No resistance	0	
ST152_id46055_AAB6669.fasta	tetracycline	tetracycline	Resistant	3	tet(K) (tet(K)_U38656)
ST152_id46055_AAB6669.fasta	amikacin	aminoglycoside	No resistance	0	
ST152_id46055_AAB6669.fasta	mupirocin	pseudomonic acid	No resistance	0	
ST152_id46055_AAB6669.fasta	tobramycin	aminoglycoside	No resistance	0	
ST152_id46055_AAB6669.fasta	tiamulin	pleuromutilin	No resistance	0	
ST152_id46055_AAB6669.fasta	fosfomycin	fosfomycin	No resistance	0	
ST152_id46055_AAB6669.fasta	trimethoprim	folate pathway antagonist	No resistance	0	
ST152_id46055_AAB6669.fasta	penicillin	beta-lactam	Resistant	3	blaZ (blaZ_CP010941)
ST152_id46055_AAB6669.fasta	quinupristin+dalfopristin	streptogramin a	No resistance	0	
ST152_id46055_AAB6669.fasta	teicoplanin	glycopeptide	No resistance	0	
ST152_id46055_AAB6669.fasta	vancomycin	glycopeptide	No resistance	0	
ST152_id46055_AAB6669.fasta	sulfamethoxazole	folate pathway antagonist	No resistance	0	
ST152_id46055_AAB6669.fasta	clindamycin	lincosamide	No resistance	0	
ST152_id46055_AAB6669.fasta	# WARNING: Features with unknown phenotype 
ST152_id46055_AAB6669.fasta	# Feature_ID	Region	Database	Hit	Class
ST152_id46055_AAB6669.fasta	grlB;;1;;CP026964.1_422_d_AA	grlB;;1;;CP026964.1			
ST152_id46056_AAD9642.fasta	# Sample: ST152_id46056_AAD9642.fasta
ST152_id46056_AAD9642.fasta	# 
ST152_id46056_AAD9642.fasta	# The phenotype 'No resistance' should be interpreted with
ST152_id46056_AAD9642.fasta	# caution, as it only means that nothing in the used
ST152_id46056_AAD9642.fasta	# database indicate resistance, but resistance could exist
ST152_id46056_AAD9642.fasta	# from 'unknown' or not yet implemented sources.
ST152_id46056_AAD9642.fasta	# 
ST152_id46056_AAD9642.fasta	# The 'Match' column stores one of the integers 0, 1, 2, 3.
ST152_id46056_AAD9642.fasta	#      0: No match found
ST152_id46056_AAD9642.fasta	#      1: Match < 100% ID AND match length < ref length
ST152_id46056_AAD9642.fasta	#      2: Match < 100% ID AND match length = ref length
ST152_id46056_AAD9642.fasta	#      3: Match = 100% ID AND match length = ref length
ST152_id46056_AAD9642.fasta	# If several hits causing the same resistance are found,
ST152_id46056_AAD9642.fasta	# the highest number will be stored in the 'Match' column.
ST152_id46056_AAD9642.fasta	# Antimicrobial	Class	WGS-predicted phenotype	Match	Genetic background
ST152_id46056_AAD9642.fasta	clindamycin	lincosamide	No resistance	0	
ST152_id46056_AAD9642.fasta	teicoplanin	glycopeptide	No resistance	0	
ST152_id46056_AAD9642.fasta	fosfomycin	fosfomycin	No resistance	0	
ST152_id46056_AAD9642.fasta	fusidic acid	steroid antibacterial	No resistance	0	
ST152_id46056_AAD9642.fasta	linezolid	oxazolidinone	No resistance	0	
ST152_id46056_AAD9642.fasta	tobramycin	aminoglycoside	No resistance	0	
ST152_id46056_AAD9642.fasta	penicillin	beta-lactam	Resistant	1	blaZ (blaZ_FMOK01000003), blaZ (blaZ_CP010941), blaZ (blaZ_NZ_CAVU010000015), blaZ (blaZ_AP004832), blaZ (blaZ_NZ_ALWE01000009), blaZ (blaZ_FQPO01000005), blaZ (blaZ_NZ_FHDT01000016), blaZ (blaZ_FHDH01000010), blaZ (blaZ_NZ_AZBT01000050)
ST152_id46056_AAD9642.fasta	ciprofloxacin	quinolone	No resistance	0	
ST152_id46056_AAD9642.fasta	tetracycline	tetracycline	No resistance	0	
ST152_id46056_AAD9642.fasta	erythromycin	macrolide	No resistance	0	
ST152_id46056_AAD9642.fasta	tiamulin	pleuromutilin	No resistance	0	
ST152_id46056_AAD9642.fasta	amikacin	aminoglycoside	No resistance	0	
ST152_id46056_AAD9642.fasta	gentamicin	aminoglycoside	No resistance	0	
ST152_id46056_AAD9642.fasta	mupirocin	pseudomonic acid	No resistance	0	
ST152_id46056_AAD9642.fasta	chloramphenicol	amphenicol	No resistance	0	
ST152_id46056_AAD9642.fasta	cefoxitin	beta-lactam	No resistance	0	
ST152_id46056_AAD9642.fasta	telithromycin	macrolide	No resistance	0	
ST152_id46056_AAD9642.fasta	quinupristin+dalfopristin	streptogramin a	No resistance	0	
ST152_id46056_AAD9642.fasta	spiramycin	macrolide	No resistance	0	
ST152_id46056_AAD9642.fasta	trimethoprim	folate pathway antagonist	No resistance	0	
ST152_id46056_AAD9642.fasta	sulfamethoxazole	folate pathway antagonist	No resistance	0	
ST152_id46056_AAD9642.fasta	vancomycin	glycopeptide	No resistance	0	
ST152_id46056_AAD9642.fasta	# WARNING: Features with unknown phenotype 
ST152_id46056_AAD9642.fasta	# Feature_ID	Region	Database	Hit	Class
ST152_id46056_AAD9642.fasta	grlB;;1;;CP026964.1_422_d_AA	grlB;;1;;CP026964.1			
ST152_id46058_AAE5707.fasta	# Sample: ST152_id46058_AAE5707.fasta
ST152_id46058_AAE5707.fasta	# 
ST152_id46058_AAE5707.fasta	# The phenotype 'No resistance' should be interpreted with
ST152_id46058_AAE5707.fasta	# caution, as it only means that nothing in the used
ST152_id46058_AAE5707.fasta	# database indicate resistance, but resistance could exist
ST152_id46058_AAE5707.fasta	# from 'unknown' or not yet implemented sources.
ST152_id46058_AAE5707.fasta	# 
ST152_id46058_AAE5707.fasta	# The 'Match' column stores one of the integers 0, 1, 2, 3.
ST152_id46058_AAE5707.fasta	#      0: No match found
ST152_id46058_AAE5707.fasta	#      1: Match < 100% ID AND match length < ref length
ST152_id46058_AAE5707.fasta	#      2: Match < 100% ID AND match length = ref length
ST152_id46058_AAE5707.fasta	#      3: Match = 100% ID AND match length = ref length
ST152_id46058_AAE5707.fasta	# If several hits causing the same resistance are found,
ST152_id46058_AAE5707.fasta	# the highest number will be stored in the 'Match' column.
ST152_id46058_AAE5707.fasta	# Antimicrobial	Class	WGS-predicted phenotype	Match	Genetic background
ST152_id46058_AAE5707.fasta	clindamycin	lincosamide	No resistance	0	
ST152_id46058_AAE5707.fasta	teicoplanin	glycopeptide	No resistance	0	
ST152_id46058_AAE5707.fasta	tobramycin	aminoglycoside	No resistance	0	
ST152_id46058_AAE5707.fasta	quinupristin+dalfopristin	streptogramin a	No resistance	0	
ST152_id46058_AAE5707.fasta	telithromycin	macrolide	No resistance	0	
ST152_id46058_AAE5707.fasta	tetracycline	tetracycline	Resistant	2	tet(K) (tet(K)_J01764)
ST152_id46058_AAE5707.fasta	gentamicin	aminoglycoside	No resistance	0	
ST152_id46058_AAE5707.fasta	erythromycin	macrolide	No resistance	0	
ST152_id46058_AAE5707.fasta	ciprofloxacin	quinolone	No resistance	0	
ST152_id46058_AAE5707.fasta	spiramycin	macrolide	No resistance	0	
ST152_id46058_AAE5707.fasta	amikacin	aminoglycoside	No resistance	0	
ST152_id46058_AAE5707.fasta	mupirocin	pseudomonic acid	No resistance	0	
ST152_id46058_AAE5707.fasta	chloramphenicol	amphenicol	Resistant	1	cat(pC221) (cat(pC221)_X02529)
ST152_id46058_AAE5707.fasta	tiamulin	pleuromutilin	No resistance	0	
ST152_id46058_AAE5707.fasta	fosfomycin	fosfomycin	No resistance	0	
ST152_id46058_AAE5707.fasta	sulfamethoxazole	folate pathway antagonist	No resistance	0	
ST152_id46058_AAE5707.fasta	penicillin	beta-lactam	Resistant	3	blaZ (blaZ_CP010941)
ST152_id46058_AAE5707.fasta	vancomycin	glycopeptide	No resistance	0	
ST152_id46058_AAE5707.fasta	fusidic acid	steroid antibacterial	No resistance	0	
ST152_id46058_AAE5707.fasta	cefoxitin	beta-lactam	Resistant	3	mecA (mecA_BX571856)
ST152_id46058_AAE5707.fasta	trimethoprim	folate pathway antagonist	No resistance	0	
ST152_id46058_AAE5707.fasta	linezolid	oxazolidinone	No resistance	0	
ST152_id46058_AAE5707.fasta	# WARNING: Features with unknown phenotype 
ST152_id46058_AAE5707.fasta	# Feature_ID	Region	Database	Hit	Class
ST152_id46058_AAE5707.fasta	grlB;;1;;CP026964.1_422_d_AA	grlB;;1;;CP026964.1			
ST152_id46059_AAF0093.fasta	# Sample: ST152_id46059_AAF0093.fasta
ST152_id46059_AAF0093.fasta	# 
ST152_id46059_AAF0093.fasta	# The phenotype 'No resistance' should be interpreted with
ST152_id46059_AAF0093.fasta	# caution, as it only means that nothing in the used
ST152_id46059_AAF0093.fasta	# database indicate resistance, but resistance could exist
ST152_id46059_AAF0093.fasta	# from 'unknown' or not yet implemented sources.
ST152_id46059_AAF0093.fasta	# 
ST152_id46059_AAF0093.fasta	# The 'Match' column stores one of the integers 0, 1, 2, 3.
ST152_id46059_AAF0093.fasta	#      0: No match found
ST152_id46059_AAF0093.fasta	#      1: Match < 100% ID AND match length < ref length
ST152_id46059_AAF0093.fasta	#      2: Match < 100% ID AND match length = ref length
ST152_id46059_AAF0093.fasta	#      3: Match = 100% ID AND match length = ref length
ST152_id46059_AAF0093.fasta	# If several hits causing the same resistance are found,
ST152_id46059_AAF0093.fasta	# the highest number will be stored in the 'Match' column.
ST152_id46059_AAF0093.fasta	# Antimicrobial	Class	WGS-predicted phenotype	Match	Genetic background
ST152_id46059_AAF0093.fasta	amikacin	aminoglycoside	No resistance	0	
ST152_id46059_AAF0093.fasta	ciprofloxacin	quinolone	No resistance	0	
ST152_id46059_AAF0093.fasta	sulfamethoxazole	folate pathway antagonist	No resistance	0	
ST152_id46059_AAF0093.fasta	erythromycin	macrolide	No resistance	0	
ST152_id46059_AAF0093.fasta	tiamulin	pleuromutilin	No resistance	0	
ST152_id46059_AAF0093.fasta	telithromycin	macrolide	No resistance	0	
ST152_id46059_AAF0093.fasta	fosfomycin	fosfomycin	No resistance	0	
ST152_id46059_AAF0093.fasta	linezolid	oxazolidinone	No resistance	0	
ST152_id46059_AAF0093.fasta	quinupristin+dalfopristin	streptogramin a	No resistance	0	
ST152_id46059_AAF0093.fasta	tobramycin	aminoglycoside	No resistance	0	
ST152_id46059_AAF0093.fasta	chloramphenicol	amphenicol	No resistance	0	
ST152_id46059_AAF0093.fasta	cefoxitin	beta-lactam	Resistant	3	mecA (mecA_BX571856)
ST152_id46059_AAF0093.fasta	gentamicin	aminoglycoside	No resistance	0	
ST152_id46059_AAF0093.fasta	fusidic acid	steroid antibacterial	No resistance	0	
ST152_id46059_AAF0093.fasta	mupirocin	pseudomonic acid	No resistance	0	
ST152_id46059_AAF0093.fasta	teicoplanin	glycopeptide	No resistance	0	
ST152_id46059_AAF0093.fasta	clindamycin	lincosamide	No resistance	0	
ST152_id46059_AAF0093.fasta	trimethoprim	folate pathway antagonist	No resistance	0	
ST152_id46059_AAF0093.fasta	spiramycin	macrolide	No resistance	0	
ST152_id46059_AAF0093.fasta	vancomycin	glycopeptide	No resistance	0	
ST152_id46059_AAF0093.fasta	tetracycline	tetracycline	No resistance	0	
ST152_id46059_AAF0093.fasta	penicillin	beta-lactam	Resistant	3	blaZ (blaZ_CP010941)
ST152_id46059_AAF0093.fasta	# WARNING: Features with unknown phenotype 
ST152_id46059_AAF0093.fasta	# Feature_ID	Region	Database	Hit	Class
ST152_id46059_AAF0093.fasta	grlB;;1;;CP026964.1_422_d_AA	grlB;;1;;CP026964.1			
ST152_id46060_AAF490.fasta	# Sample: ST152_id46060_AAF490.fasta
ST152_id46060_AAF490.fasta	# 
ST152_id46060_AAF490.fasta	# The phenotype 'No resistance' should be interpreted with
ST152_id46060_AAF490.fasta	# caution, as it only means that nothing in the used
ST152_id46060_AAF490.fasta	# database indicate resistance, but resistance could exist
ST152_id46060_AAF490.fasta	# from 'unknown' or not yet implemented sources.
ST152_id46060_AAF490.fasta	# 
ST152_id46060_AAF490.fasta	# The 'Match' column stores one of the integers 0, 1, 2, 3.
ST152_id46060_AAF490.fasta	#      0: No match found
ST152_id46060_AAF490.fasta	#      1: Match < 100% ID AND match length < ref length
ST152_id46060_AAF490.fasta	#      2: Match < 100% ID AND match length = ref length
ST152_id46060_AAF490.fasta	#      3: Match = 100% ID AND match length = ref length
ST152_id46060_AAF490.fasta	# If several hits causing the same resistance are found,
ST152_id46060_AAF490.fasta	# the highest number will be stored in the 'Match' column.
ST152_id46060_AAF490.fasta	# Antimicrobial	Class	WGS-predicted phenotype	Match	Genetic background
ST152_id46060_AAF490.fasta	tetracycline	tetracycline	No resistance	0	
ST152_id46060_AAF490.fasta	tiamulin	pleuromutilin	No resistance	0	
ST152_id46060_AAF490.fasta	teicoplanin	glycopeptide	No resistance	0	
ST152_id46060_AAF490.fasta	fusidic acid	steroid antibacterial	No resistance	0	
ST152_id46060_AAF490.fasta	cefoxitin	beta-lactam	No resistance	0	
ST152_id46060_AAF490.fasta	tobramycin	aminoglycoside	No resistance	0	
ST152_id46060_AAF490.fasta	gentamicin	aminoglycoside	No resistance	0	
ST152_id46060_AAF490.fasta	erythromycin	macrolide	No resistance	0	
ST152_id46060_AAF490.fasta	fosfomycin	fosfomycin	No resistance	0	
ST152_id46060_AAF490.fasta	penicillin	beta-lactam	Resistant	3	blaZ (blaZ_CP010941)
ST152_id46060_AAF490.fasta	telithromycin	macrolide	No resistance	0	
ST152_id46060_AAF490.fasta	sulfamethoxazole	folate pathway antagonist	No resistance	0	
ST152_id46060_AAF490.fasta	spiramycin	macrolide	No resistance	0	
ST152_id46060_AAF490.fasta	vancomycin	glycopeptide	No resistance	0	
ST152_id46060_AAF490.fasta	quinupristin+dalfopristin	streptogramin a	No resistance	0	
ST152_id46060_AAF490.fasta	mupirocin	pseudomonic acid	No resistance	0	
ST152_id46060_AAF490.fasta	amikacin	aminoglycoside	No resistance	0	
ST152_id46060_AAF490.fasta	chloramphenicol	amphenicol	No resistance	0	
ST152_id46060_AAF490.fasta	linezolid	oxazolidinone	No resistance	0	
ST152_id46060_AAF490.fasta	clindamycin	lincosamide	No resistance	0	
ST152_id46060_AAF490.fasta	trimethoprim	folate pathway antagonist	No resistance	0	
ST152_id46060_AAF490.fasta	ciprofloxacin	quinolone	No resistance	0	
ST152_id46060_AAF490.fasta	# WARNING: Features with unknown phenotype 
ST152_id46060_AAF490.fasta	# Feature_ID	Region	Database	Hit	Class
ST152_id46060_AAF490.fasta	grlB;;1;;CP026964.1_422_d_AA	grlB;;1;;CP026964.1			
ST152_id46064_AAG0106.fasta	# Sample: ST152_id46064_AAG0106.fasta
ST152_id46064_AAG0106.fasta	# 
ST152_id46064_AAG0106.fasta	# The phenotype 'No resistance' should be interpreted with
ST152_id46064_AAG0106.fasta	# caution, as it only means that nothing in the used
ST152_id46064_AAG0106.fasta	# database indicate resistance, but resistance could exist
ST152_id46064_AAG0106.fasta	# from 'unknown' or not yet implemented sources.
ST152_id46064_AAG0106.fasta	# 
ST152_id46064_AAG0106.fasta	# The 'Match' column stores one of the integers 0, 1, 2, 3.
ST152_id46064_AAG0106.fasta	#      0: No match found
ST152_id46064_AAG0106.fasta	#      1: Match < 100% ID AND match length < ref length
ST152_id46064_AAG0106.fasta	#      2: Match < 100% ID AND match length = ref length
ST152_id46064_AAG0106.fasta	#      3: Match = 100% ID AND match length = ref length
ST152_id46064_AAG0106.fasta	# If several hits causing the same resistance are found,
ST152_id46064_AAG0106.fasta	# the highest number will be stored in the 'Match' column.
ST152_id46064_AAG0106.fasta	# Antimicrobial	Class	WGS-predicted phenotype	Match	Genetic background
ST152_id46064_AAG0106.fasta	cefoxitin	beta-lactam	Resistant	3	mecA (mecA_BX571856)
ST152_id46064_AAG0106.fasta	vancomycin	glycopeptide	No resistance	0	
ST152_id46064_AAG0106.fasta	quinupristin+dalfopristin	streptogramin a	No resistance	0	
ST152_id46064_AAG0106.fasta	tiamulin	pleuromutilin	No resistance	0	
ST152_id46064_AAG0106.fasta	chloramphenicol	amphenicol	Resistant	3	cat(pC221) (cat(pC221)_X02529)
ST152_id46064_AAG0106.fasta	spiramycin	macrolide	No resistance	0	
ST152_id46064_AAG0106.fasta	sulfamethoxazole	folate pathway antagonist	No resistance	0	
ST152_id46064_AAG0106.fasta	penicillin	beta-lactam	Resistant	3	blaZ (blaZ_CP010941)
ST152_id46064_AAG0106.fasta	fusidic acid	steroid antibacterial	No resistance	0	
ST152_id46064_AAG0106.fasta	tetracycline	tetracycline	No resistance	0	
ST152_id46064_AAG0106.fasta	fosfomycin	fosfomycin	No resistance	0	
ST152_id46064_AAG0106.fasta	linezolid	oxazolidinone	No resistance	0	
ST152_id46064_AAG0106.fasta	telithromycin	macrolide	No resistance	0	
ST152_id46064_AAG0106.fasta	clindamycin	lincosamide	No resistance	0	
ST152_id46064_AAG0106.fasta	amikacin	aminoglycoside	No resistance	0	
ST152_id46064_AAG0106.fasta	trimethoprim	folate pathway antagonist	No resistance	0	
ST152_id46064_AAG0106.fasta	tobramycin	aminoglycoside	No resistance	0	
ST152_id46064_AAG0106.fasta	ciprofloxacin	quinolone	No resistance	0	
ST152_id46064_AAG0106.fasta	teicoplanin	glycopeptide	No resistance	0	
ST152_id46064_AAG0106.fasta	erythromycin	macrolide	No resistance	0	
ST152_id46064_AAG0106.fasta	gentamicin	aminoglycoside	No resistance	0	
ST152_id46064_AAG0106.fasta	mupirocin	pseudomonic acid	No resistance	0	
ST152_id46064_AAG0106.fasta	# WARNING: Features with unknown phenotype 
ST152_id46064_AAG0106.fasta	# Feature_ID	Region	Database	Hit	Class
ST152_id46064_AAG0106.fasta	grlB;;1;;CP026964.1_422_d_AA	grlB;;1;;CP026964.1			
ST152_id46065_AAG1683.fasta	# Sample: ST152_id46065_AAG1683.fasta
ST152_id46065_AAG1683.fasta	# 
ST152_id46065_AAG1683.fasta	# The phenotype 'No resistance' should be interpreted with
ST152_id46065_AAG1683.fasta	# caution, as it only means that nothing in the used
ST152_id46065_AAG1683.fasta	# database indicate resistance, but resistance could exist
ST152_id46065_AAG1683.fasta	# from 'unknown' or not yet implemented sources.
ST152_id46065_AAG1683.fasta	# 
ST152_id46065_AAG1683.fasta	# The 'Match' column stores one of the integers 0, 1, 2, 3.
ST152_id46065_AAG1683.fasta	#      0: No match found
ST152_id46065_AAG1683.fasta	#      1: Match < 100% ID AND match length < ref length
ST152_id46065_AAG1683.fasta	#      2: Match < 100% ID AND match length = ref length
ST152_id46065_AAG1683.fasta	#      3: Match = 100% ID AND match length = ref length
ST152_id46065_AAG1683.fasta	# If several hits causing the same resistance are found,
ST152_id46065_AAG1683.fasta	# the highest number will be stored in the 'Match' column.
ST152_id46065_AAG1683.fasta	# Antimicrobial	Class	WGS-predicted phenotype	Match	Genetic background
ST152_id46065_AAG1683.fasta	vancomycin	glycopeptide	No resistance	0	
ST152_id46065_AAG1683.fasta	sulfamethoxazole	folate pathway antagonist	No resistance	0	
ST152_id46065_AAG1683.fasta	clindamycin	lincosamide	No resistance	0	
ST152_id46065_AAG1683.fasta	erythromycin	macrolide	No resistance	0	
ST152_id46065_AAG1683.fasta	ciprofloxacin	quinolone	No resistance	0	
ST152_id46065_AAG1683.fasta	fosfomycin	fosfomycin	No resistance	0	
ST152_id46065_AAG1683.fasta	amikacin	aminoglycoside	No resistance	0	
ST152_id46065_AAG1683.fasta	tiamulin	pleuromutilin	No resistance	0	
ST152_id46065_AAG1683.fasta	gentamicin	aminoglycoside	No resistance	0	
ST152_id46065_AAG1683.fasta	spiramycin	macrolide	No resistance	0	
ST152_id46065_AAG1683.fasta	penicillin	beta-lactam	Resistant	3	blaZ (blaZ_CP010941)
ST152_id46065_AAG1683.fasta	fusidic acid	steroid antibacterial	No resistance	0	
ST152_id46065_AAG1683.fasta	quinupristin+dalfopristin	streptogramin a	No resistance	0	
ST152_id46065_AAG1683.fasta	telithromycin	macrolide	No resistance	0	
ST152_id46065_AAG1683.fasta	tobramycin	aminoglycoside	No resistance	0	
ST152_id46065_AAG1683.fasta	chloramphenicol	amphenicol	Resistant	3	cat(pC221) (cat(pC221)_X02529)
ST152_id46065_AAG1683.fasta	cefoxitin	beta-lactam	Resistant	3	mecA (mecA_BX571856)
ST152_id46065_AAG1683.fasta	teicoplanin	glycopeptide	No resistance	0	
ST152_id46065_AAG1683.fasta	tetracycline	tetracycline	No resistance	0	
ST152_id46065_AAG1683.fasta	trimethoprim	folate pathway antagonist	No resistance	0	
ST152_id46065_AAG1683.fasta	linezolid	oxazolidinone	No resistance	0	
ST152_id46065_AAG1683.fasta	mupirocin	pseudomonic acid	No resistance	0	
ST152_id46065_AAG1683.fasta	# WARNING: Features with unknown phenotype 
ST152_id46065_AAG1683.fasta	# Feature_ID	Region	Database	Hit	Class
ST152_id46065_AAG1683.fasta	grlB;;1;;CP026964.1_422_d_AA	grlB;;1;;CP026964.1			
ST152_id46068_AAG5197.fasta	# Sample: ST152_id46068_AAG5197.fasta
ST152_id46068_AAG5197.fasta	# 
ST152_id46068_AAG5197.fasta	# The phenotype 'No resistance' should be interpreted with
ST152_id46068_AAG5197.fasta	# caution, as it only means that nothing in the used
ST152_id46068_AAG5197.fasta	# database indicate resistance, but resistance could exist
ST152_id46068_AAG5197.fasta	# from 'unknown' or not yet implemented sources.
ST152_id46068_AAG5197.fasta	# 
ST152_id46068_AAG5197.fasta	# The 'Match' column stores one of the integers 0, 1, 2, 3.
ST152_id46068_AAG5197.fasta	#      0: No match found
ST152_id46068_AAG5197.fasta	#      1: Match < 100% ID AND match length < ref length
ST152_id46068_AAG5197.fasta	#      2: Match < 100% ID AND match length = ref length
ST152_id46068_AAG5197.fasta	#      3: Match = 100% ID AND match length = ref length
ST152_id46068_AAG5197.fasta	# If several hits causing the same resistance are found,
ST152_id46068_AAG5197.fasta	# the highest number will be stored in the 'Match' column.
ST152_id46068_AAG5197.fasta	# Antimicrobial	Class	WGS-predicted phenotype	Match	Genetic background
ST152_id46068_AAG5197.fasta	mupirocin	pseudomonic acid	No resistance	0	
ST152_id46068_AAG5197.fasta	fosfomycin	fosfomycin	No resistance	0	
ST152_id46068_AAG5197.fasta	sulfamethoxazole	folate pathway antagonist	No resistance	0	
ST152_id46068_AAG5197.fasta	gentamicin	aminoglycoside	No resistance	0	
ST152_id46068_AAG5197.fasta	amikacin	aminoglycoside	No resistance	0	
ST152_id46068_AAG5197.fasta	quinupristin+dalfopristin	streptogramin a	No resistance	0	
ST152_id46068_AAG5197.fasta	clindamycin	lincosamide	No resistance	0	
ST152_id46068_AAG5197.fasta	teicoplanin	glycopeptide	No resistance	0	
ST152_id46068_AAG5197.fasta	erythromycin	macrolide	No resistance	0	
ST152_id46068_AAG5197.fasta	trimethoprim	folate pathway antagonist	No resistance	0	
ST152_id46068_AAG5197.fasta	linezolid	oxazolidinone	No resistance	0	
ST152_id46068_AAG5197.fasta	chloramphenicol	amphenicol	Resistant	3	cat(pC221) (cat(pC221)_X02529)
ST152_id46068_AAG5197.fasta	tiamulin	pleuromutilin	No resistance	0	
ST152_id46068_AAG5197.fasta	tetracycline	tetracycline	No resistance	0	
ST152_id46068_AAG5197.fasta	spiramycin	macrolide	No resistance	0	
ST152_id46068_AAG5197.fasta	ciprofloxacin	quinolone	No resistance	0	
ST152_id46068_AAG5197.fasta	tobramycin	aminoglycoside	No resistance	0	
ST152_id46068_AAG5197.fasta	cefoxitin	beta-lactam	Resistant	3	mecA (mecA_BX571856)
ST152_id46068_AAG5197.fasta	fusidic acid	steroid antibacterial	No resistance	0	
ST152_id46068_AAG5197.fasta	telithromycin	macrolide	No resistance	0	
ST152_id46068_AAG5197.fasta	vancomycin	glycopeptide	No resistance	0	
ST152_id46068_AAG5197.fasta	penicillin	beta-lactam	Resistant	3	blaZ (blaZ_CP010941)
ST152_id46068_AAG5197.fasta	# WARNING: Features with unknown phenotype 
ST152_id46068_AAG5197.fasta	# Feature_ID	Region	Database	Hit	Class
ST152_id46068_AAG5197.fasta	grlB;;1;;CP026964.1_422_d_AA	grlB;;1;;CP026964.1			
ST152_id46069_AAG6052.fasta	# Sample: ST152_id46069_AAG6052.fasta
ST152_id46069_AAG6052.fasta	# 
ST152_id46069_AAG6052.fasta	# The phenotype 'No resistance' should be interpreted with
ST152_id46069_AAG6052.fasta	# caution, as it only means that nothing in the used
ST152_id46069_AAG6052.fasta	# database indicate resistance, but resistance could exist
ST152_id46069_AAG6052.fasta	# from 'unknown' or not yet implemented sources.
ST152_id46069_AAG6052.fasta	# 
ST152_id46069_AAG6052.fasta	# The 'Match' column stores one of the integers 0, 1, 2, 3.
ST152_id46069_AAG6052.fasta	#      0: No match found
ST152_id46069_AAG6052.fasta	#      1: Match < 100% ID AND match length < ref length
ST152_id46069_AAG6052.fasta	#      2: Match < 100% ID AND match length = ref length
ST152_id46069_AAG6052.fasta	#      3: Match = 100% ID AND match length = ref length
ST152_id46069_AAG6052.fasta	# If several hits causing the same resistance are found,
ST152_id46069_AAG6052.fasta	# the highest number will be stored in the 'Match' column.
ST152_id46069_AAG6052.fasta	# Antimicrobial	Class	WGS-predicted phenotype	Match	Genetic background
ST152_id46069_AAG6052.fasta	vancomycin	glycopeptide	No resistance	0	
ST152_id46069_AAG6052.fasta	quinupristin+dalfopristin	streptogramin a	No resistance	0	
ST152_id46069_AAG6052.fasta	telithromycin	macrolide	No resistance	0	
ST152_id46069_AAG6052.fasta	fosfomycin	fosfomycin	No resistance	0	
ST152_id46069_AAG6052.fasta	amikacin	aminoglycoside	No resistance	0	
ST152_id46069_AAG6052.fasta	linezolid	oxazolidinone	No resistance	0	
ST152_id46069_AAG6052.fasta	ciprofloxacin	quinolone	No resistance	0	
ST152_id46069_AAG6052.fasta	erythromycin	macrolide	No resistance	0	
ST152_id46069_AAG6052.fasta	mupirocin	pseudomonic acid	No resistance	0	
ST152_id46069_AAG6052.fasta	chloramphenicol	amphenicol	No resistance	0	
ST152_id46069_AAG6052.fasta	cefoxitin	beta-lactam	No resistance	0	
ST152_id46069_AAG6052.fasta	tetracycline	tetracycline	No resistance	0	
ST152_id46069_AAG6052.fasta	tiamulin	pleuromutilin	No resistance	0	
ST152_id46069_AAG6052.fasta	sulfamethoxazole	folate pathway antagonist	No resistance	0	
ST152_id46069_AAG6052.fasta	trimethoprim	folate pathway antagonist	No resistance	0	
ST152_id46069_AAG6052.fasta	gentamicin	aminoglycoside	No resistance	0	
ST152_id46069_AAG6052.fasta	penicillin	beta-lactam	Resistant	3	blaZ (blaZ_CP010941)
ST152_id46069_AAG6052.fasta	spiramycin	macrolide	No resistance	0	
ST152_id46069_AAG6052.fasta	fusidic acid	steroid antibacterial	No resistance	0	
ST152_id46069_AAG6052.fasta	teicoplanin	glycopeptide	No resistance	0	
ST152_id46069_AAG6052.fasta	tobramycin	aminoglycoside	No resistance	0	
ST152_id46069_AAG6052.fasta	clindamycin	lincosamide	No resistance	0	
ST152_id46069_AAG6052.fasta	# WARNING: Features with unknown phenotype 
ST152_id46069_AAG6052.fasta	# Feature_ID	Region	Database	Hit	Class
ST152_id46069_AAG6052.fasta	grlB;;1;;CP026964.1_422_d_AA	grlB;;1;;CP026964.1			
ST152_id46070_AAO.fasta	# Sample: ST152_id46070_AAO.fasta
ST152_id46070_AAO.fasta	# 
ST152_id46070_AAO.fasta	# The phenotype 'No resistance' should be interpreted with
ST152_id46070_AAO.fasta	# caution, as it only means that nothing in the used
ST152_id46070_AAO.fasta	# database indicate resistance, but resistance could exist
ST152_id46070_AAO.fasta	# from 'unknown' or not yet implemented sources.
ST152_id46070_AAO.fasta	# 
ST152_id46070_AAO.fasta	# The 'Match' column stores one of the integers 0, 1, 2, 3.
ST152_id46070_AAO.fasta	#      0: No match found
ST152_id46070_AAO.fasta	#      1: Match < 100% ID AND match length < ref length
ST152_id46070_AAO.fasta	#      2: Match < 100% ID AND match length = ref length
ST152_id46070_AAO.fasta	#      3: Match = 100% ID AND match length = ref length
ST152_id46070_AAO.fasta	# If several hits causing the same resistance are found,
ST152_id46070_AAO.fasta	# the highest number will be stored in the 'Match' column.
ST152_id46070_AAO.fasta	# Antimicrobial	Class	WGS-predicted phenotype	Match	Genetic background
ST152_id46070_AAO.fasta	amikacin	aminoglycoside	No resistance	0	
ST152_id46070_AAO.fasta	telithromycin	macrolide	No resistance	0	
ST152_id46070_AAO.fasta	cefoxitin	beta-lactam	Resistant	3	mecA (mecA_BX571856)
ST152_id46070_AAO.fasta	fusidic acid	steroid antibacterial	No resistance	0	
ST152_id46070_AAO.fasta	trimethoprim	folate pathway antagonist	No resistance	0	
ST152_id46070_AAO.fasta	clindamycin	lincosamide	No resistance	0	
ST152_id46070_AAO.fasta	teicoplanin	glycopeptide	No resistance	0	
ST152_id46070_AAO.fasta	mupirocin	pseudomonic acid	No resistance	0	
ST152_id46070_AAO.fasta	tobramycin	aminoglycoside	No resistance	0	
ST152_id46070_AAO.fasta	tiamulin	pleuromutilin	No resistance	0	
ST152_id46070_AAO.fasta	chloramphenicol	amphenicol	Resistant	3	cat(pC221) (cat(pC221)_X02529)
ST152_id46070_AAO.fasta	fosfomycin	fosfomycin	No resistance	0	
ST152_id46070_AAO.fasta	penicillin	beta-lactam	Resistant	3	blaZ (blaZ_CP010941)
ST152_id46070_AAO.fasta	ciprofloxacin	quinolone	No resistance	0	
ST152_id46070_AAO.fasta	spiramycin	macrolide	No resistance	0	
ST152_id46070_AAO.fasta	erythromycin	macrolide	No resistance	0	
ST152_id46070_AAO.fasta	sulfamethoxazole	folate pathway antagonist	No resistance	0	
ST152_id46070_AAO.fasta	vancomycin	glycopeptide	No resistance	0	
ST152_id46070_AAO.fasta	linezolid	oxazolidinone	No resistance	0	
ST152_id46070_AAO.fasta	gentamicin	aminoglycoside	No resistance	0	
ST152_id46070_AAO.fasta	tetracycline	tetracycline	Resistant	2	tet(K) (tet(K)_J01764)
ST152_id46070_AAO.fasta	quinupristin+dalfopristin	streptogramin a	No resistance	0	
ST152_id46070_AAO.fasta	# WARNING: Features with unknown phenotype 
ST152_id46070_AAO.fasta	# Feature_ID	Region	Database	Hit	Class
ST152_id46070_AAO.fasta	grlB;;1;;CP026964.1_422_d_AA	grlB;;1;;CP026964.1			
ST152_id46072_ABB1391.fasta	# Sample: ST152_id46072_ABB1391.fasta
ST152_id46072_ABB1391.fasta	# 
ST152_id46072_ABB1391.fasta	# The phenotype 'No resistance' should be interpreted with
ST152_id46072_ABB1391.fasta	# caution, as it only means that nothing in the used
ST152_id46072_ABB1391.fasta	# database indicate resistance, but resistance could exist
ST152_id46072_ABB1391.fasta	# from 'unknown' or not yet implemented sources.
ST152_id46072_ABB1391.fasta	# 
ST152_id46072_ABB1391.fasta	# The 'Match' column stores one of the integers 0, 1, 2, 3.
ST152_id46072_ABB1391.fasta	#      0: No match found
ST152_id46072_ABB1391.fasta	#      1: Match < 100% ID AND match length < ref length
ST152_id46072_ABB1391.fasta	#      2: Match < 100% ID AND match length = ref length
ST152_id46072_ABB1391.fasta	#      3: Match = 100% ID AND match length = ref length
ST152_id46072_ABB1391.fasta	# If several hits causing the same resistance are found,
ST152_id46072_ABB1391.fasta	# the highest number will be stored in the 'Match' column.
ST152_id46072_ABB1391.fasta	# Antimicrobial	Class	WGS-predicted phenotype	Match	Genetic background
ST152_id46072_ABB1391.fasta	tetracycline	tetracycline	No resistance	0	
ST152_id46072_ABB1391.fasta	quinupristin+dalfopristin	streptogramin a	No resistance	0	
ST152_id46072_ABB1391.fasta	vancomycin	glycopeptide	No resistance	0	
ST152_id46072_ABB1391.fasta	chloramphenicol	amphenicol	Resistant	3	cat(pC221) (cat(pC221)_X02529)
ST152_id46072_ABB1391.fasta	teicoplanin	glycopeptide	No resistance	0	
ST152_id46072_ABB1391.fasta	clindamycin	lincosamide	No resistance	0	
ST152_id46072_ABB1391.fasta	mupirocin	pseudomonic acid	No resistance	0	
ST152_id46072_ABB1391.fasta	cefoxitin	beta-lactam	Resistant	3	mecA (mecA_BX571856)
ST152_id46072_ABB1391.fasta	erythromycin	macrolide	No resistance	0	
ST152_id46072_ABB1391.fasta	fusidic acid	steroid antibacterial	No resistance	0	
ST152_id46072_ABB1391.fasta	gentamicin	aminoglycoside	No resistance	0	
ST152_id46072_ABB1391.fasta	spiramycin	macrolide	No resistance	0	
ST152_id46072_ABB1391.fasta	tobramycin	aminoglycoside	No resistance	0	
ST152_id46072_ABB1391.fasta	trimethoprim	folate pathway antagonist	No resistance	0	
ST152_id46072_ABB1391.fasta	fosfomycin	fosfomycin	No resistance	0	
ST152_id46072_ABB1391.fasta	sulfamethoxazole	folate pathway antagonist	No resistance	0	
ST152_id46072_ABB1391.fasta	amikacin	aminoglycoside	No resistance	0	
ST152_id46072_ABB1391.fasta	telithromycin	macrolide	No resistance	0	
ST152_id46072_ABB1391.fasta	ciprofloxacin	quinolone	No resistance	0	
ST152_id46072_ABB1391.fasta	penicillin	beta-lactam	Resistant	3	blaZ (blaZ_CP010941)
ST152_id46072_ABB1391.fasta	linezolid	oxazolidinone	No resistance	0	
ST152_id46072_ABB1391.fasta	tiamulin	pleuromutilin	No resistance	0	
ST152_id46072_ABB1391.fasta	# WARNING: Features with unknown phenotype 
ST152_id46072_ABB1391.fasta	# Feature_ID	Region	Database	Hit	Class
ST152_id46072_ABB1391.fasta	grlB;;1;;CP026964.1_422_d_AA	grlB;;1;;CP026964.1			
ST152_id46073_ABE4195.fasta	# Sample: ST152_id46073_ABE4195.fasta
ST152_id46073_ABE4195.fasta	# 
ST152_id46073_ABE4195.fasta	# The phenotype 'No resistance' should be interpreted with
ST152_id46073_ABE4195.fasta	# caution, as it only means that nothing in the used
ST152_id46073_ABE4195.fasta	# database indicate resistance, but resistance could exist
ST152_id46073_ABE4195.fasta	# from 'unknown' or not yet implemented sources.
ST152_id46073_ABE4195.fasta	# 
ST152_id46073_ABE4195.fasta	# The 'Match' column stores one of the integers 0, 1, 2, 3.
ST152_id46073_ABE4195.fasta	#      0: No match found
ST152_id46073_ABE4195.fasta	#      1: Match < 100% ID AND match length < ref length
ST152_id46073_ABE4195.fasta	#      2: Match < 100% ID AND match length = ref length
ST152_id46073_ABE4195.fasta	#      3: Match = 100% ID AND match length = ref length
ST152_id46073_ABE4195.fasta	# If several hits causing the same resistance are found,
ST152_id46073_ABE4195.fasta	# the highest number will be stored in the 'Match' column.
ST152_id46073_ABE4195.fasta	# Antimicrobial	Class	WGS-predicted phenotype	Match	Genetic background
ST152_id46073_ABE4195.fasta	trimethoprim	folate pathway antagonist	No resistance	0	
ST152_id46073_ABE4195.fasta	spiramycin	macrolide	No resistance	0	
ST152_id46073_ABE4195.fasta	tobramycin	aminoglycoside	No resistance	0	
ST152_id46073_ABE4195.fasta	telithromycin	macrolide	No resistance	0	
ST152_id46073_ABE4195.fasta	cefoxitin	beta-lactam	Resistant	3	mecA (mecA_BX571856)
ST152_id46073_ABE4195.fasta	erythromycin	macrolide	No resistance	0	
ST152_id46073_ABE4195.fasta	clindamycin	lincosamide	No resistance	0	
ST152_id46073_ABE4195.fasta	amikacin	aminoglycoside	No resistance	0	
ST152_id46073_ABE4195.fasta	sulfamethoxazole	folate pathway antagonist	No resistance	0	
ST152_id46073_ABE4195.fasta	chloramphenicol	amphenicol	Resistant	3	cat(pC221) (cat(pC221)_X02529)
ST152_id46073_ABE4195.fasta	linezolid	oxazolidinone	No resistance	0	
ST152_id46073_ABE4195.fasta	gentamicin	aminoglycoside	No resistance	0	
ST152_id46073_ABE4195.fasta	teicoplanin	glycopeptide	No resistance	0	
ST152_id46073_ABE4195.fasta	tetracycline	tetracycline	No resistance	0	
ST152_id46073_ABE4195.fasta	tiamulin	pleuromutilin	No resistance	0	
ST152_id46073_ABE4195.fasta	fusidic acid	steroid antibacterial	No resistance	0	
ST152_id46073_ABE4195.fasta	penicillin	beta-lactam	Resistant	3	blaZ (blaZ_CP010941)
ST152_id46073_ABE4195.fasta	mupirocin	pseudomonic acid	No resistance	0	
ST152_id46073_ABE4195.fasta	quinupristin+dalfopristin	streptogramin a	No resistance	0	
ST152_id46073_ABE4195.fasta	ciprofloxacin	quinolone	No resistance	0	
ST152_id46073_ABE4195.fasta	fosfomycin	fosfomycin	No resistance	0	
ST152_id46073_ABE4195.fasta	vancomycin	glycopeptide	No resistance	0	
ST152_id46073_ABE4195.fasta	# WARNING: Features with unknown phenotype 
ST152_id46073_ABE4195.fasta	# Feature_ID	Region	Database	Hit	Class
ST152_id46073_ABE4195.fasta	grlB;;1;;CP026964.1_422_d_AA	grlB;;1;;CP026964.1			
ST152_id46074_ABE4195.fasta	# Sample: ST152_id46074_ABE4195.fasta
ST152_id46074_ABE4195.fasta	# 
ST152_id46074_ABE4195.fasta	# The phenotype 'No resistance' should be interpreted with
ST152_id46074_ABE4195.fasta	# caution, as it only means that nothing in the used
ST152_id46074_ABE4195.fasta	# database indicate resistance, but resistance could exist
ST152_id46074_ABE4195.fasta	# from 'unknown' or not yet implemented sources.
ST152_id46074_ABE4195.fasta	# 
ST152_id46074_ABE4195.fasta	# The 'Match' column stores one of the integers 0, 1, 2, 3.
ST152_id46074_ABE4195.fasta	#      0: No match found
ST152_id46074_ABE4195.fasta	#      1: Match < 100% ID AND match length < ref length
ST152_id46074_ABE4195.fasta	#      2: Match < 100% ID AND match length = ref length
ST152_id46074_ABE4195.fasta	#      3: Match = 100% ID AND match length = ref length
ST152_id46074_ABE4195.fasta	# If several hits causing the same resistance are found,
ST152_id46074_ABE4195.fasta	# the highest number will be stored in the 'Match' column.
ST152_id46074_ABE4195.fasta	# Antimicrobial	Class	WGS-predicted phenotype	Match	Genetic background
ST152_id46074_ABE4195.fasta	chloramphenicol	amphenicol	Resistant	3	cat(pC221) (cat(pC221)_X02529)
ST152_id46074_ABE4195.fasta	linezolid	oxazolidinone	No resistance	0	
ST152_id46074_ABE4195.fasta	erythromycin	macrolide	No resistance	0	
ST152_id46074_ABE4195.fasta	gentamicin	aminoglycoside	No resistance	0	
ST152_id46074_ABE4195.fasta	vancomycin	glycopeptide	No resistance	0	
ST152_id46074_ABE4195.fasta	amikacin	aminoglycoside	No resistance	0	
ST152_id46074_ABE4195.fasta	sulfamethoxazole	folate pathway antagonist	No resistance	0	
ST152_id46074_ABE4195.fasta	spiramycin	macrolide	No resistance	0	
ST152_id46074_ABE4195.fasta	cefoxitin	beta-lactam	Resistant	3	mecA (mecA_BX571856)
ST152_id46074_ABE4195.fasta	tetracycline	tetracycline	No resistance	0	
ST152_id46074_ABE4195.fasta	penicillin	beta-lactam	Resistant	3	blaZ (blaZ_CP010941)
ST152_id46074_ABE4195.fasta	clindamycin	lincosamide	No resistance	0	
ST152_id46074_ABE4195.fasta	fusidic acid	steroid antibacterial	No resistance	0	
ST152_id46074_ABE4195.fasta	trimethoprim	folate pathway antagonist	No resistance	0	
ST152_id46074_ABE4195.fasta	quinupristin+dalfopristin	streptogramin a	No resistance	0	
ST152_id46074_ABE4195.fasta	teicoplanin	glycopeptide	No resistance	0	
ST152_id46074_ABE4195.fasta	tiamulin	pleuromutilin	No resistance	0	
ST152_id46074_ABE4195.fasta	ciprofloxacin	quinolone	No resistance	0	
ST152_id46074_ABE4195.fasta	mupirocin	pseudomonic acid	No resistance	0	
ST152_id46074_ABE4195.fasta	telithromycin	macrolide	No resistance	0	
ST152_id46074_ABE4195.fasta	tobramycin	aminoglycoside	No resistance	0	
ST152_id46074_ABE4195.fasta	fosfomycin	fosfomycin	No resistance	0	
ST152_id46074_ABE4195.fasta	# WARNING: Features with unknown phenotype 
ST152_id46074_ABE4195.fasta	# Feature_ID	Region	Database	Hit	Class
ST152_id46074_ABE4195.fasta	grlB;;1;;CP026964.1_422_d_AA	grlB;;1;;CP026964.1			
ST152_id46077_ACJ3976.fasta	# Sample: ST152_id46077_ACJ3976.fasta
ST152_id46077_ACJ3976.fasta	# 
ST152_id46077_ACJ3976.fasta	# The phenotype 'No resistance' should be interpreted with
ST152_id46077_ACJ3976.fasta	# caution, as it only means that nothing in the used
ST152_id46077_ACJ3976.fasta	# database indicate resistance, but resistance could exist
ST152_id46077_ACJ3976.fasta	# from 'unknown' or not yet implemented sources.
ST152_id46077_ACJ3976.fasta	# 
ST152_id46077_ACJ3976.fasta	# The 'Match' column stores one of the integers 0, 1, 2, 3.
ST152_id46077_ACJ3976.fasta	#      0: No match found
ST152_id46077_ACJ3976.fasta	#      1: Match < 100% ID AND match length < ref length
ST152_id46077_ACJ3976.fasta	#      2: Match < 100% ID AND match length = ref length
ST152_id46077_ACJ3976.fasta	#      3: Match = 100% ID AND match length = ref length
ST152_id46077_ACJ3976.fasta	# If several hits causing the same resistance are found,
ST152_id46077_ACJ3976.fasta	# the highest number will be stored in the 'Match' column.
ST152_id46077_ACJ3976.fasta	# Antimicrobial	Class	WGS-predicted phenotype	Match	Genetic background
ST152_id46077_ACJ3976.fasta	fusidic acid	steroid antibacterial	No resistance	0	
ST152_id46077_ACJ3976.fasta	quinupristin+dalfopristin	streptogramin a	No resistance	0	
ST152_id46077_ACJ3976.fasta	sulfamethoxazole	folate pathway antagonist	No resistance	0	
ST152_id46077_ACJ3976.fasta	vancomycin	glycopeptide	No resistance	0	
ST152_id46077_ACJ3976.fasta	cefoxitin	beta-lactam	Resistant	3	mecA (mecA_BX571856)
ST152_id46077_ACJ3976.fasta	fosfomycin	fosfomycin	No resistance	0	
ST152_id46077_ACJ3976.fasta	gentamicin	aminoglycoside	No resistance	0	
ST152_id46077_ACJ3976.fasta	trimethoprim	folate pathway antagonist	No resistance	0	
ST152_id46077_ACJ3976.fasta	erythromycin	macrolide	Resistant	2	erm(C) (erm(C)_M19652), erm(C) (erm(C)_V01278)
ST152_id46077_ACJ3976.fasta	ciprofloxacin	quinolone	No resistance	0	
ST152_id46077_ACJ3976.fasta	tetracycline	tetracycline	No resistance	0	
ST152_id46077_ACJ3976.fasta	tobramycin	aminoglycoside	No resistance	0	
ST152_id46077_ACJ3976.fasta	chloramphenicol	amphenicol	Resistant	3	cat(pC221) (cat(pC221)_X02529)
ST152_id46077_ACJ3976.fasta	telithromycin	macrolide	No resistance	0	
ST152_id46077_ACJ3976.fasta	clindamycin	lincosamide	Resistant	2	erm(C) (erm(C)_M19652), erm(C) (erm(C)_V01278)
ST152_id46077_ACJ3976.fasta	spiramycin	macrolide	No resistance	0	
ST152_id46077_ACJ3976.fasta	mupirocin	pseudomonic acid	No resistance	0	
ST152_id46077_ACJ3976.fasta	amikacin	aminoglycoside	No resistance	0	
ST152_id46077_ACJ3976.fasta	linezolid	oxazolidinone	No resistance	0	
ST152_id46077_ACJ3976.fasta	penicillin	beta-lactam	Resistant	3	blaZ (blaZ_CP010941)
ST152_id46077_ACJ3976.fasta	teicoplanin	glycopeptide	No resistance	0	
ST152_id46077_ACJ3976.fasta	tiamulin	pleuromutilin	No resistance	0	
ST152_id46077_ACJ3976.fasta	# WARNING: Features with unknown phenotype 
ST152_id46077_ACJ3976.fasta	# Feature_ID	Region	Database	Hit	Class
ST152_id46077_ACJ3976.fasta	grlB;;1;;CP026964.1_422_d_AA	grlB;;1;;CP026964.1			
ST152_id46078_ACJ4246.fasta	# Sample: ST152_id46078_ACJ4246.fasta
ST152_id46078_ACJ4246.fasta	# 
ST152_id46078_ACJ4246.fasta	# The phenotype 'No resistance' should be interpreted with
ST152_id46078_ACJ4246.fasta	# caution, as it only means that nothing in the used
ST152_id46078_ACJ4246.fasta	# database indicate resistance, but resistance could exist
ST152_id46078_ACJ4246.fasta	# from 'unknown' or not yet implemented sources.
ST152_id46078_ACJ4246.fasta	# 
ST152_id46078_ACJ4246.fasta	# The 'Match' column stores one of the integers 0, 1, 2, 3.
ST152_id46078_ACJ4246.fasta	#      0: No match found
ST152_id46078_ACJ4246.fasta	#      1: Match < 100% ID AND match length < ref length
ST152_id46078_ACJ4246.fasta	#      2: Match < 100% ID AND match length = ref length
ST152_id46078_ACJ4246.fasta	#      3: Match = 100% ID AND match length = ref length
ST152_id46078_ACJ4246.fasta	# If several hits causing the same resistance are found,
ST152_id46078_ACJ4246.fasta	# the highest number will be stored in the 'Match' column.
ST152_id46078_ACJ4246.fasta	# Antimicrobial	Class	WGS-predicted phenotype	Match	Genetic background
ST152_id46078_ACJ4246.fasta	trimethoprim	folate pathway antagonist	No resistance	0	
ST152_id46078_ACJ4246.fasta	tiamulin	pleuromutilin	No resistance	0	
ST152_id46078_ACJ4246.fasta	teicoplanin	glycopeptide	No resistance	0	
ST152_id46078_ACJ4246.fasta	ciprofloxacin	quinolone	No resistance	0	
ST152_id46078_ACJ4246.fasta	vancomycin	glycopeptide	No resistance	0	
ST152_id46078_ACJ4246.fasta	linezolid	oxazolidinone	No resistance	0	
ST152_id46078_ACJ4246.fasta	sulfamethoxazole	folate pathway antagonist	No resistance	0	
ST152_id46078_ACJ4246.fasta	erythromycin	macrolide	No resistance	0	
ST152_id46078_ACJ4246.fasta	fosfomycin	fosfomycin	No resistance	0	
ST152_id46078_ACJ4246.fasta	mupirocin	pseudomonic acid	No resistance	0	
ST152_id46078_ACJ4246.fasta	amikacin	aminoglycoside	No resistance	0	
ST152_id46078_ACJ4246.fasta	tetracycline	tetracycline	No resistance	0	
ST152_id46078_ACJ4246.fasta	chloramphenicol	amphenicol	Resistant	3	cat(pC221) (cat(pC221)_X02529)
ST152_id46078_ACJ4246.fasta	quinupristin+dalfopristin	streptogramin a	No resistance	0	
ST152_id46078_ACJ4246.fasta	gentamicin	aminoglycoside	No resistance	0	
ST152_id46078_ACJ4246.fasta	tobramycin	aminoglycoside	No resistance	0	
ST152_id46078_ACJ4246.fasta	cefoxitin	beta-lactam	Resistant	3	mecA (mecA_BX571856)
ST152_id46078_ACJ4246.fasta	telithromycin	macrolide	No resistance	0	
ST152_id46078_ACJ4246.fasta	clindamycin	lincosamide	No resistance	0	
ST152_id46078_ACJ4246.fasta	fusidic acid	steroid antibacterial	No resistance	0	
ST152_id46078_ACJ4246.fasta	penicillin	beta-lactam	Resistant	3	blaZ (blaZ_CP010941)
ST152_id46078_ACJ4246.fasta	spiramycin	macrolide	No resistance	0	
ST152_id46078_ACJ4246.fasta	# WARNING: Features with unknown phenotype 
ST152_id46078_ACJ4246.fasta	# Feature_ID	Region	Database	Hit	Class
ST152_id46078_ACJ4246.fasta	grlB;;1;;CP026964.1_422_d_AA	grlB;;1;;CP026964.1			
ST152_id46079_ACJ5898.fasta	# Sample: ST152_id46079_ACJ5898.fasta
ST152_id46079_ACJ5898.fasta	# 
ST152_id46079_ACJ5898.fasta	# The phenotype 'No resistance' should be interpreted with
ST152_id46079_ACJ5898.fasta	# caution, as it only means that nothing in the used
ST152_id46079_ACJ5898.fasta	# database indicate resistance, but resistance could exist
ST152_id46079_ACJ5898.fasta	# from 'unknown' or not yet implemented sources.
ST152_id46079_ACJ5898.fasta	# 
ST152_id46079_ACJ5898.fasta	# The 'Match' column stores one of the integers 0, 1, 2, 3.
ST152_id46079_ACJ5898.fasta	#      0: No match found
ST152_id46079_ACJ5898.fasta	#      1: Match < 100% ID AND match length < ref length
ST152_id46079_ACJ5898.fasta	#      2: Match < 100% ID AND match length = ref length
ST152_id46079_ACJ5898.fasta	#      3: Match = 100% ID AND match length = ref length
ST152_id46079_ACJ5898.fasta	# If several hits causing the same resistance are found,
ST152_id46079_ACJ5898.fasta	# the highest number will be stored in the 'Match' column.
ST152_id46079_ACJ5898.fasta	# Antimicrobial	Class	WGS-predicted phenotype	Match	Genetic background
ST152_id46079_ACJ5898.fasta	fosfomycin	fosfomycin	No resistance	0	
ST152_id46079_ACJ5898.fasta	tetracycline	tetracycline	No resistance	0	
ST152_id46079_ACJ5898.fasta	sulfamethoxazole	folate pathway antagonist	No resistance	0	
ST152_id46079_ACJ5898.fasta	tiamulin	pleuromutilin	No resistance	0	
ST152_id46079_ACJ5898.fasta	erythromycin	macrolide	No resistance	0	
ST152_id46079_ACJ5898.fasta	gentamicin	aminoglycoside	Resistant	3	aac(6')-aph(2'') (aac(6')-aph(2'')_M13771)
ST152_id46079_ACJ5898.fasta	quinupristin+dalfopristin	streptogramin a	No resistance	0	
ST152_id46079_ACJ5898.fasta	mupirocin	pseudomonic acid	No resistance	0	
ST152_id46079_ACJ5898.fasta	vancomycin	glycopeptide	No resistance	0	
ST152_id46079_ACJ5898.fasta	cefoxitin	beta-lactam	Resistant	3	mecA (mecA_BX571856)
ST152_id46079_ACJ5898.fasta	linezolid	oxazolidinone	No resistance	0	
ST152_id46079_ACJ5898.fasta	tobramycin	aminoglycoside	Resistant	3	aac(6')-aph(2'') (aac(6')-aph(2'')_M13771)
ST152_id46079_ACJ5898.fasta	spiramycin	macrolide	No resistance	0	
ST152_id46079_ACJ5898.fasta	amikacin	aminoglycoside	Resistant	3	aac(6')-aph(2'') (aac(6')-aph(2'')_M13771)
ST152_id46079_ACJ5898.fasta	fusidic acid	steroid antibacterial	No resistance	0	
ST152_id46079_ACJ5898.fasta	trimethoprim	folate pathway antagonist	No resistance	0	
ST152_id46079_ACJ5898.fasta	ciprofloxacin	quinolone	No resistance	0	
ST152_id46079_ACJ5898.fasta	teicoplanin	glycopeptide	No resistance	0	
ST152_id46079_ACJ5898.fasta	chloramphenicol	amphenicol	No resistance	0	
ST152_id46079_ACJ5898.fasta	clindamycin	lincosamide	No resistance	0	
ST152_id46079_ACJ5898.fasta	telithromycin	macrolide	No resistance	0	
ST152_id46079_ACJ5898.fasta	penicillin	beta-lactam	Resistant	3	blaZ (blaZ_CP010941)
ST152_id46079_ACJ5898.fasta	# WARNING: Features with unknown phenotype 
ST152_id46079_ACJ5898.fasta	# Feature_ID	Region	Database	Hit	Class
ST152_id46079_ACJ5898.fasta	grlB;;1;;CP026964.1_422_d_AA	grlB;;1;;CP026964.1			
ST152_id46080_ACK0380.fasta	# Sample: ST152_id46080_ACK0380.fasta
ST152_id46080_ACK0380.fasta	# 
ST152_id46080_ACK0380.fasta	# The phenotype 'No resistance' should be interpreted with
ST152_id46080_ACK0380.fasta	# caution, as it only means that nothing in the used
ST152_id46080_ACK0380.fasta	# database indicate resistance, but resistance could exist
ST152_id46080_ACK0380.fasta	# from 'unknown' or not yet implemented sources.
ST152_id46080_ACK0380.fasta	# 
ST152_id46080_ACK0380.fasta	# The 'Match' column stores one of the integers 0, 1, 2, 3.
ST152_id46080_ACK0380.fasta	#      0: No match found
ST152_id46080_ACK0380.fasta	#      1: Match < 100% ID AND match length < ref length
ST152_id46080_ACK0380.fasta	#      2: Match < 100% ID AND match length = ref length
ST152_id46080_ACK0380.fasta	#      3: Match = 100% ID AND match length = ref length
ST152_id46080_ACK0380.fasta	# If several hits causing the same resistance are found,
ST152_id46080_ACK0380.fasta	# the highest number will be stored in the 'Match' column.
ST152_id46080_ACK0380.fasta	# Antimicrobial	Class	WGS-predicted phenotype	Match	Genetic background
ST152_id46080_ACK0380.fasta	clindamycin	lincosamide	No resistance	0	
ST152_id46080_ACK0380.fasta	gentamicin	aminoglycoside	No resistance	0	
ST152_id46080_ACK0380.fasta	chloramphenicol	amphenicol	Resistant	3	cat(pC221) (cat(pC221)_X02529)
ST152_id46080_ACK0380.fasta	mupirocin	pseudomonic acid	No resistance	0	
ST152_id46080_ACK0380.fasta	teicoplanin	glycopeptide	No resistance	0	
ST152_id46080_ACK0380.fasta	tetracycline	tetracycline	No resistance	0	
ST152_id46080_ACK0380.fasta	cefoxitin	beta-lactam	Resistant	3	mecA (mecA_BX571856)
ST152_id46080_ACK0380.fasta	amikacin	aminoglycoside	No resistance	0	
ST152_id46080_ACK0380.fasta	spiramycin	macrolide	No resistance	0	
ST152_id46080_ACK0380.fasta	sulfamethoxazole	folate pathway antagonist	No resistance	0	
ST152_id46080_ACK0380.fasta	tobramycin	aminoglycoside	No resistance	0	
ST152_id46080_ACK0380.fasta	erythromycin	macrolide	No resistance	0	
ST152_id46080_ACK0380.fasta	vancomycin	glycopeptide	No resistance	0	
ST152_id46080_ACK0380.fasta	penicillin	beta-lactam	Resistant	3	blaZ (blaZ_CP010941)
ST152_id46080_ACK0380.fasta	telithromycin	macrolide	No resistance	0	
ST152_id46080_ACK0380.fasta	trimethoprim	folate pathway antagonist	No resistance	0	
ST152_id46080_ACK0380.fasta	tiamulin	pleuromutilin	No resistance	0	
ST152_id46080_ACK0380.fasta	fosfomycin	fosfomycin	No resistance	0	
ST152_id46080_ACK0380.fasta	quinupristin+dalfopristin	streptogramin a	No resistance	0	
ST152_id46080_ACK0380.fasta	ciprofloxacin	quinolone	No resistance	0	
ST152_id46080_ACK0380.fasta	linezolid	oxazolidinone	No resistance	0	
ST152_id46080_ACK0380.fasta	fusidic acid	steroid antibacterial	No resistance	0	
ST152_id46080_ACK0380.fasta	# WARNING: Features with unknown phenotype 
ST152_id46080_ACK0380.fasta	# Feature_ID	Region	Database	Hit	Class
ST152_id46080_ACK0380.fasta	grlB;;1;;CP026964.1_422_d_AA	grlB;;1;;CP026964.1			
ST152_id46082_ACL2618.fasta	# Sample: ST152_id46082_ACL2618.fasta
ST152_id46082_ACL2618.fasta	# 
ST152_id46082_ACL2618.fasta	# The phenotype 'No resistance' should be interpreted with
ST152_id46082_ACL2618.fasta	# caution, as it only means that nothing in the used
ST152_id46082_ACL2618.fasta	# database indicate resistance, but resistance could exist
ST152_id46082_ACL2618.fasta	# from 'unknown' or not yet implemented sources.
ST152_id46082_ACL2618.fasta	# 
ST152_id46082_ACL2618.fasta	# The 'Match' column stores one of the integers 0, 1, 2, 3.
ST152_id46082_ACL2618.fasta	#      0: No match found
ST152_id46082_ACL2618.fasta	#      1: Match < 100% ID AND match length < ref length
ST152_id46082_ACL2618.fasta	#      2: Match < 100% ID AND match length = ref length
ST152_id46082_ACL2618.fasta	#      3: Match = 100% ID AND match length = ref length
ST152_id46082_ACL2618.fasta	# If several hits causing the same resistance are found,
ST152_id46082_ACL2618.fasta	# the highest number will be stored in the 'Match' column.
ST152_id46082_ACL2618.fasta	# Antimicrobial	Class	WGS-predicted phenotype	Match	Genetic background
ST152_id46082_ACL2618.fasta	clindamycin	lincosamide	No resistance	0	
ST152_id46082_ACL2618.fasta	tetracycline	tetracycline	No resistance	0	
ST152_id46082_ACL2618.fasta	erythromycin	macrolide	No resistance	0	
ST152_id46082_ACL2618.fasta	tiamulin	pleuromutilin	No resistance	0	
ST152_id46082_ACL2618.fasta	cefoxitin	beta-lactam	Resistant	3	mecA (mecA_BX571856)
ST152_id46082_ACL2618.fasta	gentamicin	aminoglycoside	No resistance	0	
ST152_id46082_ACL2618.fasta	ciprofloxacin	quinolone	No resistance	0	
ST152_id46082_ACL2618.fasta	chloramphenicol	amphenicol	Resistant	3	cat(pC221) (cat(pC221)_X02529)
ST152_id46082_ACL2618.fasta	fusidic acid	steroid antibacterial	No resistance	0	
ST152_id46082_ACL2618.fasta	sulfamethoxazole	folate pathway antagonist	No resistance	0	
ST152_id46082_ACL2618.fasta	amikacin	aminoglycoside	No resistance	0	
ST152_id46082_ACL2618.fasta	trimethoprim	folate pathway antagonist	No resistance	0	
ST152_id46082_ACL2618.fasta	fosfomycin	fosfomycin	No resistance	0	
ST152_id46082_ACL2618.fasta	linezolid	oxazolidinone	No resistance	0	
ST152_id46082_ACL2618.fasta	teicoplanin	glycopeptide	No resistance	0	
ST152_id46082_ACL2618.fasta	mupirocin	pseudomonic acid	No resistance	0	
ST152_id46082_ACL2618.fasta	vancomycin	glycopeptide	No resistance	0	
ST152_id46082_ACL2618.fasta	tobramycin	aminoglycoside	No resistance	0	
ST152_id46082_ACL2618.fasta	penicillin	beta-lactam	Resistant	3	blaZ (blaZ_CP010941)
ST152_id46082_ACL2618.fasta	spiramycin	macrolide	No resistance	0	
ST152_id46082_ACL2618.fasta	telithromycin	macrolide	No resistance	0	
ST152_id46082_ACL2618.fasta	quinupristin+dalfopristin	streptogramin a	No resistance	0	
ST152_id46082_ACL2618.fasta	# WARNING: Features with unknown phenotype 
ST152_id46082_ACL2618.fasta	# Feature_ID	Region	Database	Hit	Class
ST152_id46082_ACL2618.fasta	grlB;;1;;CP026964.1_422_d_AA	grlB;;1;;CP026964.1			
ST152_id46083_ACL4565.fasta	# Sample: ST152_id46083_ACL4565.fasta
ST152_id46083_ACL4565.fasta	# 
ST152_id46083_ACL4565.fasta	# The phenotype 'No resistance' should be interpreted with
ST152_id46083_ACL4565.fasta	# caution, as it only means that nothing in the used
ST152_id46083_ACL4565.fasta	# database indicate resistance, but resistance could exist
ST152_id46083_ACL4565.fasta	# from 'unknown' or not yet implemented sources.
ST152_id46083_ACL4565.fasta	# 
ST152_id46083_ACL4565.fasta	# The 'Match' column stores one of the integers 0, 1, 2, 3.
ST152_id46083_ACL4565.fasta	#      0: No match found
ST152_id46083_ACL4565.fasta	#      1: Match < 100% ID AND match length < ref length
ST152_id46083_ACL4565.fasta	#      2: Match < 100% ID AND match length = ref length
ST152_id46083_ACL4565.fasta	#      3: Match = 100% ID AND match length = ref length
ST152_id46083_ACL4565.fasta	# If several hits causing the same resistance are found,
ST152_id46083_ACL4565.fasta	# the highest number will be stored in the 'Match' column.
ST152_id46083_ACL4565.fasta	# Antimicrobial	Class	WGS-predicted phenotype	Match	Genetic background
ST152_id46083_ACL4565.fasta	fosfomycin	fosfomycin	No resistance	0	
ST152_id46083_ACL4565.fasta	erythromycin	macrolide	No resistance	0	
ST152_id46083_ACL4565.fasta	trimethoprim	folate pathway antagonist	No resistance	0	
ST152_id46083_ACL4565.fasta	telithromycin	macrolide	No resistance	0	
ST152_id46083_ACL4565.fasta	chloramphenicol	amphenicol	No resistance	0	
ST152_id46083_ACL4565.fasta	cefoxitin	beta-lactam	No resistance	0	
ST152_id46083_ACL4565.fasta	vancomycin	glycopeptide	No resistance	0	
ST152_id46083_ACL4565.fasta	mupirocin	pseudomonic acid	No resistance	0	
ST152_id46083_ACL4565.fasta	teicoplanin	glycopeptide	No resistance	0	
ST152_id46083_ACL4565.fasta	amikacin	aminoglycoside	No resistance	0	
ST152_id46083_ACL4565.fasta	ciprofloxacin	quinolone	No resistance	0	
ST152_id46083_ACL4565.fasta	spiramycin	macrolide	No resistance	0	
ST152_id46083_ACL4565.fasta	fusidic acid	steroid antibacterial	No resistance	0	
ST152_id46083_ACL4565.fasta	tobramycin	aminoglycoside	No resistance	0	
ST152_id46083_ACL4565.fasta	tiamulin	pleuromutilin	No resistance	0	
ST152_id46083_ACL4565.fasta	clindamycin	lincosamide	No resistance	0	
ST152_id46083_ACL4565.fasta	linezolid	oxazolidinone	No resistance	0	
ST152_id46083_ACL4565.fasta	penicillin	beta-lactam	Resistant	3	blaZ (blaZ_JBTH01000015)
ST152_id46083_ACL4565.fasta	tetracycline	tetracycline	Resistant	3	tet(K) (tet(K)_U38656)
ST152_id46083_ACL4565.fasta	gentamicin	aminoglycoside	No resistance	0	
ST152_id46083_ACL4565.fasta	sulfamethoxazole	folate pathway antagonist	No resistance	0	
ST152_id46083_ACL4565.fasta	quinupristin+dalfopristin	streptogramin a	No resistance	0	
ST152_id46083_ACL4565.fasta	# WARNING: Features with unknown phenotype 
ST152_id46083_ACL4565.fasta	# Feature_ID	Region	Database	Hit	Class
ST152_id46083_ACL4565.fasta	grlB;;1;;CP026964.1_422_d_AA	grlB;;1;;CP026964.1			
ST152_id46084_ACL8519.fasta	# Sample: ST152_id46084_ACL8519.fasta
ST152_id46084_ACL8519.fasta	# 
ST152_id46084_ACL8519.fasta	# The phenotype 'No resistance' should be interpreted with
ST152_id46084_ACL8519.fasta	# caution, as it only means that nothing in the used
ST152_id46084_ACL8519.fasta	# database indicate resistance, but resistance could exist
ST152_id46084_ACL8519.fasta	# from 'unknown' or not yet implemented sources.
ST152_id46084_ACL8519.fasta	# 
ST152_id46084_ACL8519.fasta	# The 'Match' column stores one of the integers 0, 1, 2, 3.
ST152_id46084_ACL8519.fasta	#      0: No match found
ST152_id46084_ACL8519.fasta	#      1: Match < 100% ID AND match length < ref length
ST152_id46084_ACL8519.fasta	#      2: Match < 100% ID AND match length = ref length
ST152_id46084_ACL8519.fasta	#      3: Match = 100% ID AND match length = ref length
ST152_id46084_ACL8519.fasta	# If several hits causing the same resistance are found,
ST152_id46084_ACL8519.fasta	# the highest number will be stored in the 'Match' column.
ST152_id46084_ACL8519.fasta	# Antimicrobial	Class	WGS-predicted phenotype	Match	Genetic background
ST152_id46084_ACL8519.fasta	erythromycin	macrolide	No resistance	0	
ST152_id46084_ACL8519.fasta	linezolid	oxazolidinone	No resistance	0	
ST152_id46084_ACL8519.fasta	penicillin	beta-lactam	Resistant	3	blaZ (blaZ_CP010941)
ST152_id46084_ACL8519.fasta	quinupristin+dalfopristin	streptogramin a	No resistance	0	
ST152_id46084_ACL8519.fasta	tiamulin	pleuromutilin	No resistance	0	
ST152_id46084_ACL8519.fasta	tobramycin	aminoglycoside	No resistance	0	
ST152_id46084_ACL8519.fasta	gentamicin	aminoglycoside	No resistance	0	
ST152_id46084_ACL8519.fasta	chloramphenicol	amphenicol	No resistance	0	
ST152_id46084_ACL8519.fasta	vancomycin	glycopeptide	No resistance	0	
ST152_id46084_ACL8519.fasta	ciprofloxacin	quinolone	No resistance	0	
ST152_id46084_ACL8519.fasta	fusidic acid	steroid antibacterial	No resistance	0	
ST152_id46084_ACL8519.fasta	clindamycin	lincosamide	No resistance	0	
ST152_id46084_ACL8519.fasta	amikacin	aminoglycoside	No resistance	0	
ST152_id46084_ACL8519.fasta	fosfomycin	fosfomycin	No resistance	0	
ST152_id46084_ACL8519.fasta	tetracycline	tetracycline	No resistance	0	
ST152_id46084_ACL8519.fasta	teicoplanin	glycopeptide	No resistance	0	
ST152_id46084_ACL8519.fasta	spiramycin	macrolide	No resistance	0	
ST152_id46084_ACL8519.fasta	mupirocin	pseudomonic acid	No resistance	0	
ST152_id46084_ACL8519.fasta	trimethoprim	folate pathway antagonist	No resistance	0	
ST152_id46084_ACL8519.fasta	telithromycin	macrolide	No resistance	0	
ST152_id46084_ACL8519.fasta	sulfamethoxazole	folate pathway antagonist	No resistance	0	
ST152_id46084_ACL8519.fasta	cefoxitin	beta-lactam	No resistance	0	
ST152_id46084_ACL8519.fasta	# WARNING: Features with unknown phenotype 
ST152_id46084_ACL8519.fasta	# Feature_ID	Region	Database	Hit	Class
ST152_id46084_ACL8519.fasta	grlB;;1;;CP026964.1_422_d_AA	grlB;;1;;CP026964.1			
ST152_id46087_ACM1669.fasta	# Sample: ST152_id46087_ACM1669.fasta
ST152_id46087_ACM1669.fasta	# 
ST152_id46087_ACM1669.fasta	# The phenotype 'No resistance' should be interpreted with
ST152_id46087_ACM1669.fasta	# caution, as it only means that nothing in the used
ST152_id46087_ACM1669.fasta	# database indicate resistance, but resistance could exist
ST152_id46087_ACM1669.fasta	# from 'unknown' or not yet implemented sources.
ST152_id46087_ACM1669.fasta	# 
ST152_id46087_ACM1669.fasta	# The 'Match' column stores one of the integers 0, 1, 2, 3.
ST152_id46087_ACM1669.fasta	#      0: No match found
ST152_id46087_ACM1669.fasta	#      1: Match < 100% ID AND match length < ref length
ST152_id46087_ACM1669.fasta	#      2: Match < 100% ID AND match length = ref length
ST152_id46087_ACM1669.fasta	#      3: Match = 100% ID AND match length = ref length
ST152_id46087_ACM1669.fasta	# If several hits causing the same resistance are found,
ST152_id46087_ACM1669.fasta	# the highest number will be stored in the 'Match' column.
ST152_id46087_ACM1669.fasta	# Antimicrobial	Class	WGS-predicted phenotype	Match	Genetic background
ST152_id46087_ACM1669.fasta	trimethoprim	folate pathway antagonist	No resistance	0	
ST152_id46087_ACM1669.fasta	quinupristin+dalfopristin	streptogramin a	No resistance	0	
ST152_id46087_ACM1669.fasta	penicillin	beta-lactam	Resistant	3	blaZ (blaZ_CP010941)
ST152_id46087_ACM1669.fasta	cefoxitin	beta-lactam	No resistance	0	
ST152_id46087_ACM1669.fasta	gentamicin	aminoglycoside	No resistance	0	
ST152_id46087_ACM1669.fasta	sulfamethoxazole	folate pathway antagonist	No resistance	0	
ST152_id46087_ACM1669.fasta	telithromycin	macrolide	No resistance	0	
ST152_id46087_ACM1669.fasta	tetracycline	tetracycline	No resistance	0	
ST152_id46087_ACM1669.fasta	mupirocin	pseudomonic acid	No resistance	0	
ST152_id46087_ACM1669.fasta	teicoplanin	glycopeptide	No resistance	0	
ST152_id46087_ACM1669.fasta	vancomycin	glycopeptide	No resistance	0	
ST152_id46087_ACM1669.fasta	tiamulin	pleuromutilin	No resistance	0	
ST152_id46087_ACM1669.fasta	spiramycin	macrolide	No resistance	0	
ST152_id46087_ACM1669.fasta	linezolid	oxazolidinone	No resistance	0	
ST152_id46087_ACM1669.fasta	fusidic acid	steroid antibacterial	No resistance	0	
ST152_id46087_ACM1669.fasta	tobramycin	aminoglycoside	No resistance	0	
ST152_id46087_ACM1669.fasta	amikacin	aminoglycoside	No resistance	0	
ST152_id46087_ACM1669.fasta	fosfomycin	fosfomycin	No resistance	0	
ST152_id46087_ACM1669.fasta	ciprofloxacin	quinolone	No resistance	0	
ST152_id46087_ACM1669.fasta	chloramphenicol	amphenicol	No resistance	0	
ST152_id46087_ACM1669.fasta	clindamycin	lincosamide	No resistance	0	
ST152_id46087_ACM1669.fasta	erythromycin	macrolide	No resistance	0	
ST152_id46087_ACM1669.fasta	# WARNING: Features with unknown phenotype 
ST152_id46087_ACM1669.fasta	# Feature_ID	Region	Database	Hit	Class
ST152_id46087_ACM1669.fasta	grlB;;1;;CP026964.1_422_d_AA	grlB;;1;;CP026964.1			
ST152_id46088_ACM4717.fasta	# Sample: ST152_id46088_ACM4717.fasta
ST152_id46088_ACM4717.fasta	# 
ST152_id46088_ACM4717.fasta	# The phenotype 'No resistance' should be interpreted with
ST152_id46088_ACM4717.fasta	# caution, as it only means that nothing in the used
ST152_id46088_ACM4717.fasta	# database indicate resistance, but resistance could exist
ST152_id46088_ACM4717.fasta	# from 'unknown' or not yet implemented sources.
ST152_id46088_ACM4717.fasta	# 
ST152_id46088_ACM4717.fasta	# The 'Match' column stores one of the integers 0, 1, 2, 3.
ST152_id46088_ACM4717.fasta	#      0: No match found
ST152_id46088_ACM4717.fasta	#      1: Match < 100% ID AND match length < ref length
ST152_id46088_ACM4717.fasta	#      2: Match < 100% ID AND match length = ref length
ST152_id46088_ACM4717.fasta	#      3: Match = 100% ID AND match length = ref length
ST152_id46088_ACM4717.fasta	# If several hits causing the same resistance are found,
ST152_id46088_ACM4717.fasta	# the highest number will be stored in the 'Match' column.
ST152_id46088_ACM4717.fasta	# Antimicrobial	Class	WGS-predicted phenotype	Match	Genetic background
ST152_id46088_ACM4717.fasta	cefoxitin	beta-lactam	Resistant	3	mecA (mecA_BX571856)
ST152_id46088_ACM4717.fasta	gentamicin	aminoglycoside	No resistance	0	
ST152_id46088_ACM4717.fasta	trimethoprim	folate pathway antagonist	No resistance	0	
ST152_id46088_ACM4717.fasta	quinupristin+dalfopristin	streptogramin a	No resistance	0	
ST152_id46088_ACM4717.fasta	chloramphenicol	amphenicol	Resistant	3	cat(pC221) (cat(pC221)_X02529)
ST152_id46088_ACM4717.fasta	mupirocin	pseudomonic acid	No resistance	0	
ST152_id46088_ACM4717.fasta	telithromycin	macrolide	No resistance	0	
ST152_id46088_ACM4717.fasta	teicoplanin	glycopeptide	No resistance	0	
ST152_id46088_ACM4717.fasta	clindamycin	lincosamide	No resistance	0	
ST152_id46088_ACM4717.fasta	amikacin	aminoglycoside	No resistance	0	
ST152_id46088_ACM4717.fasta	fosfomycin	fosfomycin	No resistance	0	
ST152_id46088_ACM4717.fasta	spiramycin	macrolide	No resistance	0	
ST152_id46088_ACM4717.fasta	tobramycin	aminoglycoside	No resistance	0	
ST152_id46088_ACM4717.fasta	vancomycin	glycopeptide	No resistance	0	
ST152_id46088_ACM4717.fasta	sulfamethoxazole	folate pathway antagonist	No resistance	0	
ST152_id46088_ACM4717.fasta	penicillin	beta-lactam	Resistant	3	blaZ (blaZ_CP010941)
ST152_id46088_ACM4717.fasta	fusidic acid	steroid antibacterial	No resistance	0	
ST152_id46088_ACM4717.fasta	ciprofloxacin	quinolone	No resistance	0	
ST152_id46088_ACM4717.fasta	linezolid	oxazolidinone	No resistance	0	
ST152_id46088_ACM4717.fasta	erythromycin	macrolide	No resistance	0	
ST152_id46088_ACM4717.fasta	tiamulin	pleuromutilin	No resistance	0	
ST152_id46088_ACM4717.fasta	tetracycline	tetracycline	Resistant	3	tet(K) (tet(K)_U38656)
ST152_id46088_ACM4717.fasta	# WARNING: Features with unknown phenotype 
ST152_id46088_ACM4717.fasta	# Feature_ID	Region	Database	Hit	Class
ST152_id46088_ACM4717.fasta	grlB;;1;;CP026964.1_422_d_AA	grlB;;1;;CP026964.1			
ST152_id46095_ECJ.fasta	# Sample: ST152_id46095_ECJ.fasta
ST152_id46095_ECJ.fasta	# 
ST152_id46095_ECJ.fasta	# The phenotype 'No resistance' should be interpreted with
ST152_id46095_ECJ.fasta	# caution, as it only means that nothing in the used
ST152_id46095_ECJ.fasta	# database indicate resistance, but resistance could exist
ST152_id46095_ECJ.fasta	# from 'unknown' or not yet implemented sources.
ST152_id46095_ECJ.fasta	# 
ST152_id46095_ECJ.fasta	# The 'Match' column stores one of the integers 0, 1, 2, 3.
ST152_id46095_ECJ.fasta	#      0: No match found
ST152_id46095_ECJ.fasta	#      1: Match < 100% ID AND match length < ref length
ST152_id46095_ECJ.fasta	#      2: Match < 100% ID AND match length = ref length
ST152_id46095_ECJ.fasta	#      3: Match = 100% ID AND match length = ref length
ST152_id46095_ECJ.fasta	# If several hits causing the same resistance are found,
ST152_id46095_ECJ.fasta	# the highest number will be stored in the 'Match' column.
ST152_id46095_ECJ.fasta	# Antimicrobial	Class	WGS-predicted phenotype	Match	Genetic background
ST152_id46095_ECJ.fasta	cefoxitin	beta-lactam	No resistance	0	
ST152_id46095_ECJ.fasta	trimethoprim	folate pathway antagonist	No resistance	0	
ST152_id46095_ECJ.fasta	mupirocin	pseudomonic acid	No resistance	0	
ST152_id46095_ECJ.fasta	chloramphenicol	amphenicol	No resistance	0	
ST152_id46095_ECJ.fasta	quinupristin+dalfopristin	streptogramin a	No resistance	0	
ST152_id46095_ECJ.fasta	amikacin	aminoglycoside	No resistance	0	
ST152_id46095_ECJ.fasta	fosfomycin	fosfomycin	No resistance	0	
ST152_id46095_ECJ.fasta	sulfamethoxazole	folate pathway antagonist	No resistance	0	
ST152_id46095_ECJ.fasta	ciprofloxacin	quinolone	No resistance	0	
ST152_id46095_ECJ.fasta	gentamicin	aminoglycoside	No resistance	0	
ST152_id46095_ECJ.fasta	tetracycline	tetracycline	No resistance	0	
ST152_id46095_ECJ.fasta	linezolid	oxazolidinone	No resistance	0	
ST152_id46095_ECJ.fasta	vancomycin	glycopeptide	No resistance	0	
ST152_id46095_ECJ.fasta	fusidic acid	steroid antibacterial	No resistance	0	
ST152_id46095_ECJ.fasta	telithromycin	macrolide	No resistance	0	
ST152_id46095_ECJ.fasta	spiramycin	macrolide	No resistance	0	
ST152_id46095_ECJ.fasta	clindamycin	lincosamide	No resistance	0	
ST152_id46095_ECJ.fasta	tiamulin	pleuromutilin	No resistance	0	
ST152_id46095_ECJ.fasta	tobramycin	aminoglycoside	No resistance	0	
ST152_id46095_ECJ.fasta	penicillin	beta-lactam	No resistance	0	
ST152_id46095_ECJ.fasta	teicoplanin	glycopeptide	No resistance	0	
ST152_id46095_ECJ.fasta	erythromycin	macrolide	No resistance	0	
ST152_id46095_ECJ.fasta	# WARNING: Features with unknown phenotype 
ST152_id46095_ECJ.fasta	# Feature_ID	Region	Database	Hit	Class
ST152_id46095_ECJ.fasta	grlB;;1;;CP026964.1_422_d_AA	grlB;;1;;CP026964.1			
ST152_id46097_KGH0002.fasta	# Sample: ST152_id46097_KGH0002.fasta
ST152_id46097_KGH0002.fasta	# 
ST152_id46097_KGH0002.fasta	# The phenotype 'No resistance' should be interpreted with
ST152_id46097_KGH0002.fasta	# caution, as it only means that nothing in the used
ST152_id46097_KGH0002.fasta	# database indicate resistance, but resistance could exist
ST152_id46097_KGH0002.fasta	# from 'unknown' or not yet implemented sources.
ST152_id46097_KGH0002.fasta	# 
ST152_id46097_KGH0002.fasta	# The 'Match' column stores one of the integers 0, 1, 2, 3.
ST152_id46097_KGH0002.fasta	#      0: No match found
ST152_id46097_KGH0002.fasta	#      1: Match < 100% ID AND match length < ref length
ST152_id46097_KGH0002.fasta	#      2: Match < 100% ID AND match length = ref length
ST152_id46097_KGH0002.fasta	#      3: Match = 100% ID AND match length = ref length
ST152_id46097_KGH0002.fasta	# If several hits causing the same resistance are found,
ST152_id46097_KGH0002.fasta	# the highest number will be stored in the 'Match' column.
ST152_id46097_KGH0002.fasta	# Antimicrobial	Class	WGS-predicted phenotype	Match	Genetic background
ST152_id46097_KGH0002.fasta	penicillin	beta-lactam	Resistant	3	blaZ (blaZ_CP010941)
ST152_id46097_KGH0002.fasta	tobramycin	aminoglycoside	No resistance	0	
ST152_id46097_KGH0002.fasta	trimethoprim	folate pathway antagonist	No resistance	0	
ST152_id46097_KGH0002.fasta	tetracycline	tetracycline	No resistance	0	
ST152_id46097_KGH0002.fasta	clindamycin	lincosamide	No resistance	0	
ST152_id46097_KGH0002.fasta	ciprofloxacin	quinolone	No resistance	0	
ST152_id46097_KGH0002.fasta	fusidic acid	steroid antibacterial	No resistance	0	
ST152_id46097_KGH0002.fasta	fosfomycin	fosfomycin	No resistance	0	
ST152_id46097_KGH0002.fasta	gentamicin	aminoglycoside	No resistance	0	
ST152_id46097_KGH0002.fasta	cefoxitin	beta-lactam	Resistant	3	mecA (mecA_BX571856)
ST152_id46097_KGH0002.fasta	linezolid	oxazolidinone	No resistance	0	
ST152_id46097_KGH0002.fasta	vancomycin	glycopeptide	No resistance	0	
ST152_id46097_KGH0002.fasta	teicoplanin	glycopeptide	No resistance	0	
ST152_id46097_KGH0002.fasta	chloramphenicol	amphenicol	Resistant	3	cat(pC221) (cat(pC221)_X02529)
ST152_id46097_KGH0002.fasta	quinupristin+dalfopristin	streptogramin a	No resistance	0	
ST152_id46097_KGH0002.fasta	telithromycin	macrolide	No resistance	0	
ST152_id46097_KGH0002.fasta	mupirocin	pseudomonic acid	No resistance	0	
ST152_id46097_KGH0002.fasta	tiamulin	pleuromutilin	No resistance	0	
ST152_id46097_KGH0002.fasta	sulfamethoxazole	folate pathway antagonist	No resistance	0	
ST152_id46097_KGH0002.fasta	spiramycin	macrolide	No resistance	0	
ST152_id46097_KGH0002.fasta	amikacin	aminoglycoside	No resistance	0	
ST152_id46097_KGH0002.fasta	erythromycin	macrolide	No resistance	0	
ST152_id46097_KGH0002.fasta	# WARNING: Features with unknown phenotype 
ST152_id46097_KGH0002.fasta	# Feature_ID	Region	Database	Hit	Class
ST152_id46097_KGH0002.fasta	grlB;;1;;CP026964.1_422_d_AA	grlB;;1;;CP026964.1			
ST152_id46099_SA013.fasta	# Sample: ST152_id46099_SA013.fasta
ST152_id46099_SA013.fasta	# 
ST152_id46099_SA013.fasta	# The phenotype 'No resistance' should be interpreted with
ST152_id46099_SA013.fasta	# caution, as it only means that nothing in the used
ST152_id46099_SA013.fasta	# database indicate resistance, but resistance could exist
ST152_id46099_SA013.fasta	# from 'unknown' or not yet implemented sources.
ST152_id46099_SA013.fasta	# 
ST152_id46099_SA013.fasta	# The 'Match' column stores one of the integers 0, 1, 2, 3.
ST152_id46099_SA013.fasta	#      0: No match found
ST152_id46099_SA013.fasta	#      1: Match < 100% ID AND match length < ref length
ST152_id46099_SA013.fasta	#      2: Match < 100% ID AND match length = ref length
ST152_id46099_SA013.fasta	#      3: Match = 100% ID AND match length = ref length
ST152_id46099_SA013.fasta	# If several hits causing the same resistance are found,
ST152_id46099_SA013.fasta	# the highest number will be stored in the 'Match' column.
ST152_id46099_SA013.fasta	# Antimicrobial	Class	WGS-predicted phenotype	Match	Genetic background
ST152_id46099_SA013.fasta	trimethoprim	folate pathway antagonist	No resistance	0	
ST152_id46099_SA013.fasta	quinupristin+dalfopristin	streptogramin a	No resistance	0	
ST152_id46099_SA013.fasta	tetracycline	tetracycline	Resistant	1	tet(K) (tet(K)_U38656)
ST152_id46099_SA013.fasta	teicoplanin	glycopeptide	No resistance	0	
ST152_id46099_SA013.fasta	gentamicin	aminoglycoside	No resistance	0	
ST152_id46099_SA013.fasta	tiamulin	pleuromutilin	No resistance	0	
ST152_id46099_SA013.fasta	chloramphenicol	amphenicol	Resistant	3	cat(pC221) (cat(pC221)_X02529)
ST152_id46099_SA013.fasta	fosfomycin	fosfomycin	No resistance	0	
ST152_id46099_SA013.fasta	tobramycin	aminoglycoside	No resistance	0	
ST152_id46099_SA013.fasta	amikacin	aminoglycoside	No resistance	0	
ST152_id46099_SA013.fasta	clindamycin	lincosamide	No resistance	0	
ST152_id46099_SA013.fasta	fusidic acid	steroid antibacterial	No resistance	0	
ST152_id46099_SA013.fasta	spiramycin	macrolide	No resistance	0	
ST152_id46099_SA013.fasta	sulfamethoxazole	folate pathway antagonist	No resistance	0	
ST152_id46099_SA013.fasta	erythromycin	macrolide	No resistance	0	
ST152_id46099_SA013.fasta	cefoxitin	beta-lactam	Resistant	3	mecA (mecA_BX571856)
ST152_id46099_SA013.fasta	ciprofloxacin	quinolone	No resistance	0	
ST152_id46099_SA013.fasta	telithromycin	macrolide	No resistance	0	
ST152_id46099_SA013.fasta	mupirocin	pseudomonic acid	No resistance	0	
ST152_id46099_SA013.fasta	penicillin	beta-lactam	Resistant	3	blaZ (blaZ_CP010941)
ST152_id46099_SA013.fasta	vancomycin	glycopeptide	No resistance	0	
ST152_id46099_SA013.fasta	linezolid	oxazolidinone	No resistance	0	
ST152_id46099_SA013.fasta	# WARNING: Features with unknown phenotype 
ST152_id46099_SA013.fasta	# Feature_ID	Region	Database	Hit	Class
ST152_id46099_SA013.fasta	grlB;;1;;CP026964.1_422_d_AA	grlB;;1;;CP026964.1			
ST152_id46100_SA138.fasta	# Sample: ST152_id46100_SA138.fasta
ST152_id46100_SA138.fasta	# 
ST152_id46100_SA138.fasta	# The phenotype 'No resistance' should be interpreted with
ST152_id46100_SA138.fasta	# caution, as it only means that nothing in the used
ST152_id46100_SA138.fasta	# database indicate resistance, but resistance could exist
ST152_id46100_SA138.fasta	# from 'unknown' or not yet implemented sources.
ST152_id46100_SA138.fasta	# 
ST152_id46100_SA138.fasta	# The 'Match' column stores one of the integers 0, 1, 2, 3.
ST152_id46100_SA138.fasta	#      0: No match found
ST152_id46100_SA138.fasta	#      1: Match < 100% ID AND match length < ref length
ST152_id46100_SA138.fasta	#      2: Match < 100% ID AND match length = ref length
ST152_id46100_SA138.fasta	#      3: Match = 100% ID AND match length = ref length
ST152_id46100_SA138.fasta	# If several hits causing the same resistance are found,
ST152_id46100_SA138.fasta	# the highest number will be stored in the 'Match' column.
ST152_id46100_SA138.fasta	# Antimicrobial	Class	WGS-predicted phenotype	Match	Genetic background
ST152_id46100_SA138.fasta	spiramycin	macrolide	No resistance	0	
ST152_id46100_SA138.fasta	fosfomycin	fosfomycin	No resistance	0	
ST152_id46100_SA138.fasta	cefoxitin	beta-lactam	No resistance	0	
ST152_id46100_SA138.fasta	tobramycin	aminoglycoside	No resistance	0	
ST152_id46100_SA138.fasta	mupirocin	pseudomonic acid	No resistance	0	
ST152_id46100_SA138.fasta	ciprofloxacin	quinolone	No resistance	0	
ST152_id46100_SA138.fasta	amikacin	aminoglycoside	No resistance	0	
ST152_id46100_SA138.fasta	penicillin	beta-lactam	Resistant	3	blaZ (blaZ_CP010941)
ST152_id46100_SA138.fasta	quinupristin+dalfopristin	streptogramin a	No resistance	0	
ST152_id46100_SA138.fasta	tetracycline	tetracycline	Resistant	3	tet(K) (tet(K)_U38656)
ST152_id46100_SA138.fasta	vancomycin	glycopeptide	No resistance	0	
ST152_id46100_SA138.fasta	erythromycin	macrolide	No resistance	0	
ST152_id46100_SA138.fasta	sulfamethoxazole	folate pathway antagonist	No resistance	0	
ST152_id46100_SA138.fasta	fusidic acid	steroid antibacterial	No resistance	0	
ST152_id46100_SA138.fasta	chloramphenicol	amphenicol	Resistant	3	cat(pC221) (cat(pC221)_X02529)
ST152_id46100_SA138.fasta	tiamulin	pleuromutilin	No resistance	0	
ST152_id46100_SA138.fasta	clindamycin	lincosamide	No resistance	0	
ST152_id46100_SA138.fasta	teicoplanin	glycopeptide	No resistance	0	
ST152_id46100_SA138.fasta	gentamicin	aminoglycoside	No resistance	0	
ST152_id46100_SA138.fasta	trimethoprim	folate pathway antagonist	No resistance	0	
ST152_id46100_SA138.fasta	linezolid	oxazolidinone	No resistance	0	
ST152_id46100_SA138.fasta	telithromycin	macrolide	No resistance	0	
ST152_id46100_SA138.fasta	# WARNING: Features with unknown phenotype 
ST152_id46100_SA138.fasta	# Feature_ID	Region	Database	Hit	Class
ST152_id46100_SA138.fasta	grlB;;1;;CP026964.1_422_d_AA	grlB;;1;;CP026964.1			
ST152_id46103_SA169.fasta	# Sample: ST152_id46103_SA169.fasta
ST152_id46103_SA169.fasta	# 
ST152_id46103_SA169.fasta	# The phenotype 'No resistance' should be interpreted with
ST152_id46103_SA169.fasta	# caution, as it only means that nothing in the used
ST152_id46103_SA169.fasta	# database indicate resistance, but resistance could exist
ST152_id46103_SA169.fasta	# from 'unknown' or not yet implemented sources.
ST152_id46103_SA169.fasta	# 
ST152_id46103_SA169.fasta	# The 'Match' column stores one of the integers 0, 1, 2, 3.
ST152_id46103_SA169.fasta	#      0: No match found
ST152_id46103_SA169.fasta	#      1: Match < 100% ID AND match length < ref length
ST152_id46103_SA169.fasta	#      2: Match < 100% ID AND match length = ref length
ST152_id46103_SA169.fasta	#      3: Match = 100% ID AND match length = ref length
ST152_id46103_SA169.fasta	# If several hits causing the same resistance are found,
ST152_id46103_SA169.fasta	# the highest number will be stored in the 'Match' column.
ST152_id46103_SA169.fasta	# Antimicrobial	Class	WGS-predicted phenotype	Match	Genetic background
ST152_id46103_SA169.fasta	trimethoprim	folate pathway antagonist	No resistance	0	
ST152_id46103_SA169.fasta	sulfamethoxazole	folate pathway antagonist	No resistance	0	
ST152_id46103_SA169.fasta	gentamicin	aminoglycoside	No resistance	0	
ST152_id46103_SA169.fasta	tiamulin	pleuromutilin	No resistance	0	
ST152_id46103_SA169.fasta	spiramycin	macrolide	No resistance	0	
ST152_id46103_SA169.fasta	tobramycin	aminoglycoside	No resistance	0	
ST152_id46103_SA169.fasta	linezolid	oxazolidinone	No resistance	0	
ST152_id46103_SA169.fasta	cefoxitin	beta-lactam	Resistant	3	mecA (mecA_BX571856)
ST152_id46103_SA169.fasta	ciprofloxacin	quinolone	No resistance	0	
ST152_id46103_SA169.fasta	amikacin	aminoglycoside	No resistance	0	
ST152_id46103_SA169.fasta	tetracycline	tetracycline	Resistant	3	tet(K) (tet(K)_U38656)
ST152_id46103_SA169.fasta	teicoplanin	glycopeptide	No resistance	0	
ST152_id46103_SA169.fasta	quinupristin+dalfopristin	streptogramin a	No resistance	0	
ST152_id46103_SA169.fasta	erythromycin	macrolide	No resistance	0	
ST152_id46103_SA169.fasta	mupirocin	pseudomonic acid	No resistance	0	
ST152_id46103_SA169.fasta	telithromycin	macrolide	No resistance	0	
ST152_id46103_SA169.fasta	fosfomycin	fosfomycin	No resistance	0	
ST152_id46103_SA169.fasta	fusidic acid	steroid antibacterial	No resistance	0	
ST152_id46103_SA169.fasta	chloramphenicol	amphenicol	Resistant	3	cat(pC221) (cat(pC221)_X02529)
ST152_id46103_SA169.fasta	clindamycin	lincosamide	No resistance	0	
ST152_id46103_SA169.fasta	penicillin	beta-lactam	Resistant	3	blaZ (blaZ_CP010941)
ST152_id46103_SA169.fasta	vancomycin	glycopeptide	No resistance	0	
ST152_id46103_SA169.fasta	# WARNING: Features with unknown phenotype 
ST152_id46103_SA169.fasta	# Feature_ID	Region	Database	Hit	Class
ST152_id46103_SA169.fasta	grlB;;1;;CP026964.1_422_d_AA	grlB;;1;;CP026964.1			
ST152_id46109_SA38.fasta	# Sample: ST152_id46109_SA38.fasta
ST152_id46109_SA38.fasta	# 
ST152_id46109_SA38.fasta	# The phenotype 'No resistance' should be interpreted with
ST152_id46109_SA38.fasta	# caution, as it only means that nothing in the used
ST152_id46109_SA38.fasta	# database indicate resistance, but resistance could exist
ST152_id46109_SA38.fasta	# from 'unknown' or not yet implemented sources.
ST152_id46109_SA38.fasta	# 
ST152_id46109_SA38.fasta	# The 'Match' column stores one of the integers 0, 1, 2, 3.
ST152_id46109_SA38.fasta	#      0: No match found
ST152_id46109_SA38.fasta	#      1: Match < 100% ID AND match length < ref length
ST152_id46109_SA38.fasta	#      2: Match < 100% ID AND match length = ref length
ST152_id46109_SA38.fasta	#      3: Match = 100% ID AND match length = ref length
ST152_id46109_SA38.fasta	# If several hits causing the same resistance are found,
ST152_id46109_SA38.fasta	# the highest number will be stored in the 'Match' column.
ST152_id46109_SA38.fasta	# Antimicrobial	Class	WGS-predicted phenotype	Match	Genetic background
ST152_id46109_SA38.fasta	telithromycin	macrolide	No resistance	0	
ST152_id46109_SA38.fasta	tetracycline	tetracycline	Resistant	3	tet(K) (tet(K)_U38656)
ST152_id46109_SA38.fasta	quinupristin+dalfopristin	streptogramin a	No resistance	0	
ST152_id46109_SA38.fasta	trimethoprim	folate pathway antagonist	Resistant	3	dfrG (dfrG_AB205645)
ST152_id46109_SA38.fasta	fusidic acid	steroid antibacterial	No resistance	0	
ST152_id46109_SA38.fasta	vancomycin	glycopeptide	No resistance	0	
ST152_id46109_SA38.fasta	erythromycin	macrolide	Resistant	3	erm(C) (erm(C)_M19652)
ST152_id46109_SA38.fasta	linezolid	oxazolidinone	No resistance	0	
ST152_id46109_SA38.fasta	chloramphenicol	amphenicol	No resistance	0	
ST152_id46109_SA38.fasta	amikacin	aminoglycoside	No resistance	0	
ST152_id46109_SA38.fasta	teicoplanin	glycopeptide	No resistance	0	
ST152_id46109_SA38.fasta	spiramycin	macrolide	No resistance	0	
ST152_id46109_SA38.fasta	penicillin	beta-lactam	Resistant	2	blaZ (blaZ_JBTH01000015)
ST152_id46109_SA38.fasta	clindamycin	lincosamide	Resistant	3	erm(C) (erm(C)_M19652)
ST152_id46109_SA38.fasta	cefoxitin	beta-lactam	Resistant	3	mecA (mecA_NC_007168)
ST152_id46109_SA38.fasta	sulfamethoxazole	folate pathway antagonist	No resistance	0	
ST152_id46109_SA38.fasta	tiamulin	pleuromutilin	No resistance	0	
ST152_id46109_SA38.fasta	tobramycin	aminoglycoside	No resistance	0	
ST152_id46109_SA38.fasta	fosfomycin	fosfomycin	No resistance	0	
ST152_id46109_SA38.fasta	ciprofloxacin	quinolone	No resistance	0	
ST152_id46109_SA38.fasta	gentamicin	aminoglycoside	No resistance	0	
ST152_id46109_SA38.fasta	mupirocin	pseudomonic acid	No resistance	0	
ST152_id46109_SA38.fasta	# WARNING: Features with unknown phenotype 
ST152_id46109_SA38.fasta	# Feature_ID	Region	Database	Hit	Class
ST152_id46109_SA38.fasta	grlB;;1;;CP026964.1_422_d_AA	grlB;;1;;CP026964.1			
ST152_id46110_SA43.fasta	# Sample: ST152_id46110_SA43.fasta
ST152_id46110_SA43.fasta	# 
ST152_id46110_SA43.fasta	# The phenotype 'No resistance' should be interpreted with
ST152_id46110_SA43.fasta	# caution, as it only means that nothing in the used
ST152_id46110_SA43.fasta	# database indicate resistance, but resistance could exist
ST152_id46110_SA43.fasta	# from 'unknown' or not yet implemented sources.
ST152_id46110_SA43.fasta	# 
ST152_id46110_SA43.fasta	# The 'Match' column stores one of the integers 0, 1, 2, 3.
ST152_id46110_SA43.fasta	#      0: No match found
ST152_id46110_SA43.fasta	#      1: Match < 100% ID AND match length < ref length
ST152_id46110_SA43.fasta	#      2: Match < 100% ID AND match length = ref length
ST152_id46110_SA43.fasta	#      3: Match = 100% ID AND match length = ref length
ST152_id46110_SA43.fasta	# If several hits causing the same resistance are found,
ST152_id46110_SA43.fasta	# the highest number will be stored in the 'Match' column.
ST152_id46110_SA43.fasta	# Antimicrobial	Class	WGS-predicted phenotype	Match	Genetic background
ST152_id46110_SA43.fasta	vancomycin	glycopeptide	No resistance	0	
ST152_id46110_SA43.fasta	penicillin	beta-lactam	Resistant	3	blaZ (blaZ_CP010941)
ST152_id46110_SA43.fasta	clindamycin	lincosamide	No resistance	0	
ST152_id46110_SA43.fasta	tetracycline	tetracycline	Resistant	1	tet(K) (tet(K)_U38656)
ST152_id46110_SA43.fasta	telithromycin	macrolide	No resistance	0	
ST152_id46110_SA43.fasta	erythromycin	macrolide	No resistance	0	
ST152_id46110_SA43.fasta	linezolid	oxazolidinone	No resistance	0	
ST152_id46110_SA43.fasta	gentamicin	aminoglycoside	No resistance	0	
ST152_id46110_SA43.fasta	tobramycin	aminoglycoside	No resistance	0	
ST152_id46110_SA43.fasta	spiramycin	macrolide	No resistance	0	
ST152_id46110_SA43.fasta	quinupristin+dalfopristin	streptogramin a	No resistance	0	
ST152_id46110_SA43.fasta	cefoxitin	beta-lactam	Resistant	3	mecA (mecA_BX571856)
ST152_id46110_SA43.fasta	mupirocin	pseudomonic acid	No resistance	0	
ST152_id46110_SA43.fasta	sulfamethoxazole	folate pathway antagonist	No resistance	0	
ST152_id46110_SA43.fasta	fosfomycin	fosfomycin	No resistance	0	
ST152_id46110_SA43.fasta	ciprofloxacin	quinolone	No resistance	0	
ST152_id46110_SA43.fasta	tiamulin	pleuromutilin	No resistance	0	
ST152_id46110_SA43.fasta	chloramphenicol	amphenicol	No resistance	0	
ST152_id46110_SA43.fasta	amikacin	aminoglycoside	No resistance	0	
ST152_id46110_SA43.fasta	teicoplanin	glycopeptide	No resistance	0	
ST152_id46110_SA43.fasta	fusidic acid	steroid antibacterial	No resistance	0	
ST152_id46110_SA43.fasta	trimethoprim	folate pathway antagonist	No resistance	0	
ST152_id46110_SA43.fasta	# WARNING: Features with unknown phenotype 
ST152_id46110_SA43.fasta	# Feature_ID	Region	Database	Hit	Class
ST152_id46110_SA43.fasta	grlB;;1;;CP026964.1_422_d_AA	grlB;;1;;CP026964.1			
ST152_id46112_SA-HVS.fasta	# Sample: ST152_id46112_SA-HVS.fasta
ST152_id46112_SA-HVS.fasta	# 
ST152_id46112_SA-HVS.fasta	# The phenotype 'No resistance' should be interpreted with
ST152_id46112_SA-HVS.fasta	# caution, as it only means that nothing in the used
ST152_id46112_SA-HVS.fasta	# database indicate resistance, but resistance could exist
ST152_id46112_SA-HVS.fasta	# from 'unknown' or not yet implemented sources.
ST152_id46112_SA-HVS.fasta	# 
ST152_id46112_SA-HVS.fasta	# The 'Match' column stores one of the integers 0, 1, 2, 3.
ST152_id46112_SA-HVS.fasta	#      0: No match found
ST152_id46112_SA-HVS.fasta	#      1: Match < 100% ID AND match length < ref length
ST152_id46112_SA-HVS.fasta	#      2: Match < 100% ID AND match length = ref length
ST152_id46112_SA-HVS.fasta	#      3: Match = 100% ID AND match length = ref length
ST152_id46112_SA-HVS.fasta	# If several hits causing the same resistance are found,
ST152_id46112_SA-HVS.fasta	# the highest number will be stored in the 'Match' column.
ST152_id46112_SA-HVS.fasta	# Antimicrobial	Class	WGS-predicted phenotype	Match	Genetic background
ST152_id46112_SA-HVS.fasta	tobramycin	aminoglycoside	No resistance	0	
ST152_id46112_SA-HVS.fasta	sulfamethoxazole	folate pathway antagonist	No resistance	0	
ST152_id46112_SA-HVS.fasta	fusidic acid	steroid antibacterial	No resistance	0	
ST152_id46112_SA-HVS.fasta	penicillin	beta-lactam	Resistant	3	blaZ (blaZ_CP010941)
ST152_id46112_SA-HVS.fasta	teicoplanin	glycopeptide	No resistance	0	
ST152_id46112_SA-HVS.fasta	telithromycin	macrolide	No resistance	0	
ST152_id46112_SA-HVS.fasta	mupirocin	pseudomonic acid	No resistance	0	
ST152_id46112_SA-HVS.fasta	vancomycin	glycopeptide	No resistance	0	
ST152_id46112_SA-HVS.fasta	amikacin	aminoglycoside	No resistance	0	
ST152_id46112_SA-HVS.fasta	spiramycin	macrolide	No resistance	0	
ST152_id46112_SA-HVS.fasta	tetracycline	tetracycline	No resistance	0	
ST152_id46112_SA-HVS.fasta	quinupristin+dalfopristin	streptogramin a	No resistance	0	
ST152_id46112_SA-HVS.fasta	trimethoprim	folate pathway antagonist	No resistance	0	
ST152_id46112_SA-HVS.fasta	chloramphenicol	amphenicol	No resistance	0	
ST152_id46112_SA-HVS.fasta	gentamicin	aminoglycoside	No resistance	0	
ST152_id46112_SA-HVS.fasta	linezolid	oxazolidinone	No resistance	0	
ST152_id46112_SA-HVS.fasta	cefoxitin	beta-lactam	No resistance	0	
ST152_id46112_SA-HVS.fasta	erythromycin	macrolide	No resistance	0	
ST152_id46112_SA-HVS.fasta	clindamycin	lincosamide	No resistance	0	
ST152_id46112_SA-HVS.fasta	ciprofloxacin	quinolone	No resistance	0	
ST152_id46112_SA-HVS.fasta	tiamulin	pleuromutilin	No resistance	0	
ST152_id46112_SA-HVS.fasta	fosfomycin	fosfomycin	No resistance	0	
ST152_id46112_SA-HVS.fasta	# WARNING: Features with unknown phenotype 
ST152_id46112_SA-HVS.fasta	# Feature_ID	Region	Database	Hit	Class
ST152_id46112_SA-HVS.fasta	grlB;;1;;CP026964.1_422_d_AA	grlB;;1;;CP026964.1			
ST152_id46120_STAPH46-B.fasta	# Sample: ST152_id46120_STAPH46-B.fasta
ST152_id46120_STAPH46-B.fasta	# 
ST152_id46120_STAPH46-B.fasta	# The phenotype 'No resistance' should be interpreted with
ST152_id46120_STAPH46-B.fasta	# caution, as it only means that nothing in the used
ST152_id46120_STAPH46-B.fasta	# database indicate resistance, but resistance could exist
ST152_id46120_STAPH46-B.fasta	# from 'unknown' or not yet implemented sources.
ST152_id46120_STAPH46-B.fasta	# 
ST152_id46120_STAPH46-B.fasta	# The 'Match' column stores one of the integers 0, 1, 2, 3.
ST152_id46120_STAPH46-B.fasta	#      0: No match found
ST152_id46120_STAPH46-B.fasta	#      1: Match < 100% ID AND match length < ref length
ST152_id46120_STAPH46-B.fasta	#      2: Match < 100% ID AND match length = ref length
ST152_id46120_STAPH46-B.fasta	#      3: Match = 100% ID AND match length = ref length
ST152_id46120_STAPH46-B.fasta	# If several hits causing the same resistance are found,
ST152_id46120_STAPH46-B.fasta	# the highest number will be stored in the 'Match' column.
ST152_id46120_STAPH46-B.fasta	# Antimicrobial	Class	WGS-predicted phenotype	Match	Genetic background
ST152_id46120_STAPH46-B.fasta	clindamycin	lincosamide	No resistance	0	
ST152_id46120_STAPH46-B.fasta	quinupristin+dalfopristin	streptogramin a	No resistance	0	
ST152_id46120_STAPH46-B.fasta	amikacin	aminoglycoside	No resistance	0	
ST152_id46120_STAPH46-B.fasta	sulfamethoxazole	folate pathway antagonist	No resistance	0	
ST152_id46120_STAPH46-B.fasta	linezolid	oxazolidinone	No resistance	0	
ST152_id46120_STAPH46-B.fasta	ciprofloxacin	quinolone	No resistance	0	
ST152_id46120_STAPH46-B.fasta	mupirocin	pseudomonic acid	No resistance	0	
ST152_id46120_STAPH46-B.fasta	vancomycin	glycopeptide	No resistance	0	
ST152_id46120_STAPH46-B.fasta	fosfomycin	fosfomycin	No resistance	0	
ST152_id46120_STAPH46-B.fasta	cefoxitin	beta-lactam	Resistant	3	mecA (mecA_BX571856)
ST152_id46120_STAPH46-B.fasta	teicoplanin	glycopeptide	No resistance	0	
ST152_id46120_STAPH46-B.fasta	erythromycin	macrolide	No resistance	0	
ST152_id46120_STAPH46-B.fasta	trimethoprim	folate pathway antagonist	No resistance	0	
ST152_id46120_STAPH46-B.fasta	spiramycin	macrolide	No resistance	0	
ST152_id46120_STAPH46-B.fasta	penicillin	beta-lactam	Resistant	3	blaZ (blaZ_CP010941)
ST152_id46120_STAPH46-B.fasta	gentamicin	aminoglycoside	No resistance	0	
ST152_id46120_STAPH46-B.fasta	chloramphenicol	amphenicol	Resistant	3	cat(pC221) (cat(pC221)_X02529)
ST152_id46120_STAPH46-B.fasta	telithromycin	macrolide	No resistance	0	
ST152_id46120_STAPH46-B.fasta	tobramycin	aminoglycoside	No resistance	0	
ST152_id46120_STAPH46-B.fasta	tiamulin	pleuromutilin	No resistance	0	
ST152_id46120_STAPH46-B.fasta	fusidic acid	steroid antibacterial	No resistance	0	
ST152_id46120_STAPH46-B.fasta	tetracycline	tetracycline	Resistant	3	tet(K) (tet(K)_U38656)
ST152_id46120_STAPH46-B.fasta	# WARNING: Features with unknown phenotype 
ST152_id46120_STAPH46-B.fasta	# Feature_ID	Region	Database	Hit	Class
ST152_id46120_STAPH46-B.fasta	grlB;;1;;CP026964.1_422_d_AA	grlB;;1;;CP026964.1			
ST22_id42176_HA-MRSA-56.fasta	# Sample: ST22_id42176_HA-MRSA-56.fasta
ST22_id42176_HA-MRSA-56.fasta	# 
ST22_id42176_HA-MRSA-56.fasta	# The phenotype 'No resistance' should be interpreted with
ST22_id42176_HA-MRSA-56.fasta	# caution, as it only means that nothing in the used
ST22_id42176_HA-MRSA-56.fasta	# database indicate resistance, but resistance could exist
ST22_id42176_HA-MRSA-56.fasta	# from 'unknown' or not yet implemented sources.
ST22_id42176_HA-MRSA-56.fasta	# 
ST22_id42176_HA-MRSA-56.fasta	# The 'Match' column stores one of the integers 0, 1, 2, 3.
ST22_id42176_HA-MRSA-56.fasta	#      0: No match found
ST22_id42176_HA-MRSA-56.fasta	#      1: Match < 100% ID AND match length < ref length
ST22_id42176_HA-MRSA-56.fasta	#      2: Match < 100% ID AND match length = ref length
ST22_id42176_HA-MRSA-56.fasta	#      3: Match = 100% ID AND match length = ref length
ST22_id42176_HA-MRSA-56.fasta	# If several hits causing the same resistance are found,
ST22_id42176_HA-MRSA-56.fasta	# the highest number will be stored in the 'Match' column.
ST22_id42176_HA-MRSA-56.fasta	# Antimicrobial	Class	WGS-predicted phenotype	Match	Genetic background
ST22_id42176_HA-MRSA-56.fasta	tobramycin	aminoglycoside	No resistance	0	
ST22_id42176_HA-MRSA-56.fasta	fusidic acid	steroid antibacterial	No resistance	0	
ST22_id42176_HA-MRSA-56.fasta	linezolid	oxazolidinone	No resistance	0	
ST22_id42176_HA-MRSA-56.fasta	erythromycin	macrolide	No resistance	0	
ST22_id42176_HA-MRSA-56.fasta	vancomycin	glycopeptide	No resistance	0	
ST22_id42176_HA-MRSA-56.fasta	clindamycin	lincosamide	No resistance	0	
ST22_id42176_HA-MRSA-56.fasta	telithromycin	macrolide	No resistance	0	
ST22_id42176_HA-MRSA-56.fasta	penicillin	beta-lactam	No resistance	0	
ST22_id42176_HA-MRSA-56.fasta	fosfomycin	fosfomycin	No resistance	0	
ST22_id42176_HA-MRSA-56.fasta	chloramphenicol	amphenicol	No resistance	0	
ST22_id42176_HA-MRSA-56.fasta	ciprofloxacin	quinolone	No resistance	0	
ST22_id42176_HA-MRSA-56.fasta	amikacin	aminoglycoside	No resistance	0	
ST22_id42176_HA-MRSA-56.fasta	teicoplanin	glycopeptide	No resistance	0	
ST22_id42176_HA-MRSA-56.fasta	tetracycline	tetracycline	No resistance	0	
ST22_id42176_HA-MRSA-56.fasta	trimethoprim	folate pathway antagonist	No resistance	0	
ST22_id42176_HA-MRSA-56.fasta	spiramycin	macrolide	No resistance	0	
ST22_id42176_HA-MRSA-56.fasta	mupirocin	pseudomonic acid	No resistance	0	
ST22_id42176_HA-MRSA-56.fasta	tiamulin	pleuromutilin	No resistance	0	
ST22_id42176_HA-MRSA-56.fasta	gentamicin	aminoglycoside	No resistance	0	
ST22_id42176_HA-MRSA-56.fasta	cefoxitin	beta-lactam	Resistant	1	mecA (mecA_NC_002951)
ST22_id42176_HA-MRSA-56.fasta	sulfamethoxazole	folate pathway antagonist	No resistance	0	
ST22_id42176_HA-MRSA-56.fasta	quinupristin+dalfopristin	streptogramin a	No resistance	0	
ST22_id7459_ERR017301.fasta	# Sample: ST22_id7459_ERR017301.fasta
ST22_id7459_ERR017301.fasta	# 
ST22_id7459_ERR017301.fasta	# The phenotype 'No resistance' should be interpreted with
ST22_id7459_ERR017301.fasta	# caution, as it only means that nothing in the used
ST22_id7459_ERR017301.fasta	# database indicate resistance, but resistance could exist
ST22_id7459_ERR017301.fasta	# from 'unknown' or not yet implemented sources.
ST22_id7459_ERR017301.fasta	# 
ST22_id7459_ERR017301.fasta	# The 'Match' column stores one of the integers 0, 1, 2, 3.
ST22_id7459_ERR017301.fasta	#      0: No match found
ST22_id7459_ERR017301.fasta	#      1: Match < 100% ID AND match length < ref length
ST22_id7459_ERR017301.fasta	#      2: Match < 100% ID AND match length = ref length
ST22_id7459_ERR017301.fasta	#      3: Match = 100% ID AND match length = ref length
ST22_id7459_ERR017301.fasta	# If several hits causing the same resistance are found,
ST22_id7459_ERR017301.fasta	# the highest number will be stored in the 'Match' column.
ST22_id7459_ERR017301.fasta	# Antimicrobial	Class	WGS-predicted phenotype	Match	Genetic background
ST22_id7459_ERR017301.fasta	gentamicin	aminoglycoside	Resistant	1	aac(6')-aph(2'') (aac(6')-aph(2'')_M13771)
ST22_id7459_ERR017301.fasta	sulfamethoxazole	folate pathway antagonist	No resistance	0	
ST22_id7459_ERR017301.fasta	erythromycin	macrolide	No resistance	0	
ST22_id7459_ERR017301.fasta	penicillin	beta-lactam	Resistant	2	blaZ (blaZ_CP003979)
ST22_id7459_ERR017301.fasta	linezolid	oxazolidinone	No resistance	0	
ST22_id7459_ERR017301.fasta	mupirocin	pseudomonic acid	No resistance	0	
ST22_id7459_ERR017301.fasta	ciprofloxacin	quinolone	No resistance	0	
ST22_id7459_ERR017301.fasta	amikacin	aminoglycoside	Resistant	1	aac(6')-aph(2'') (aac(6')-aph(2'')_M13771)
ST22_id7459_ERR017301.fasta	teicoplanin	glycopeptide	No resistance	0	
ST22_id7459_ERR017301.fasta	tiamulin	pleuromutilin	No resistance	0	
ST22_id7459_ERR017301.fasta	clindamycin	lincosamide	No resistance	0	
ST22_id7459_ERR017301.fasta	tetracycline	tetracycline	No resistance	0	
ST22_id7459_ERR017301.fasta	chloramphenicol	amphenicol	No resistance	0	
ST22_id7459_ERR017301.fasta	telithromycin	macrolide	No resistance	0	
ST22_id7459_ERR017301.fasta	fosfomycin	fosfomycin	No resistance	0	
ST22_id7459_ERR017301.fasta	trimethoprim	folate pathway antagonist	No resistance	0	
ST22_id7459_ERR017301.fasta	fusidic acid	steroid antibacterial	No resistance	0	
ST22_id7459_ERR017301.fasta	spiramycin	macrolide	No resistance	0	
ST22_id7459_ERR017301.fasta	vancomycin	glycopeptide	No resistance	0	
ST22_id7459_ERR017301.fasta	cefoxitin	beta-lactam	No resistance	0	
ST22_id7459_ERR017301.fasta	quinupristin+dalfopristin	streptogramin a	No resistance	0	
ST22_id7459_ERR017301.fasta	tobramycin	aminoglycoside	Resistant	1	aac(6')-aph(2'') (aac(6')-aph(2'')_M13771)
ST22_id7529_ERR017291.fasta	# Sample: ST22_id7529_ERR017291.fasta
ST22_id7529_ERR017291.fasta	# 
ST22_id7529_ERR017291.fasta	# The phenotype 'No resistance' should be interpreted with
ST22_id7529_ERR017291.fasta	# caution, as it only means that nothing in the used
ST22_id7529_ERR017291.fasta	# database indicate resistance, but resistance could exist
ST22_id7529_ERR017291.fasta	# from 'unknown' or not yet implemented sources.
ST22_id7529_ERR017291.fasta	# 
ST22_id7529_ERR017291.fasta	# The 'Match' column stores one of the integers 0, 1, 2, 3.
ST22_id7529_ERR017291.fasta	#      0: No match found
ST22_id7529_ERR017291.fasta	#      1: Match < 100% ID AND match length < ref length
ST22_id7529_ERR017291.fasta	#      2: Match < 100% ID AND match length = ref length
ST22_id7529_ERR017291.fasta	#      3: Match = 100% ID AND match length = ref length
ST22_id7529_ERR017291.fasta	# If several hits causing the same resistance are found,
ST22_id7529_ERR017291.fasta	# the highest number will be stored in the 'Match' column.
ST22_id7529_ERR017291.fasta	# Antimicrobial	Class	WGS-predicted phenotype	Match	Genetic background
ST22_id7529_ERR017291.fasta	vancomycin	glycopeptide	No resistance	0	
ST22_id7529_ERR017291.fasta	telithromycin	macrolide	No resistance	0	
ST22_id7529_ERR017291.fasta	sulfamethoxazole	folate pathway antagonist	No resistance	0	
ST22_id7529_ERR017291.fasta	amikacin	aminoglycoside	Resistant	3	aac(6')-aph(2'') (aac(6')-aph(2'')_M13771)
ST22_id7529_ERR017291.fasta	linezolid	oxazolidinone	No resistance	0	
ST22_id7529_ERR017291.fasta	trimethoprim	folate pathway antagonist	No resistance	0	
ST22_id7529_ERR017291.fasta	clindamycin	lincosamide	No resistance	0	
ST22_id7529_ERR017291.fasta	tetracycline	tetracycline	No resistance	0	
ST22_id7529_ERR017291.fasta	ciprofloxacin	quinolone	No resistance	0	
ST22_id7529_ERR017291.fasta	penicillin	beta-lactam	Resistant	2	blaZ (blaZ_CP003979)
ST22_id7529_ERR017291.fasta	fosfomycin	fosfomycin	No resistance	0	
ST22_id7529_ERR017291.fasta	cefoxitin	beta-lactam	No resistance	0	
ST22_id7529_ERR017291.fasta	tiamulin	pleuromutilin	No resistance	0	
ST22_id7529_ERR017291.fasta	teicoplanin	glycopeptide	No resistance	0	
ST22_id7529_ERR017291.fasta	spiramycin	macrolide	No resistance	0	
ST22_id7529_ERR017291.fasta	mupirocin	pseudomonic acid	No resistance	0	
ST22_id7529_ERR017291.fasta	fusidic acid	steroid antibacterial	No resistance	0	
ST22_id7529_ERR017291.fasta	quinupristin+dalfopristin	streptogramin a	No resistance	0	
ST22_id7529_ERR017291.fasta	gentamicin	aminoglycoside	Resistant	3	aac(6')-aph(2'') (aac(6')-aph(2'')_M13771)
ST22_id7529_ERR017291.fasta	erythromycin	macrolide	No resistance	0	
ST22_id7529_ERR017291.fasta	tobramycin	aminoglycoside	Resistant	3	aac(6')-aph(2'') (aac(6')-aph(2'')_M13771)
ST22_id7529_ERR017291.fasta	chloramphenicol	amphenicol	No resistance	0	
ST22_id7684_ERR017256.fasta	# Sample: ST22_id7684_ERR017256.fasta
ST22_id7684_ERR017256.fasta	# 
ST22_id7684_ERR017256.fasta	# The phenotype 'No resistance' should be interpreted with
ST22_id7684_ERR017256.fasta	# caution, as it only means that nothing in the used
ST22_id7684_ERR017256.fasta	# database indicate resistance, but resistance could exist
ST22_id7684_ERR017256.fasta	# from 'unknown' or not yet implemented sources.
ST22_id7684_ERR017256.fasta	# 
ST22_id7684_ERR017256.fasta	# The 'Match' column stores one of the integers 0, 1, 2, 3.
ST22_id7684_ERR017256.fasta	#      0: No match found
ST22_id7684_ERR017256.fasta	#      1: Match < 100% ID AND match length < ref length
ST22_id7684_ERR017256.fasta	#      2: Match < 100% ID AND match length = ref length
ST22_id7684_ERR017256.fasta	#      3: Match = 100% ID AND match length = ref length
ST22_id7684_ERR017256.fasta	# If several hits causing the same resistance are found,
ST22_id7684_ERR017256.fasta	# the highest number will be stored in the 'Match' column.
ST22_id7684_ERR017256.fasta	# Antimicrobial	Class	WGS-predicted phenotype	Match	Genetic background
ST22_id7684_ERR017256.fasta	amikacin	aminoglycoside	No resistance	0	
ST22_id7684_ERR017256.fasta	tiamulin	pleuromutilin	No resistance	0	
ST22_id7684_ERR017256.fasta	linezolid	oxazolidinone	No resistance	0	
ST22_id7684_ERR017256.fasta	telithromycin	macrolide	No resistance	0	
ST22_id7684_ERR017256.fasta	tetracycline	tetracycline	Resistant	3	tet(K) (tet(K)_U38656)
ST22_id7684_ERR017256.fasta	erythromycin	macrolide	Resistant	3	erm(C) (erm(C)_M13761)
ST22_id7684_ERR017256.fasta	quinupristin+dalfopristin	streptogramin a	No resistance	0	
ST22_id7684_ERR017256.fasta	cefoxitin	beta-lactam	Resistant	3	mecA (mecA_NC_002951)
ST22_id7684_ERR017256.fasta	penicillin	beta-lactam	Resistant	3	blaZ (blaZ_CP003979)
ST22_id7684_ERR017256.fasta	fusidic acid	steroid antibacterial	No resistance	0	
ST22_id7684_ERR017256.fasta	trimethoprim	folate pathway antagonist	No resistance	0	
ST22_id7684_ERR017256.fasta	fosfomycin	fosfomycin	No resistance	0	
ST22_id7684_ERR017256.fasta	spiramycin	macrolide	No resistance	0	
ST22_id7684_ERR017256.fasta	mupirocin	pseudomonic acid	No resistance	0	
ST22_id7684_ERR017256.fasta	chloramphenicol	amphenicol	No resistance	0	
ST22_id7684_ERR017256.fasta	clindamycin	lincosamide	Resistant	3	erm(C) (erm(C)_M13761)
ST22_id7684_ERR017256.fasta	vancomycin	glycopeptide	No resistance	0	
ST22_id7684_ERR017256.fasta	teicoplanin	glycopeptide	No resistance	0	
ST22_id7684_ERR017256.fasta	gentamicin	aminoglycoside	No resistance	0	
ST22_id7684_ERR017256.fasta	tobramycin	aminoglycoside	No resistance	0	
ST22_id7684_ERR017256.fasta	ciprofloxacin	quinolone	Resistant	3	
ST22_id7684_ERR017256.fasta	sulfamethoxazole	folate pathway antagonist	No resistance	0	
ST22_id7735_ERR017257.fasta	# Sample: ST22_id7735_ERR017257.fasta
ST22_id7735_ERR017257.fasta	# 
ST22_id7735_ERR017257.fasta	# The phenotype 'No resistance' should be interpreted with
ST22_id7735_ERR017257.fasta	# caution, as it only means that nothing in the used
ST22_id7735_ERR017257.fasta	# database indicate resistance, but resistance could exist
ST22_id7735_ERR017257.fasta	# from 'unknown' or not yet implemented sources.
ST22_id7735_ERR017257.fasta	# 
ST22_id7735_ERR017257.fasta	# The 'Match' column stores one of the integers 0, 1, 2, 3.
ST22_id7735_ERR017257.fasta	#      0: No match found
ST22_id7735_ERR017257.fasta	#      1: Match < 100% ID AND match length < ref length
ST22_id7735_ERR017257.fasta	#      2: Match < 100% ID AND match length = ref length
ST22_id7735_ERR017257.fasta	#      3: Match = 100% ID AND match length = ref length
ST22_id7735_ERR017257.fasta	# If several hits causing the same resistance are found,
ST22_id7735_ERR017257.fasta	# the highest number will be stored in the 'Match' column.
ST22_id7735_ERR017257.fasta	# Antimicrobial	Class	WGS-predicted phenotype	Match	Genetic background
ST22_id7735_ERR017257.fasta	tiamulin	pleuromutilin	No resistance	0	
ST22_id7735_ERR017257.fasta	penicillin	beta-lactam	Resistant	2	blaZ (blaZ_CP003979)
ST22_id7735_ERR017257.fasta	ciprofloxacin	quinolone	No resistance	0	
ST22_id7735_ERR017257.fasta	spiramycin	macrolide	No resistance	0	
ST22_id7735_ERR017257.fasta	amikacin	aminoglycoside	No resistance	0	
ST22_id7735_ERR017257.fasta	vancomycin	glycopeptide	No resistance	0	
ST22_id7735_ERR017257.fasta	fusidic acid	steroid antibacterial	No resistance	0	
ST22_id7735_ERR017257.fasta	mupirocin	pseudomonic acid	No resistance	0	
ST22_id7735_ERR017257.fasta	trimethoprim	folate pathway antagonist	No resistance	0	
ST22_id7735_ERR017257.fasta	erythromycin	macrolide	No resistance	0	
ST22_id7735_ERR017257.fasta	quinupristin+dalfopristin	streptogramin a	No resistance	0	
ST22_id7735_ERR017257.fasta	cefoxitin	beta-lactam	No resistance	0	
ST22_id7735_ERR017257.fasta	gentamicin	aminoglycoside	No resistance	0	
ST22_id7735_ERR017257.fasta	linezolid	oxazolidinone	No resistance	0	
ST22_id7735_ERR017257.fasta	tetracycline	tetracycline	Resistant	3	tet(K) (tet(K)_U38656)
ST22_id7735_ERR017257.fasta	clindamycin	lincosamide	No resistance	0	
ST22_id7735_ERR017257.fasta	telithromycin	macrolide	No resistance	0	
ST22_id7735_ERR017257.fasta	sulfamethoxazole	folate pathway antagonist	No resistance	0	
ST22_id7735_ERR017257.fasta	chloramphenicol	amphenicol	No resistance	0	
ST22_id7735_ERR017257.fasta	teicoplanin	glycopeptide	No resistance	0	
ST22_id7735_ERR017257.fasta	tobramycin	aminoglycoside	No resistance	0	
ST22_id7735_ERR017257.fasta	fosfomycin	fosfomycin	No resistance	0	
ST5477_id37088_st5477_kp2016.fasta	# Sample: ST5477_id37088_st5477_kp2016.fasta
ST5477_id37088_st5477_kp2016.fasta	# 
ST5477_id37088_st5477_kp2016.fasta	# The phenotype 'No resistance' should be interpreted with
ST5477_id37088_st5477_kp2016.fasta	# caution, as it only means that nothing in the used
ST5477_id37088_st5477_kp2016.fasta	# database indicate resistance, but resistance could exist
ST5477_id37088_st5477_kp2016.fasta	# from 'unknown' or not yet implemented sources.
ST5477_id37088_st5477_kp2016.fasta	# 
ST5477_id37088_st5477_kp2016.fasta	# The 'Match' column stores one of the integers 0, 1, 2, 3.
ST5477_id37088_st5477_kp2016.fasta	#      0: No match found
ST5477_id37088_st5477_kp2016.fasta	#      1: Match < 100% ID AND match length < ref length
ST5477_id37088_st5477_kp2016.fasta	#      2: Match < 100% ID AND match length = ref length
ST5477_id37088_st5477_kp2016.fasta	#      3: Match = 100% ID AND match length = ref length
ST5477_id37088_st5477_kp2016.fasta	# If several hits causing the same resistance are found,
ST5477_id37088_st5477_kp2016.fasta	# the highest number will be stored in the 'Match' column.
ST5477_id37088_st5477_kp2016.fasta	# Antimicrobial	Class	WGS-predicted phenotype	Match	Genetic background
ST5477_id37088_st5477_kp2016.fasta	amikacin	aminoglycoside	No resistance	0	
ST5477_id37088_st5477_kp2016.fasta	fosfomycin	fosfomycin	No resistance	0	
ST5477_id37088_st5477_kp2016.fasta	gentamicin	aminoglycoside	No resistance	0	
ST5477_id37088_st5477_kp2016.fasta	cefoxitin	beta-lactam	No resistance	0	
ST5477_id37088_st5477_kp2016.fasta	sulfamethoxazole	folate pathway antagonist	No resistance	0	
ST5477_id37088_st5477_kp2016.fasta	tiamulin	pleuromutilin	No resistance	0	
ST5477_id37088_st5477_kp2016.fasta	spiramycin	macrolide	No resistance	0	
ST5477_id37088_st5477_kp2016.fasta	trimethoprim	folate pathway antagonist	No resistance	0	
ST5477_id37088_st5477_kp2016.fasta	clindamycin	lincosamide	No resistance	0	
ST5477_id37088_st5477_kp2016.fasta	teicoplanin	glycopeptide	No resistance	0	
ST5477_id37088_st5477_kp2016.fasta	penicillin	beta-lactam	Resistant	3	blaZ (blaZ_AHVO01000010)
ST5477_id37088_st5477_kp2016.fasta	fusidic acid	steroid antibacterial	No resistance	0	
ST5477_id37088_st5477_kp2016.fasta	tetracycline	tetracycline	Resistant	3	tet(K) (tet(K)_U38656)
ST5477_id37088_st5477_kp2016.fasta	vancomycin	glycopeptide	No resistance	0	
ST5477_id37088_st5477_kp2016.fasta	linezolid	oxazolidinone	No resistance	0	
ST5477_id37088_st5477_kp2016.fasta	telithromycin	macrolide	No resistance	0	
ST5477_id37088_st5477_kp2016.fasta	erythromycin	macrolide	No resistance	0	
ST5477_id37088_st5477_kp2016.fasta	chloramphenicol	amphenicol	No resistance	0	
ST5477_id37088_st5477_kp2016.fasta	quinupristin+dalfopristin	streptogramin a	No resistance	0	
ST5477_id37088_st5477_kp2016.fasta	tobramycin	aminoglycoside	No resistance	0	
ST5477_id37088_st5477_kp2016.fasta	ciprofloxacin	quinolone	No resistance	0	
ST5477_id37088_st5477_kp2016.fasta	mupirocin	pseudomonic acid	No resistance	0	
ST5477_id37088_st5477_kp2016.fasta	# WARNING: Features with unknown phenotype 
ST5477_id37088_st5477_kp2016.fasta	# Feature_ID	Region	Database	Hit	Class
ST5477_id37088_st5477_kp2016.fasta	grlB;;1;;CP026964.1_422_d_AA	grlB;;1;;CP026964.1			
ST5477_id37094_st5477_sp2017.fasta	# Sample: ST5477_id37094_st5477_sp2017.fasta
ST5477_id37094_st5477_sp2017.fasta	# 
ST5477_id37094_st5477_sp2017.fasta	# The phenotype 'No resistance' should be interpreted with
ST5477_id37094_st5477_sp2017.fasta	# caution, as it only means that nothing in the used
ST5477_id37094_st5477_sp2017.fasta	# database indicate resistance, but resistance could exist
ST5477_id37094_st5477_sp2017.fasta	# from 'unknown' or not yet implemented sources.
ST5477_id37094_st5477_sp2017.fasta	# 
ST5477_id37094_st5477_sp2017.fasta	# The 'Match' column stores one of the integers 0, 1, 2, 3.
ST5477_id37094_st5477_sp2017.fasta	#      0: No match found
ST5477_id37094_st5477_sp2017.fasta	#      1: Match < 100% ID AND match length < ref length
ST5477_id37094_st5477_sp2017.fasta	#      2: Match < 100% ID AND match length = ref length
ST5477_id37094_st5477_sp2017.fasta	#      3: Match = 100% ID AND match length = ref length
ST5477_id37094_st5477_sp2017.fasta	# If several hits causing the same resistance are found,
ST5477_id37094_st5477_sp2017.fasta	# the highest number will be stored in the 'Match' column.
ST5477_id37094_st5477_sp2017.fasta	# Antimicrobial	Class	WGS-predicted phenotype	Match	Genetic background
ST5477_id37094_st5477_sp2017.fasta	sulfamethoxazole	folate pathway antagonist	No resistance	0	
ST5477_id37094_st5477_sp2017.fasta	teicoplanin	glycopeptide	No resistance	0	
ST5477_id37094_st5477_sp2017.fasta	telithromycin	macrolide	No resistance	0	
ST5477_id37094_st5477_sp2017.fasta	ciprofloxacin	quinolone	No resistance	0	
ST5477_id37094_st5477_sp2017.fasta	penicillin	beta-lactam	Resistant	3	blaZ (blaZ_AHVO01000010)
ST5477_id37094_st5477_sp2017.fasta	mupirocin	pseudomonic acid	No resistance	0	
ST5477_id37094_st5477_sp2017.fasta	erythromycin	macrolide	No resistance	0	
ST5477_id37094_st5477_sp2017.fasta	quinupristin+dalfopristin	streptogramin a	No resistance	0	
ST5477_id37094_st5477_sp2017.fasta	fosfomycin	fosfomycin	No resistance	0	
ST5477_id37094_st5477_sp2017.fasta	cefoxitin	beta-lactam	No resistance	0	
ST5477_id37094_st5477_sp2017.fasta	gentamicin	aminoglycoside	No resistance	0	
ST5477_id37094_st5477_sp2017.fasta	linezolid	oxazolidinone	No resistance	0	
ST5477_id37094_st5477_sp2017.fasta	chloramphenicol	amphenicol	No resistance	0	
ST5477_id37094_st5477_sp2017.fasta	tetracycline	tetracycline	No resistance	0	
ST5477_id37094_st5477_sp2017.fasta	trimethoprim	folate pathway antagonist	No resistance	0	
ST5477_id37094_st5477_sp2017.fasta	vancomycin	glycopeptide	No resistance	0	
ST5477_id37094_st5477_sp2017.fasta	tiamulin	pleuromutilin	No resistance	0	
ST5477_id37094_st5477_sp2017.fasta	spiramycin	macrolide	No resistance	0	
ST5477_id37094_st5477_sp2017.fasta	clindamycin	lincosamide	No resistance	0	
ST5477_id37094_st5477_sp2017.fasta	tobramycin	aminoglycoside	No resistance	0	
ST5477_id37094_st5477_sp2017.fasta	amikacin	aminoglycoside	No resistance	0	
ST5477_id37094_st5477_sp2017.fasta	fusidic acid	steroid antibacterial	No resistance	0	
ST5477_id37094_st5477_sp2017.fasta	# WARNING: Features with unknown phenotype 
ST5477_id37094_st5477_sp2017.fasta	# Feature_ID	Region	Database	Hit	Class
ST5477_id37094_st5477_sp2017.fasta	grlB;;1;;CP026964.1_422_d_AA	grlB;;1;;CP026964.1			
ST5477_id37098_st5477_np2017.fasta	# Sample: ST5477_id37098_st5477_np2017.fasta
ST5477_id37098_st5477_np2017.fasta	# 
ST5477_id37098_st5477_np2017.fasta	# The phenotype 'No resistance' should be interpreted with
ST5477_id37098_st5477_np2017.fasta	# caution, as it only means that nothing in the used
ST5477_id37098_st5477_np2017.fasta	# database indicate resistance, but resistance could exist
ST5477_id37098_st5477_np2017.fasta	# from 'unknown' or not yet implemented sources.
ST5477_id37098_st5477_np2017.fasta	# 
ST5477_id37098_st5477_np2017.fasta	# The 'Match' column stores one of the integers 0, 1, 2, 3.
ST5477_id37098_st5477_np2017.fasta	#      0: No match found
ST5477_id37098_st5477_np2017.fasta	#      1: Match < 100% ID AND match length < ref length
ST5477_id37098_st5477_np2017.fasta	#      2: Match < 100% ID AND match length = ref length
ST5477_id37098_st5477_np2017.fasta	#      3: Match = 100% ID AND match length = ref length
ST5477_id37098_st5477_np2017.fasta	# If several hits causing the same resistance are found,
ST5477_id37098_st5477_np2017.fasta	# the highest number will be stored in the 'Match' column.
ST5477_id37098_st5477_np2017.fasta	# Antimicrobial	Class	WGS-predicted phenotype	Match	Genetic background
ST5477_id37098_st5477_np2017.fasta	chloramphenicol	amphenicol	No resistance	0	
ST5477_id37098_st5477_np2017.fasta	gentamicin	aminoglycoside	No resistance	0	
ST5477_id37098_st5477_np2017.fasta	erythromycin	macrolide	No resistance	0	
ST5477_id37098_st5477_np2017.fasta	cefoxitin	beta-lactam	No resistance	0	
ST5477_id37098_st5477_np2017.fasta	spiramycin	macrolide	No resistance	0	
ST5477_id37098_st5477_np2017.fasta	clindamycin	lincosamide	No resistance	0	
ST5477_id37098_st5477_np2017.fasta	fosfomycin	fosfomycin	No resistance	0	
ST5477_id37098_st5477_np2017.fasta	ciprofloxacin	quinolone	No resistance	0	
ST5477_id37098_st5477_np2017.fasta	trimethoprim	folate pathway antagonist	No resistance	0	
ST5477_id37098_st5477_np2017.fasta	telithromycin	macrolide	No resistance	0	
ST5477_id37098_st5477_np2017.fasta	linezolid	oxazolidinone	No resistance	0	
ST5477_id37098_st5477_np2017.fasta	fusidic acid	steroid antibacterial	No resistance	0	
ST5477_id37098_st5477_np2017.fasta	quinupristin+dalfopristin	streptogramin a	No resistance	0	
ST5477_id37098_st5477_np2017.fasta	mupirocin	pseudomonic acid	No resistance	0	
ST5477_id37098_st5477_np2017.fasta	penicillin	beta-lactam	Resistant	3	blaZ (blaZ_AHVO01000010)
ST5477_id37098_st5477_np2017.fasta	tetracycline	tetracycline	No resistance	0	
ST5477_id37098_st5477_np2017.fasta	sulfamethoxazole	folate pathway antagonist	No resistance	0	
ST5477_id37098_st5477_np2017.fasta	teicoplanin	glycopeptide	No resistance	0	
ST5477_id37098_st5477_np2017.fasta	amikacin	aminoglycoside	No resistance	0	
ST5477_id37098_st5477_np2017.fasta	tobramycin	aminoglycoside	No resistance	0	
ST5477_id37098_st5477_np2017.fasta	vancomycin	glycopeptide	No resistance	0	
ST5477_id37098_st5477_np2017.fasta	tiamulin	pleuromutilin	No resistance	0	
ST5477_id37098_st5477_np2017.fasta	# WARNING: Features with unknown phenotype 
ST5477_id37098_st5477_np2017.fasta	# Feature_ID	Region	Database	Hit	Class
ST5477_id37098_st5477_np2017.fasta	grlB;;1;;CP026964.1_422_d_AA	grlB;;1;;CP026964.1			
ST5477_id37103_st5477i_wp2017.fasta	# Sample: ST5477_id37103_st5477i_wp2017.fasta
ST5477_id37103_st5477i_wp2017.fasta	# 
ST5477_id37103_st5477i_wp2017.fasta	# The phenotype 'No resistance' should be interpreted with
ST5477_id37103_st5477i_wp2017.fasta	# caution, as it only means that nothing in the used
ST5477_id37103_st5477i_wp2017.fasta	# database indicate resistance, but resistance could exist
ST5477_id37103_st5477i_wp2017.fasta	# from 'unknown' or not yet implemented sources.
ST5477_id37103_st5477i_wp2017.fasta	# 
ST5477_id37103_st5477i_wp2017.fasta	# The 'Match' column stores one of the integers 0, 1, 2, 3.
ST5477_id37103_st5477i_wp2017.fasta	#      0: No match found
ST5477_id37103_st5477i_wp2017.fasta	#      1: Match < 100% ID AND match length < ref length
ST5477_id37103_st5477i_wp2017.fasta	#      2: Match < 100% ID AND match length = ref length
ST5477_id37103_st5477i_wp2017.fasta	#      3: Match = 100% ID AND match length = ref length
ST5477_id37103_st5477i_wp2017.fasta	# If several hits causing the same resistance are found,
ST5477_id37103_st5477i_wp2017.fasta	# the highest number will be stored in the 'Match' column.
ST5477_id37103_st5477i_wp2017.fasta	# Antimicrobial	Class	WGS-predicted phenotype	Match	Genetic background
ST5477_id37103_st5477i_wp2017.fasta	vancomycin	glycopeptide	No resistance	0	
ST5477_id37103_st5477i_wp2017.fasta	tobramycin	aminoglycoside	No resistance	0	
ST5477_id37103_st5477i_wp2017.fasta	fusidic acid	steroid antibacterial	No resistance	0	
ST5477_id37103_st5477i_wp2017.fasta	amikacin	aminoglycoside	No resistance	0	
ST5477_id37103_st5477i_wp2017.fasta	teicoplanin	glycopeptide	No resistance	0	
ST5477_id37103_st5477i_wp2017.fasta	quinupristin+dalfopristin	streptogramin a	No resistance	0	
ST5477_id37103_st5477i_wp2017.fasta	fosfomycin	fosfomycin	No resistance	0	
ST5477_id37103_st5477i_wp2017.fasta	tetracycline	tetracycline	No resistance	0	
ST5477_id37103_st5477i_wp2017.fasta	telithromycin	macrolide	No resistance	0	
ST5477_id37103_st5477i_wp2017.fasta	sulfamethoxazole	folate pathway antagonist	No resistance	0	
ST5477_id37103_st5477i_wp2017.fasta	tiamulin	pleuromutilin	No resistance	0	
ST5477_id37103_st5477i_wp2017.fasta	cefoxitin	beta-lactam	No resistance	0	
ST5477_id37103_st5477i_wp2017.fasta	erythromycin	macrolide	No resistance	0	
ST5477_id37103_st5477i_wp2017.fasta	gentamicin	aminoglycoside	No resistance	0	
ST5477_id37103_st5477i_wp2017.fasta	trimethoprim	folate pathway antagonist	No resistance	0	
ST5477_id37103_st5477i_wp2017.fasta	chloramphenicol	amphenicol	No resistance	0	
ST5477_id37103_st5477i_wp2017.fasta	linezolid	oxazolidinone	No resistance	0	
ST5477_id37103_st5477i_wp2017.fasta	mupirocin	pseudomonic acid	No resistance	0	
ST5477_id37103_st5477i_wp2017.fasta	penicillin	beta-lactam	Resistant	3	blaZ (blaZ_AHVO01000010)
ST5477_id37103_st5477i_wp2017.fasta	clindamycin	lincosamide	No resistance	0	
ST5477_id37103_st5477i_wp2017.fasta	spiramycin	macrolide	No resistance	0	
ST5477_id37103_st5477i_wp2017.fasta	ciprofloxacin	quinolone	No resistance	0	
ST5477_id37103_st5477i_wp2017.fasta	# WARNING: Features with unknown phenotype 
ST5477_id37103_st5477i_wp2017.fasta	# Feature_ID	Region	Database	Hit	Class
ST5477_id37103_st5477i_wp2017.fasta	grlB;;1;;CP026964.1_422_d_AA	grlB;;1;;CP026964.1			
ST5477_id37107_st5477ii_wp2017.fasta	# Sample: ST5477_id37107_st5477ii_wp2017.fasta
ST5477_id37107_st5477ii_wp2017.fasta	# 
ST5477_id37107_st5477ii_wp2017.fasta	# The phenotype 'No resistance' should be interpreted with
ST5477_id37107_st5477ii_wp2017.fasta	# caution, as it only means that nothing in the used
ST5477_id37107_st5477ii_wp2017.fasta	# database indicate resistance, but resistance could exist
ST5477_id37107_st5477ii_wp2017.fasta	# from 'unknown' or not yet implemented sources.
ST5477_id37107_st5477ii_wp2017.fasta	# 
ST5477_id37107_st5477ii_wp2017.fasta	# The 'Match' column stores one of the integers 0, 1, 2, 3.
ST5477_id37107_st5477ii_wp2017.fasta	#      0: No match found
ST5477_id37107_st5477ii_wp2017.fasta	#      1: Match < 100% ID AND match length < ref length
ST5477_id37107_st5477ii_wp2017.fasta	#      2: Match < 100% ID AND match length = ref length
ST5477_id37107_st5477ii_wp2017.fasta	#      3: Match = 100% ID AND match length = ref length
ST5477_id37107_st5477ii_wp2017.fasta	# If several hits causing the same resistance are found,
ST5477_id37107_st5477ii_wp2017.fasta	# the highest number will be stored in the 'Match' column.
ST5477_id37107_st5477ii_wp2017.fasta	# Antimicrobial	Class	WGS-predicted phenotype	Match	Genetic background
ST5477_id37107_st5477ii_wp2017.fasta	tobramycin	aminoglycoside	No resistance	0	
ST5477_id37107_st5477ii_wp2017.fasta	quinupristin+dalfopristin	streptogramin a	No resistance	0	
ST5477_id37107_st5477ii_wp2017.fasta	spiramycin	macrolide	No resistance	0	
ST5477_id37107_st5477ii_wp2017.fasta	amikacin	aminoglycoside	No resistance	0	
ST5477_id37107_st5477ii_wp2017.fasta	telithromycin	macrolide	No resistance	0	
ST5477_id37107_st5477ii_wp2017.fasta	tetracycline	tetracycline	No resistance	0	
ST5477_id37107_st5477ii_wp2017.fasta	tiamulin	pleuromutilin	No resistance	0	
ST5477_id37107_st5477ii_wp2017.fasta	mupirocin	pseudomonic acid	No resistance	0	
ST5477_id37107_st5477ii_wp2017.fasta	fusidic acid	steroid antibacterial	No resistance	0	
ST5477_id37107_st5477ii_wp2017.fasta	vancomycin	glycopeptide	No resistance	0	
ST5477_id37107_st5477ii_wp2017.fasta	gentamicin	aminoglycoside	No resistance	0	
ST5477_id37107_st5477ii_wp2017.fasta	trimethoprim	folate pathway antagonist	No resistance	0	
ST5477_id37107_st5477ii_wp2017.fasta	teicoplanin	glycopeptide	No resistance	0	
ST5477_id37107_st5477ii_wp2017.fasta	fosfomycin	fosfomycin	No resistance	0	
ST5477_id37107_st5477ii_wp2017.fasta	sulfamethoxazole	folate pathway antagonist	No resistance	0	
ST5477_id37107_st5477ii_wp2017.fasta	clindamycin	lincosamide	No resistance	0	
ST5477_id37107_st5477ii_wp2017.fasta	cefoxitin	beta-lactam	No resistance	0	
ST5477_id37107_st5477ii_wp2017.fasta	erythromycin	macrolide	No resistance	0	
ST5477_id37107_st5477ii_wp2017.fasta	penicillin	beta-lactam	Resistant	3	blaZ (blaZ_AHVO01000010)
ST5477_id37107_st5477ii_wp2017.fasta	chloramphenicol	amphenicol	No resistance	0	
ST5477_id37107_st5477ii_wp2017.fasta	ciprofloxacin	quinolone	No resistance	0	
ST5477_id37107_st5477ii_wp2017.fasta	linezolid	oxazolidinone	No resistance	0	
ST5477_id37107_st5477ii_wp2017.fasta	# WARNING: Features with unknown phenotype 
ST5477_id37107_st5477ii_wp2017.fasta	# Feature_ID	Region	Database	Hit	Class
ST5477_id37107_st5477ii_wp2017.fasta	grlB;;1;;CP026964.1_422_d_AA	grlB;;1;;CP026964.1			
ST72_id38586_FF22_DADST035.fasta	# Sample: ST72_id38586_FF22_DADST035.fasta
ST72_id38586_FF22_DADST035.fasta	# 
ST72_id38586_FF22_DADST035.fasta	# The phenotype 'No resistance' should be interpreted with
ST72_id38586_FF22_DADST035.fasta	# caution, as it only means that nothing in the used
ST72_id38586_FF22_DADST035.fasta	# database indicate resistance, but resistance could exist
ST72_id38586_FF22_DADST035.fasta	# from 'unknown' or not yet implemented sources.
ST72_id38586_FF22_DADST035.fasta	# 
ST72_id38586_FF22_DADST035.fasta	# The 'Match' column stores one of the integers 0, 1, 2, 3.
ST72_id38586_FF22_DADST035.fasta	#      0: No match found
ST72_id38586_FF22_DADST035.fasta	#      1: Match < 100% ID AND match length < ref length
ST72_id38586_FF22_DADST035.fasta	#      2: Match < 100% ID AND match length = ref length
ST72_id38586_FF22_DADST035.fasta	#      3: Match = 100% ID AND match length = ref length
ST72_id38586_FF22_DADST035.fasta	# If several hits causing the same resistance are found,
ST72_id38586_FF22_DADST035.fasta	# the highest number will be stored in the 'Match' column.
ST72_id38586_FF22_DADST035.fasta	# Antimicrobial	Class	WGS-predicted phenotype	Match	Genetic background
ST72_id38586_FF22_DADST035.fasta	chloramphenicol	amphenicol	No resistance	0	
ST72_id38586_FF22_DADST035.fasta	sulfamethoxazole	folate pathway antagonist	No resistance	0	
ST72_id38586_FF22_DADST035.fasta	amikacin	aminoglycoside	No resistance	0	
ST72_id38586_FF22_DADST035.fasta	cefoxitin	beta-lactam	No resistance	0	
ST72_id38586_FF22_DADST035.fasta	mupirocin	pseudomonic acid	No resistance	0	
ST72_id38586_FF22_DADST035.fasta	tetracycline	tetracycline	No resistance	0	
ST72_id38586_FF22_DADST035.fasta	teicoplanin	glycopeptide	No resistance	0	
ST72_id38586_FF22_DADST035.fasta	erythromycin	macrolide	No resistance	0	
ST72_id38586_FF22_DADST035.fasta	fosfomycin	fosfomycin	No resistance	0	
ST72_id38586_FF22_DADST035.fasta	spiramycin	macrolide	No resistance	0	
ST72_id38586_FF22_DADST035.fasta	fusidic acid	steroid antibacterial	No resistance	0	
ST72_id38586_FF22_DADST035.fasta	clindamycin	lincosamide	No resistance	0	
ST72_id38586_FF22_DADST035.fasta	linezolid	oxazolidinone	No resistance	0	
ST72_id38586_FF22_DADST035.fasta	vancomycin	glycopeptide	No resistance	0	
ST72_id38586_FF22_DADST035.fasta	penicillin	beta-lactam	Resistant	3	blaZ (blaZ_CP003979)
ST72_id38586_FF22_DADST035.fasta	quinupristin+dalfopristin	streptogramin a	No resistance	0	
ST72_id38586_FF22_DADST035.fasta	trimethoprim	folate pathway antagonist	Resistant	3	dfrG (dfrG_AB205645)
ST72_id38586_FF22_DADST035.fasta	gentamicin	aminoglycoside	No resistance	0	
ST72_id38586_FF22_DADST035.fasta	tiamulin	pleuromutilin	No resistance	0	
ST72_id38586_FF22_DADST035.fasta	tobramycin	aminoglycoside	No resistance	0	
ST72_id38586_FF22_DADST035.fasta	telithromycin	macrolide	No resistance	0	
ST72_id38586_FF22_DADST035.fasta	ciprofloxacin	quinolone	No resistance	0	
ST72_id42177_HA-MRSA-58.fasta	# Sample: ST72_id42177_HA-MRSA-58.fasta
ST72_id42177_HA-MRSA-58.fasta	# 
ST72_id42177_HA-MRSA-58.fasta	# The phenotype 'No resistance' should be interpreted with
ST72_id42177_HA-MRSA-58.fasta	# caution, as it only means that nothing in the used
ST72_id42177_HA-MRSA-58.fasta	# database indicate resistance, but resistance could exist
ST72_id42177_HA-MRSA-58.fasta	# from 'unknown' or not yet implemented sources.
ST72_id42177_HA-MRSA-58.fasta	# 
ST72_id42177_HA-MRSA-58.fasta	# The 'Match' column stores one of the integers 0, 1, 2, 3.
ST72_id42177_HA-MRSA-58.fasta	#      0: No match found
ST72_id42177_HA-MRSA-58.fasta	#      1: Match < 100% ID AND match length < ref length
ST72_id42177_HA-MRSA-58.fasta	#      2: Match < 100% ID AND match length = ref length
ST72_id42177_HA-MRSA-58.fasta	#      3: Match = 100% ID AND match length = ref length
ST72_id42177_HA-MRSA-58.fasta	# If several hits causing the same resistance are found,
ST72_id42177_HA-MRSA-58.fasta	# the highest number will be stored in the 'Match' column.
ST72_id42177_HA-MRSA-58.fasta	# Antimicrobial	Class	WGS-predicted phenotype	Match	Genetic background
ST72_id42177_HA-MRSA-58.fasta	chloramphenicol	amphenicol	No resistance	0	
ST72_id42177_HA-MRSA-58.fasta	vancomycin	glycopeptide	No resistance	0	
ST72_id42177_HA-MRSA-58.fasta	fusidic acid	steroid antibacterial	Resistant	1	fusC (fusC_KF527883)
ST72_id42177_HA-MRSA-58.fasta	mupirocin	pseudomonic acid	No resistance	0	
ST72_id42177_HA-MRSA-58.fasta	ciprofloxacin	quinolone	Resistant	3	
ST72_id42177_HA-MRSA-58.fasta	linezolid	oxazolidinone	No resistance	0	
ST72_id42177_HA-MRSA-58.fasta	spiramycin	macrolide	No resistance	0	
ST72_id42177_HA-MRSA-58.fasta	cefoxitin	beta-lactam	Resistant	3	mecA (mecA_NC_007168)
ST72_id42177_HA-MRSA-58.fasta	trimethoprim	folate pathway antagonist	Resistant	3	
ST72_id42177_HA-MRSA-58.fasta	quinupristin+dalfopristin	streptogramin a	No resistance	0	
ST72_id42177_HA-MRSA-58.fasta	teicoplanin	glycopeptide	No resistance	0	
ST72_id42177_HA-MRSA-58.fasta	clindamycin	lincosamide	No resistance	0	
ST72_id42177_HA-MRSA-58.fasta	gentamicin	aminoglycoside	No resistance	0	
ST72_id42177_HA-MRSA-58.fasta	amikacin	aminoglycoside	No resistance	0	
ST72_id42177_HA-MRSA-58.fasta	telithromycin	macrolide	Resistant	1	msr(A) (msr(A)_X52085)
ST72_id42177_HA-MRSA-58.fasta	fosfomycin	fosfomycin	No resistance	0	
ST72_id42177_HA-MRSA-58.fasta	tiamulin	pleuromutilin	No resistance	0	
ST72_id42177_HA-MRSA-58.fasta	sulfamethoxazole	folate pathway antagonist	No resistance	0	
ST72_id42177_HA-MRSA-58.fasta	erythromycin	macrolide	Resistant	1	msr(A) (msr(A)_X52085)
ST72_id42177_HA-MRSA-58.fasta	penicillin	beta-lactam	Resistant	3	blaZ (blaZ_AP004832)
ST72_id42177_HA-MRSA-58.fasta	tetracycline	tetracycline	No resistance	0	
ST72_id42177_HA-MRSA-58.fasta	tobramycin	aminoglycoside	No resistance	0	
ST72_id46051_94YELLOW.fasta	# Sample: ST72_id46051_94YELLOW.fasta
ST72_id46051_94YELLOW.fasta	# 
ST72_id46051_94YELLOW.fasta	# The phenotype 'No resistance' should be interpreted with
ST72_id46051_94YELLOW.fasta	# caution, as it only means that nothing in the used
ST72_id46051_94YELLOW.fasta	# database indicate resistance, but resistance could exist
ST72_id46051_94YELLOW.fasta	# from 'unknown' or not yet implemented sources.
ST72_id46051_94YELLOW.fasta	# 
ST72_id46051_94YELLOW.fasta	# The 'Match' column stores one of the integers 0, 1, 2, 3.
ST72_id46051_94YELLOW.fasta	#      0: No match found
ST72_id46051_94YELLOW.fasta	#      1: Match < 100% ID AND match length < ref length
ST72_id46051_94YELLOW.fasta	#      2: Match < 100% ID AND match length = ref length
ST72_id46051_94YELLOW.fasta	#      3: Match = 100% ID AND match length = ref length
ST72_id46051_94YELLOW.fasta	# If several hits causing the same resistance are found,
ST72_id46051_94YELLOW.fasta	# the highest number will be stored in the 'Match' column.
ST72_id46051_94YELLOW.fasta	# Antimicrobial	Class	WGS-predicted phenotype	Match	Genetic background
ST72_id46051_94YELLOW.fasta	tobramycin	aminoglycoside	No resistance	0	
ST72_id46051_94YELLOW.fasta	quinupristin+dalfopristin	streptogramin a	No resistance	0	
ST72_id46051_94YELLOW.fasta	spiramycin	macrolide	No resistance	0	
ST72_id46051_94YELLOW.fasta	linezolid	oxazolidinone	No resistance	0	
ST72_id46051_94YELLOW.fasta	amikacin	aminoglycoside	No resistance	0	
ST72_id46051_94YELLOW.fasta	clindamycin	lincosamide	No resistance	0	
ST72_id46051_94YELLOW.fasta	vancomycin	glycopeptide	No resistance	0	
ST72_id46051_94YELLOW.fasta	erythromycin	macrolide	No resistance	0	
ST72_id46051_94YELLOW.fasta	tetracycline	tetracycline	Resistant	3	tet(K) (tet(K)_U38656)
ST72_id46051_94YELLOW.fasta	sulfamethoxazole	folate pathway antagonist	No resistance	0	
ST72_id46051_94YELLOW.fasta	penicillin	beta-lactam	Resistant	3	blaZ (blaZ_JBTH01000015)
ST72_id46051_94YELLOW.fasta	fusidic acid	steroid antibacterial	No resistance	0	
ST72_id46051_94YELLOW.fasta	teicoplanin	glycopeptide	No resistance	0	
ST72_id46051_94YELLOW.fasta	gentamicin	aminoglycoside	No resistance	0	
ST72_id46051_94YELLOW.fasta	cefoxitin	beta-lactam	No resistance	0	
ST72_id46051_94YELLOW.fasta	fosfomycin	fosfomycin	No resistance	0	
ST72_id46051_94YELLOW.fasta	telithromycin	macrolide	No resistance	0	
ST72_id46051_94YELLOW.fasta	tiamulin	pleuromutilin	No resistance	0	
ST72_id46051_94YELLOW.fasta	trimethoprim	folate pathway antagonist	No resistance	0	
ST72_id46051_94YELLOW.fasta	ciprofloxacin	quinolone	No resistance	0	
ST72_id46051_94YELLOW.fasta	chloramphenicol	amphenicol	Resistant	3	cat(pC221) (cat(pC221)_X02529)
ST72_id46051_94YELLOW.fasta	mupirocin	pseudomonic acid	No resistance	0	
ST72_id46076_ABS.fasta	# Sample: ST72_id46076_ABS.fasta
ST72_id46076_ABS.fasta	# 
ST72_id46076_ABS.fasta	# The phenotype 'No resistance' should be interpreted with
ST72_id46076_ABS.fasta	# caution, as it only means that nothing in the used
ST72_id46076_ABS.fasta	# database indicate resistance, but resistance could exist
ST72_id46076_ABS.fasta	# from 'unknown' or not yet implemented sources.
ST72_id46076_ABS.fasta	# 
ST72_id46076_ABS.fasta	# The 'Match' column stores one of the integers 0, 1, 2, 3.
ST72_id46076_ABS.fasta	#      0: No match found
ST72_id46076_ABS.fasta	#      1: Match < 100% ID AND match length < ref length
ST72_id46076_ABS.fasta	#      2: Match < 100% ID AND match length = ref length
ST72_id46076_ABS.fasta	#      3: Match = 100% ID AND match length = ref length
ST72_id46076_ABS.fasta	# If several hits causing the same resistance are found,
ST72_id46076_ABS.fasta	# the highest number will be stored in the 'Match' column.
ST72_id46076_ABS.fasta	# Antimicrobial	Class	WGS-predicted phenotype	Match	Genetic background
ST72_id46076_ABS.fasta	amikacin	aminoglycoside	No resistance	0	
ST72_id46076_ABS.fasta	cefoxitin	beta-lactam	No resistance	0	
ST72_id46076_ABS.fasta	mupirocin	pseudomonic acid	No resistance	0	
ST72_id46076_ABS.fasta	ciprofloxacin	quinolone	No resistance	0	
ST72_id46076_ABS.fasta	tiamulin	pleuromutilin	No resistance	0	
ST72_id46076_ABS.fasta	fosfomycin	fosfomycin	No resistance	0	
ST72_id46076_ABS.fasta	fusidic acid	steroid antibacterial	No resistance	0	
ST72_id46076_ABS.fasta	erythromycin	macrolide	No resistance	0	
ST72_id46076_ABS.fasta	telithromycin	macrolide	No resistance	0	
ST72_id46076_ABS.fasta	trimethoprim	folate pathway antagonist	No resistance	0	
ST72_id46076_ABS.fasta	penicillin	beta-lactam	Resistant	3	blaZ (blaZ_JBTH01000015)
ST72_id46076_ABS.fasta	gentamicin	aminoglycoside	No resistance	0	
ST72_id46076_ABS.fasta	teicoplanin	glycopeptide	No resistance	0	
ST72_id46076_ABS.fasta	sulfamethoxazole	folate pathway antagonist	No resistance	0	
ST72_id46076_ABS.fasta	tobramycin	aminoglycoside	No resistance	0	
ST72_id46076_ABS.fasta	clindamycin	lincosamide	No resistance	0	
ST72_id46076_ABS.fasta	linezolid	oxazolidinone	No resistance	0	
ST72_id46076_ABS.fasta	vancomycin	glycopeptide	No resistance	0	
ST72_id46076_ABS.fasta	spiramycin	macrolide	No resistance	0	
ST72_id46076_ABS.fasta	tetracycline	tetracycline	No resistance	0	
ST72_id46076_ABS.fasta	quinupristin+dalfopristin	streptogramin a	No resistance	0	
ST72_id46076_ABS.fasta	chloramphenicol	amphenicol	No resistance	0	
ST72_id46106_SA232.fasta	# Sample: ST72_id46106_SA232.fasta
ST72_id46106_SA232.fasta	# 
ST72_id46106_SA232.fasta	# The phenotype 'No resistance' should be interpreted with
ST72_id46106_SA232.fasta	# caution, as it only means that nothing in the used
ST72_id46106_SA232.fasta	# database indicate resistance, but resistance could exist
ST72_id46106_SA232.fasta	# from 'unknown' or not yet implemented sources.
ST72_id46106_SA232.fasta	# 
ST72_id46106_SA232.fasta	# The 'Match' column stores one of the integers 0, 1, 2, 3.
ST72_id46106_SA232.fasta	#      0: No match found
ST72_id46106_SA232.fasta	#      1: Match < 100% ID AND match length < ref length
ST72_id46106_SA232.fasta	#      2: Match < 100% ID AND match length = ref length
ST72_id46106_SA232.fasta	#      3: Match = 100% ID AND match length = ref length
ST72_id46106_SA232.fasta	# If several hits causing the same resistance are found,
ST72_id46106_SA232.fasta	# the highest number will be stored in the 'Match' column.
ST72_id46106_SA232.fasta	# Antimicrobial	Class	WGS-predicted phenotype	Match	Genetic background
ST72_id46106_SA232.fasta	amikacin	aminoglycoside	No resistance	0	
ST72_id46106_SA232.fasta	tetracycline	tetracycline	No resistance	0	
ST72_id46106_SA232.fasta	mupirocin	pseudomonic acid	No resistance	0	
ST72_id46106_SA232.fasta	chloramphenicol	amphenicol	No resistance	0	
ST72_id46106_SA232.fasta	quinupristin+dalfopristin	streptogramin a	No resistance	0	
ST72_id46106_SA232.fasta	sulfamethoxazole	folate pathway antagonist	No resistance	0	
ST72_id46106_SA232.fasta	trimethoprim	folate pathway antagonist	No resistance	0	
ST72_id46106_SA232.fasta	fosfomycin	fosfomycin	No resistance	0	
ST72_id46106_SA232.fasta	erythromycin	macrolide	No resistance	0	
ST72_id46106_SA232.fasta	fusidic acid	steroid antibacterial	No resistance	0	
ST72_id46106_SA232.fasta	tiamulin	pleuromutilin	No resistance	0	
ST72_id46106_SA232.fasta	teicoplanin	glycopeptide	No resistance	0	
ST72_id46106_SA232.fasta	gentamicin	aminoglycoside	No resistance	0	
ST72_id46106_SA232.fasta	cefoxitin	beta-lactam	No resistance	0	
ST72_id46106_SA232.fasta	clindamycin	lincosamide	No resistance	0	
ST72_id46106_SA232.fasta	penicillin	beta-lactam	Resistant	3	blaZ (blaZ_JBTH01000015)
ST72_id46106_SA232.fasta	telithromycin	macrolide	No resistance	0	
ST72_id46106_SA232.fasta	vancomycin	glycopeptide	No resistance	0	
ST72_id46106_SA232.fasta	ciprofloxacin	quinolone	No resistance	0	
ST72_id46106_SA232.fasta	linezolid	oxazolidinone	No resistance	0	
ST72_id46106_SA232.fasta	spiramycin	macrolide	No resistance	0	
ST72_id46106_SA232.fasta	tobramycin	aminoglycoside	No resistance	0	
ST72_id46108_SA299.fasta	# Sample: ST72_id46108_SA299.fasta
ST72_id46108_SA299.fasta	# 
ST72_id46108_SA299.fasta	# The phenotype 'No resistance' should be interpreted with
ST72_id46108_SA299.fasta	# caution, as it only means that nothing in the used
ST72_id46108_SA299.fasta	# database indicate resistance, but resistance could exist
ST72_id46108_SA299.fasta	# from 'unknown' or not yet implemented sources.
ST72_id46108_SA299.fasta	# 
ST72_id46108_SA299.fasta	# The 'Match' column stores one of the integers 0, 1, 2, 3.
ST72_id46108_SA299.fasta	#      0: No match found
ST72_id46108_SA299.fasta	#      1: Match < 100% ID AND match length < ref length
ST72_id46108_SA299.fasta	#      2: Match < 100% ID AND match length = ref length
ST72_id46108_SA299.fasta	#      3: Match = 100% ID AND match length = ref length
ST72_id46108_SA299.fasta	# If several hits causing the same resistance are found,
ST72_id46108_SA299.fasta	# the highest number will be stored in the 'Match' column.
ST72_id46108_SA299.fasta	# Antimicrobial	Class	WGS-predicted phenotype	Match	Genetic background
ST72_id46108_SA299.fasta	telithromycin	macrolide	No resistance	0	
ST72_id46108_SA299.fasta	fusidic acid	steroid antibacterial	No resistance	0	
ST72_id46108_SA299.fasta	linezolid	oxazolidinone	No resistance	0	
ST72_id46108_SA299.fasta	teicoplanin	glycopeptide	No resistance	0	
ST72_id46108_SA299.fasta	tetracycline	tetracycline	No resistance	0	
ST72_id46108_SA299.fasta	amikacin	aminoglycoside	No resistance	0	
ST72_id46108_SA299.fasta	fosfomycin	fosfomycin	No resistance	0	
ST72_id46108_SA299.fasta	trimethoprim	folate pathway antagonist	No resistance	0	
ST72_id46108_SA299.fasta	mupirocin	pseudomonic acid	No resistance	0	
ST72_id46108_SA299.fasta	clindamycin	lincosamide	No resistance	0	
ST72_id46108_SA299.fasta	penicillin	beta-lactam	No resistance	0	
ST72_id46108_SA299.fasta	sulfamethoxazole	folate pathway antagonist	No resistance	0	
ST72_id46108_SA299.fasta	tobramycin	aminoglycoside	No resistance	0	
ST72_id46108_SA299.fasta	tiamulin	pleuromutilin	No resistance	0	
ST72_id46108_SA299.fasta	vancomycin	glycopeptide	No resistance	0	
ST72_id46108_SA299.fasta	spiramycin	macrolide	No resistance	0	
ST72_id46108_SA299.fasta	cefoxitin	beta-lactam	No resistance	0	
ST72_id46108_SA299.fasta	quinupristin+dalfopristin	streptogramin a	No resistance	0	
ST72_id46108_SA299.fasta	gentamicin	aminoglycoside	No resistance	0	
ST72_id46108_SA299.fasta	chloramphenicol	amphenicol	Resistant	3	cat(pC221) (cat(pC221)_X02529)
ST72_id46108_SA299.fasta	ciprofloxacin	quinolone	No resistance	0	
ST72_id46108_SA299.fasta	erythromycin	macrolide	No resistance	0	
ST7840_id38587_FF22_MC00111.fasta	# Sample: ST7840_id38587_FF22_MC00111.fasta
ST7840_id38587_FF22_MC00111.fasta	# 
ST7840_id38587_FF22_MC00111.fasta	# The phenotype 'No resistance' should be interpreted with
ST7840_id38587_FF22_MC00111.fasta	# caution, as it only means that nothing in the used
ST7840_id38587_FF22_MC00111.fasta	# database indicate resistance, but resistance could exist
ST7840_id38587_FF22_MC00111.fasta	# from 'unknown' or not yet implemented sources.
ST7840_id38587_FF22_MC00111.fasta	# 
ST7840_id38587_FF22_MC00111.fasta	# The 'Match' column stores one of the integers 0, 1, 2, 3.
ST7840_id38587_FF22_MC00111.fasta	#      0: No match found
ST7840_id38587_FF22_MC00111.fasta	#      1: Match < 100% ID AND match length < ref length
ST7840_id38587_FF22_MC00111.fasta	#      2: Match < 100% ID AND match length = ref length
ST7840_id38587_FF22_MC00111.fasta	#      3: Match = 100% ID AND match length = ref length
ST7840_id38587_FF22_MC00111.fasta	# If several hits causing the same resistance are found,
ST7840_id38587_FF22_MC00111.fasta	# the highest number will be stored in the 'Match' column.
ST7840_id38587_FF22_MC00111.fasta	# Antimicrobial	Class	WGS-predicted phenotype	Match	Genetic background
ST7840_id38587_FF22_MC00111.fasta	amikacin	aminoglycoside	No resistance	0	
ST7840_id38587_FF22_MC00111.fasta	fusidic acid	steroid antibacterial	No resistance	0	
ST7840_id38587_FF22_MC00111.fasta	trimethoprim	folate pathway antagonist	No resistance	0	
ST7840_id38587_FF22_MC00111.fasta	telithromycin	macrolide	No resistance	0	
ST7840_id38587_FF22_MC00111.fasta	chloramphenicol	amphenicol	No resistance	0	
ST7840_id38587_FF22_MC00111.fasta	tobramycin	aminoglycoside	No resistance	0	
ST7840_id38587_FF22_MC00111.fasta	gentamicin	aminoglycoside	No resistance	0	
ST7840_id38587_FF22_MC00111.fasta	vancomycin	glycopeptide	No resistance	0	
ST7840_id38587_FF22_MC00111.fasta	teicoplanin	glycopeptide	No resistance	0	
ST7840_id38587_FF22_MC00111.fasta	tetracycline	tetracycline	No resistance	0	
ST7840_id38587_FF22_MC00111.fasta	sulfamethoxazole	folate pathway antagonist	No resistance	0	
ST7840_id38587_FF22_MC00111.fasta	linezolid	oxazolidinone	No resistance	0	
ST7840_id38587_FF22_MC00111.fasta	quinupristin+dalfopristin	streptogramin a	No resistance	0	
ST7840_id38587_FF22_MC00111.fasta	erythromycin	macrolide	Resistant	3	erm(C) (erm(C)_M13761)
ST7840_id38587_FF22_MC00111.fasta	clindamycin	lincosamide	Resistant	3	erm(C) (erm(C)_M13761)
ST7840_id38587_FF22_MC00111.fasta	cefoxitin	beta-lactam	No resistance	0	
ST7840_id38587_FF22_MC00111.fasta	penicillin	beta-lactam	No resistance	0	
ST7840_id38587_FF22_MC00111.fasta	fosfomycin	fosfomycin	No resistance	0	
ST7840_id38587_FF22_MC00111.fasta	ciprofloxacin	quinolone	No resistance	0	
ST7840_id38587_FF22_MC00111.fasta	mupirocin	pseudomonic acid	No resistance	0	
ST7840_id38587_FF22_MC00111.fasta	spiramycin	macrolide	No resistance	0	
ST7840_id38587_FF22_MC00111.fasta	tiamulin	pleuromutilin	No resistance	0	
ST7840_id38587_FF22_MC00111.fasta	# WARNING: Features with unknown phenotype 
ST7840_id38587_FF22_MC00111.fasta	# Feature_ID	Region	Database	Hit	Class
ST7840_id38587_FF22_MC00111.fasta	grlB;;1;;CP026964.1_422_d_AA	grlB;;1;;CP026964.1			
ST7841_id38588_FF22_BC00110.fasta	# Sample: ST7841_id38588_FF22_BC00110.fasta
ST7841_id38588_FF22_BC00110.fasta	# 
ST7841_id38588_FF22_BC00110.fasta	# The phenotype 'No resistance' should be interpreted with
ST7841_id38588_FF22_BC00110.fasta	# caution, as it only means that nothing in the used
ST7841_id38588_FF22_BC00110.fasta	# database indicate resistance, but resistance could exist
ST7841_id38588_FF22_BC00110.fasta	# from 'unknown' or not yet implemented sources.
ST7841_id38588_FF22_BC00110.fasta	# 
ST7841_id38588_FF22_BC00110.fasta	# The 'Match' column stores one of the integers 0, 1, 2, 3.
ST7841_id38588_FF22_BC00110.fasta	#      0: No match found
ST7841_id38588_FF22_BC00110.fasta	#      1: Match < 100% ID AND match length < ref length
ST7841_id38588_FF22_BC00110.fasta	#      2: Match < 100% ID AND match length = ref length
ST7841_id38588_FF22_BC00110.fasta	#      3: Match = 100% ID AND match length = ref length
ST7841_id38588_FF22_BC00110.fasta	# If several hits causing the same resistance are found,
ST7841_id38588_FF22_BC00110.fasta	# the highest number will be stored in the 'Match' column.
ST7841_id38588_FF22_BC00110.fasta	# Antimicrobial	Class	WGS-predicted phenotype	Match	Genetic background
ST7841_id38588_FF22_BC00110.fasta	linezolid	oxazolidinone	No resistance	0	
ST7841_id38588_FF22_BC00110.fasta	cefoxitin	beta-lactam	No resistance	0	
ST7841_id38588_FF22_BC00110.fasta	penicillin	beta-lactam	Resistant	2	blaZ (blaZ_MAJJ01000071), blaZ (blaZ_FKPS01000007), blaZ (blaZ_NZ_JVAT01000021), blaZ (blaZ_NZ_JUUA01000057), blaZ (blaZ_NZ_JVLY01000044), blaZ (blaZ_NZ_JVRB01000003), blaZ (blaZ_JIFD01000012), blaZ (blaZ_JIFU01000008)
ST7841_id38588_FF22_BC00110.fasta	trimethoprim	folate pathway antagonist	No resistance	0	
ST7841_id38588_FF22_BC00110.fasta	mupirocin	pseudomonic acid	No resistance	0	
ST7841_id38588_FF22_BC00110.fasta	gentamicin	aminoglycoside	No resistance	0	
ST7841_id38588_FF22_BC00110.fasta	teicoplanin	glycopeptide	No resistance	0	
ST7841_id38588_FF22_BC00110.fasta	spiramycin	macrolide	No resistance	0	
ST7841_id38588_FF22_BC00110.fasta	chloramphenicol	amphenicol	No resistance	0	
ST7841_id38588_FF22_BC00110.fasta	vancomycin	glycopeptide	No resistance	0	
ST7841_id38588_FF22_BC00110.fasta	amikacin	aminoglycoside	No resistance	0	
ST7841_id38588_FF22_BC00110.fasta	ciprofloxacin	quinolone	No resistance	0	
ST7841_id38588_FF22_BC00110.fasta	sulfamethoxazole	folate pathway antagonist	No resistance	0	
ST7841_id38588_FF22_BC00110.fasta	tetracycline	tetracycline	No resistance	0	
ST7841_id38588_FF22_BC00110.fasta	tiamulin	pleuromutilin	No resistance	0	
ST7841_id38588_FF22_BC00110.fasta	clindamycin	lincosamide	No resistance	0	
ST7841_id38588_FF22_BC00110.fasta	tobramycin	aminoglycoside	No resistance	0	
ST7841_id38588_FF22_BC00110.fasta	fosfomycin	fosfomycin	No resistance	0	
ST7841_id38588_FF22_BC00110.fasta	fusidic acid	steroid antibacterial	No resistance	0	
ST7841_id38588_FF22_BC00110.fasta	erythromycin	macrolide	No resistance	0	
ST7841_id38588_FF22_BC00110.fasta	telithromycin	macrolide	No resistance	0	
ST7841_id38588_FF22_BC00110.fasta	quinupristin+dalfopristin	streptogramin a	No resistance	0	
ST7845_id38589_FF22_BC00201.fasta	# Sample: ST7845_id38589_FF22_BC00201.fasta
ST7845_id38589_FF22_BC00201.fasta	# 
ST7845_id38589_FF22_BC00201.fasta	# The phenotype 'No resistance' should be interpreted with
ST7845_id38589_FF22_BC00201.fasta	# caution, as it only means that nothing in the used
ST7845_id38589_FF22_BC00201.fasta	# database indicate resistance, but resistance could exist
ST7845_id38589_FF22_BC00201.fasta	# from 'unknown' or not yet implemented sources.
ST7845_id38589_FF22_BC00201.fasta	# 
ST7845_id38589_FF22_BC00201.fasta	# The 'Match' column stores one of the integers 0, 1, 2, 3.
ST7845_id38589_FF22_BC00201.fasta	#      0: No match found
ST7845_id38589_FF22_BC00201.fasta	#      1: Match < 100% ID AND match length < ref length
ST7845_id38589_FF22_BC00201.fasta	#      2: Match < 100% ID AND match length = ref length
ST7845_id38589_FF22_BC00201.fasta	#      3: Match = 100% ID AND match length = ref length
ST7845_id38589_FF22_BC00201.fasta	# If several hits causing the same resistance are found,
ST7845_id38589_FF22_BC00201.fasta	# the highest number will be stored in the 'Match' column.
ST7845_id38589_FF22_BC00201.fasta	# Antimicrobial	Class	WGS-predicted phenotype	Match	Genetic background
ST7845_id38589_FF22_BC00201.fasta	penicillin	beta-lactam	Resistant	3	blaZ (blaZ_AHVO01000010)
ST7845_id38589_FF22_BC00201.fasta	tetracycline	tetracycline	Resistant	1	tet(K) (tet(K)_U38656)
ST7845_id38589_FF22_BC00201.fasta	telithromycin	macrolide	No resistance	0	
ST7845_id38589_FF22_BC00201.fasta	spiramycin	macrolide	No resistance	0	
ST7845_id38589_FF22_BC00201.fasta	clindamycin	lincosamide	No resistance	0	
ST7845_id38589_FF22_BC00201.fasta	chloramphenicol	amphenicol	No resistance	0	
ST7845_id38589_FF22_BC00201.fasta	sulfamethoxazole	folate pathway antagonist	No resistance	0	
ST7845_id38589_FF22_BC00201.fasta	teicoplanin	glycopeptide	No resistance	0	
ST7845_id38589_FF22_BC00201.fasta	amikacin	aminoglycoside	No resistance	0	
ST7845_id38589_FF22_BC00201.fasta	ciprofloxacin	quinolone	No resistance	0	
ST7845_id38589_FF22_BC00201.fasta	cefoxitin	beta-lactam	No resistance	0	
ST7845_id38589_FF22_BC00201.fasta	vancomycin	glycopeptide	No resistance	0	
ST7845_id38589_FF22_BC00201.fasta	fusidic acid	steroid antibacterial	No resistance	0	
ST7845_id38589_FF22_BC00201.fasta	gentamicin	aminoglycoside	No resistance	0	
ST7845_id38589_FF22_BC00201.fasta	erythromycin	macrolide	No resistance	0	
ST7845_id38589_FF22_BC00201.fasta	tobramycin	aminoglycoside	No resistance	0	
ST7845_id38589_FF22_BC00201.fasta	trimethoprim	folate pathway antagonist	No resistance	0	
ST7845_id38589_FF22_BC00201.fasta	fosfomycin	fosfomycin	No resistance	0	
ST7845_id38589_FF22_BC00201.fasta	linezolid	oxazolidinone	No resistance	0	
ST7845_id38589_FF22_BC00201.fasta	mupirocin	pseudomonic acid	No resistance	0	
ST7845_id38589_FF22_BC00201.fasta	tiamulin	pleuromutilin	No resistance	0	
ST7845_id38589_FF22_BC00201.fasta	quinupristin+dalfopristin	streptogramin a	No resistance	0	
ST7845_id38589_FF22_BC00201.fasta	# WARNING: Features with unknown phenotype 
ST7845_id38589_FF22_BC00201.fasta	# Feature_ID	Region	Database	Hit	Class
ST7845_id38589_FF22_BC00201.fasta	grlB;;1;;CP026964.1_422_d_AA	grlB;;1;;CP026964.1			
ST7846_id38590_FF22_BC00304.fasta	# Sample: ST7846_id38590_FF22_BC00304.fasta
ST7846_id38590_FF22_BC00304.fasta	# 
ST7846_id38590_FF22_BC00304.fasta	# The phenotype 'No resistance' should be interpreted with
ST7846_id38590_FF22_BC00304.fasta	# caution, as it only means that nothing in the used
ST7846_id38590_FF22_BC00304.fasta	# database indicate resistance, but resistance could exist
ST7846_id38590_FF22_BC00304.fasta	# from 'unknown' or not yet implemented sources.
ST7846_id38590_FF22_BC00304.fasta	# 
ST7846_id38590_FF22_BC00304.fasta	# The 'Match' column stores one of the integers 0, 1, 2, 3.
ST7846_id38590_FF22_BC00304.fasta	#      0: No match found
ST7846_id38590_FF22_BC00304.fasta	#      1: Match < 100% ID AND match length < ref length
ST7846_id38590_FF22_BC00304.fasta	#      2: Match < 100% ID AND match length = ref length
ST7846_id38590_FF22_BC00304.fasta	#      3: Match = 100% ID AND match length = ref length
ST7846_id38590_FF22_BC00304.fasta	# If several hits causing the same resistance are found,
ST7846_id38590_FF22_BC00304.fasta	# the highest number will be stored in the 'Match' column.
ST7846_id38590_FF22_BC00304.fasta	# Antimicrobial	Class	WGS-predicted phenotype	Match	Genetic background
ST7846_id38590_FF22_BC00304.fasta	trimethoprim	folate pathway antagonist	No resistance	0	
ST7846_id38590_FF22_BC00304.fasta	ciprofloxacin	quinolone	No resistance	0	
ST7846_id38590_FF22_BC00304.fasta	gentamicin	aminoglycoside	No resistance	0	
ST7846_id38590_FF22_BC00304.fasta	vancomycin	glycopeptide	No resistance	0	
ST7846_id38590_FF22_BC00304.fasta	clindamycin	lincosamide	No resistance	0	
ST7846_id38590_FF22_BC00304.fasta	fusidic acid	steroid antibacterial	No resistance	0	
ST7846_id38590_FF22_BC00304.fasta	erythromycin	macrolide	No resistance	0	
ST7846_id38590_FF22_BC00304.fasta	spiramycin	macrolide	No resistance	0	
ST7846_id38590_FF22_BC00304.fasta	linezolid	oxazolidinone	No resistance	0	
ST7846_id38590_FF22_BC00304.fasta	penicillin	beta-lactam	Resistant	2	blaZ (blaZ_MAJJ01000071), blaZ (blaZ_FKPS01000007), blaZ (blaZ_NZ_JVAT01000021), blaZ (blaZ_NZ_JUUA01000057), blaZ (blaZ_NZ_JVLY01000044), blaZ (blaZ_NZ_JVRB01000003), blaZ (blaZ_JIFD01000012), blaZ (blaZ_JIFU01000008)
ST7846_id38590_FF22_BC00304.fasta	teicoplanin	glycopeptide	No resistance	0	
ST7846_id38590_FF22_BC00304.fasta	mupirocin	pseudomonic acid	No resistance	0	
ST7846_id38590_FF22_BC00304.fasta	chloramphenicol	amphenicol	No resistance	0	
ST7846_id38590_FF22_BC00304.fasta	cefoxitin	beta-lactam	No resistance	0	
ST7846_id38590_FF22_BC00304.fasta	tetracycline	tetracycline	No resistance	0	
ST7846_id38590_FF22_BC00304.fasta	telithromycin	macrolide	No resistance	0	
ST7846_id38590_FF22_BC00304.fasta	tiamulin	pleuromutilin	No resistance	0	
ST7846_id38590_FF22_BC00304.fasta	sulfamethoxazole	folate pathway antagonist	No resistance	0	
ST7846_id38590_FF22_BC00304.fasta	amikacin	aminoglycoside	No resistance	0	
ST7846_id38590_FF22_BC00304.fasta	fosfomycin	fosfomycin	No resistance	0	
ST7846_id38590_FF22_BC00304.fasta	quinupristin+dalfopristin	streptogramin a	No resistance	0	
ST7846_id38590_FF22_BC00304.fasta	tobramycin	aminoglycoside	No resistance	0	
ST7847_id38591_FF22_BC00410-2.fasta	# Sample: ST7847_id38591_FF22_BC00410-2.fasta
ST7847_id38591_FF22_BC00410-2.fasta	# 
ST7847_id38591_FF22_BC00410-2.fasta	# The phenotype 'No resistance' should be interpreted with
ST7847_id38591_FF22_BC00410-2.fasta	# caution, as it only means that nothing in the used
ST7847_id38591_FF22_BC00410-2.fasta	# database indicate resistance, but resistance could exist
ST7847_id38591_FF22_BC00410-2.fasta	# from 'unknown' or not yet implemented sources.
ST7847_id38591_FF22_BC00410-2.fasta	# 
ST7847_id38591_FF22_BC00410-2.fasta	# The 'Match' column stores one of the integers 0, 1, 2, 3.
ST7847_id38591_FF22_BC00410-2.fasta	#      0: No match found
ST7847_id38591_FF22_BC00410-2.fasta	#      1: Match < 100% ID AND match length < ref length
ST7847_id38591_FF22_BC00410-2.fasta	#      2: Match < 100% ID AND match length = ref length
ST7847_id38591_FF22_BC00410-2.fasta	#      3: Match = 100% ID AND match length = ref length
ST7847_id38591_FF22_BC00410-2.fasta	# If several hits causing the same resistance are found,
ST7847_id38591_FF22_BC00410-2.fasta	# the highest number will be stored in the 'Match' column.
ST7847_id38591_FF22_BC00410-2.fasta	# Antimicrobial	Class	WGS-predicted phenotype	Match	Genetic background
ST7847_id38591_FF22_BC00410-2.fasta	sulfamethoxazole	folate pathway antagonist	No resistance	0	
ST7847_id38591_FF22_BC00410-2.fasta	clindamycin	lincosamide	No resistance	0	
ST7847_id38591_FF22_BC00410-2.fasta	tetracycline	tetracycline	No resistance	0	
ST7847_id38591_FF22_BC00410-2.fasta	cefoxitin	beta-lactam	No resistance	0	
ST7847_id38591_FF22_BC00410-2.fasta	fusidic acid	steroid antibacterial	No resistance	0	
ST7847_id38591_FF22_BC00410-2.fasta	penicillin	beta-lactam	No resistance	0	
ST7847_id38591_FF22_BC00410-2.fasta	mupirocin	pseudomonic acid	No resistance	0	
ST7847_id38591_FF22_BC00410-2.fasta	erythromycin	macrolide	No resistance	0	
ST7847_id38591_FF22_BC00410-2.fasta	tobramycin	aminoglycoside	No resistance	0	
ST7847_id38591_FF22_BC00410-2.fasta	quinupristin+dalfopristin	streptogramin a	No resistance	0	
ST7847_id38591_FF22_BC00410-2.fasta	gentamicin	aminoglycoside	No resistance	0	
ST7847_id38591_FF22_BC00410-2.fasta	amikacin	aminoglycoside	No resistance	0	
ST7847_id38591_FF22_BC00410-2.fasta	chloramphenicol	amphenicol	No resistance	0	
ST7847_id38591_FF22_BC00410-2.fasta	linezolid	oxazolidinone	No resistance	0	
ST7847_id38591_FF22_BC00410-2.fasta	ciprofloxacin	quinolone	No resistance	0	
ST7847_id38591_FF22_BC00410-2.fasta	teicoplanin	glycopeptide	No resistance	0	
ST7847_id38591_FF22_BC00410-2.fasta	spiramycin	macrolide	No resistance	0	
ST7847_id38591_FF22_BC00410-2.fasta	tiamulin	pleuromutilin	No resistance	0	
ST7847_id38591_FF22_BC00410-2.fasta	vancomycin	glycopeptide	No resistance	0	
ST7847_id38591_FF22_BC00410-2.fasta	telithromycin	macrolide	No resistance	0	
ST7847_id38591_FF22_BC00410-2.fasta	trimethoprim	folate pathway antagonist	No resistance	0	
ST7847_id38591_FF22_BC00410-2.fasta	fosfomycin	fosfomycin	No resistance	0	
ST7848_id38592_FF22_TC00505.fasta	# Sample: ST7848_id38592_FF22_TC00505.fasta
ST7848_id38592_FF22_TC00505.fasta	# 
ST7848_id38592_FF22_TC00505.fasta	# The phenotype 'No resistance' should be interpreted with
ST7848_id38592_FF22_TC00505.fasta	# caution, as it only means that nothing in the used
ST7848_id38592_FF22_TC00505.fasta	# database indicate resistance, but resistance could exist
ST7848_id38592_FF22_TC00505.fasta	# from 'unknown' or not yet implemented sources.
ST7848_id38592_FF22_TC00505.fasta	# 
ST7848_id38592_FF22_TC00505.fasta	# The 'Match' column stores one of the integers 0, 1, 2, 3.
ST7848_id38592_FF22_TC00505.fasta	#      0: No match found
ST7848_id38592_FF22_TC00505.fasta	#      1: Match < 100% ID AND match length < ref length
ST7848_id38592_FF22_TC00505.fasta	#      2: Match < 100% ID AND match length = ref length
ST7848_id38592_FF22_TC00505.fasta	#      3: Match = 100% ID AND match length = ref length
ST7848_id38592_FF22_TC00505.fasta	# If several hits causing the same resistance are found,
ST7848_id38592_FF22_TC00505.fasta	# the highest number will be stored in the 'Match' column.
ST7848_id38592_FF22_TC00505.fasta	# Antimicrobial	Class	WGS-predicted phenotype	Match	Genetic background
ST7848_id38592_FF22_TC00505.fasta	vancomycin	glycopeptide	No resistance	0	
ST7848_id38592_FF22_TC00505.fasta	cefoxitin	beta-lactam	No resistance	0	
ST7848_id38592_FF22_TC00505.fasta	sulfamethoxazole	folate pathway antagonist	No resistance	0	
ST7848_id38592_FF22_TC00505.fasta	tetracycline	tetracycline	Resistant	1	tet(K) (tet(K)_U38656)
ST7848_id38592_FF22_TC00505.fasta	fusidic acid	steroid antibacterial	No resistance	0	
ST7848_id38592_FF22_TC00505.fasta	penicillin	beta-lactam	No resistance	0	
ST7848_id38592_FF22_TC00505.fasta	clindamycin	lincosamide	No resistance	0	
ST7848_id38592_FF22_TC00505.fasta	spiramycin	macrolide	No resistance	0	
ST7848_id38592_FF22_TC00505.fasta	tiamulin	pleuromutilin	No resistance	0	
ST7848_id38592_FF22_TC00505.fasta	teicoplanin	glycopeptide	No resistance	0	
ST7848_id38592_FF22_TC00505.fasta	ciprofloxacin	quinolone	No resistance	0	
ST7848_id38592_FF22_TC00505.fasta	erythromycin	macrolide	No resistance	0	
ST7848_id38592_FF22_TC00505.fasta	trimethoprim	folate pathway antagonist	No resistance	0	
ST7848_id38592_FF22_TC00505.fasta	fosfomycin	fosfomycin	No resistance	0	
ST7848_id38592_FF22_TC00505.fasta	telithromycin	macrolide	No resistance	0	
ST7848_id38592_FF22_TC00505.fasta	tobramycin	aminoglycoside	No resistance	0	
ST7848_id38592_FF22_TC00505.fasta	linezolid	oxazolidinone	No resistance	0	
ST7848_id38592_FF22_TC00505.fasta	amikacin	aminoglycoside	No resistance	0	
ST7848_id38592_FF22_TC00505.fasta	gentamicin	aminoglycoside	No resistance	0	
ST7848_id38592_FF22_TC00505.fasta	mupirocin	pseudomonic acid	No resistance	0	
ST7848_id38592_FF22_TC00505.fasta	chloramphenicol	amphenicol	No resistance	0	
ST7848_id38592_FF22_TC00505.fasta	quinupristin+dalfopristin	streptogramin a	No resistance	0	
ST7848_id38592_FF22_TC00505.fasta	# WARNING: Features with unknown phenotype 
ST7848_id38592_FF22_TC00505.fasta	# Feature_ID	Region	Database	Hit	Class
ST7848_id38592_FF22_TC00505.fasta	grlB;;1;;CP026964.1_422_d_AA	grlB;;1;;CP026964.1			
ST8_id24326_ERR505358.fasta	# Sample: ST8_id24326_ERR505358.fasta
ST8_id24326_ERR505358.fasta	# 
ST8_id24326_ERR505358.fasta	# The phenotype 'No resistance' should be interpreted with
ST8_id24326_ERR505358.fasta	# caution, as it only means that nothing in the used
ST8_id24326_ERR505358.fasta	# database indicate resistance, but resistance could exist
ST8_id24326_ERR505358.fasta	# from 'unknown' or not yet implemented sources.
ST8_id24326_ERR505358.fasta	# 
ST8_id24326_ERR505358.fasta	# The 'Match' column stores one of the integers 0, 1, 2, 3.
ST8_id24326_ERR505358.fasta	#      0: No match found
ST8_id24326_ERR505358.fasta	#      1: Match < 100% ID AND match length < ref length
ST8_id24326_ERR505358.fasta	#      2: Match < 100% ID AND match length = ref length
ST8_id24326_ERR505358.fasta	#      3: Match = 100% ID AND match length = ref length
ST8_id24326_ERR505358.fasta	# If several hits causing the same resistance are found,
ST8_id24326_ERR505358.fasta	# the highest number will be stored in the 'Match' column.
ST8_id24326_ERR505358.fasta	# Antimicrobial	Class	WGS-predicted phenotype	Match	Genetic background
ST8_id24326_ERR505358.fasta	gentamicin	aminoglycoside	No resistance	0	
ST8_id24326_ERR505358.fasta	cefoxitin	beta-lactam	Resistant	3	mecA (mecA_BX571856)
ST8_id24326_ERR505358.fasta	clindamycin	lincosamide	No resistance	0	
ST8_id24326_ERR505358.fasta	sulfamethoxazole	folate pathway antagonist	No resistance	0	
ST8_id24326_ERR505358.fasta	spiramycin	macrolide	No resistance	0	
ST8_id24326_ERR505358.fasta	fusidic acid	steroid antibacterial	No resistance	0	
ST8_id24326_ERR505358.fasta	mupirocin	pseudomonic acid	No resistance	0	
ST8_id24326_ERR505358.fasta	ciprofloxacin	quinolone	No resistance	0	
ST8_id24326_ERR505358.fasta	linezolid	oxazolidinone	No resistance	0	
ST8_id24326_ERR505358.fasta	chloramphenicol	amphenicol	No resistance	0	
ST8_id24326_ERR505358.fasta	teicoplanin	glycopeptide	No resistance	0	
ST8_id24326_ERR505358.fasta	penicillin	beta-lactam	Resistant	3	blaZ (blaZ_JBTH01000015)
ST8_id24326_ERR505358.fasta	quinupristin+dalfopristin	streptogramin a	No resistance	0	
ST8_id24326_ERR505358.fasta	tobramycin	aminoglycoside	No resistance	0	
ST8_id24326_ERR505358.fasta	fosfomycin	fosfomycin	No resistance	0	
ST8_id24326_ERR505358.fasta	tetracycline	tetracycline	No resistance	0	
ST8_id24326_ERR505358.fasta	telithromycin	macrolide	No resistance	0	
ST8_id24326_ERR505358.fasta	erythromycin	macrolide	No resistance	0	
ST8_id24326_ERR505358.fasta	amikacin	aminoglycoside	No resistance	0	
ST8_id24326_ERR505358.fasta	vancomycin	glycopeptide	No resistance	0	
ST8_id24326_ERR505358.fasta	tiamulin	pleuromutilin	No resistance	0	
ST8_id24326_ERR505358.fasta	trimethoprim	folate pathway antagonist	Resistant	3	dfrG (dfrG_AB205645)
ST8_id24340_ERR505387.fasta	# Sample: ST8_id24340_ERR505387.fasta
ST8_id24340_ERR505387.fasta	# 
ST8_id24340_ERR505387.fasta	# The phenotype 'No resistance' should be interpreted with
ST8_id24340_ERR505387.fasta	# caution, as it only means that nothing in the used
ST8_id24340_ERR505387.fasta	# database indicate resistance, but resistance could exist
ST8_id24340_ERR505387.fasta	# from 'unknown' or not yet implemented sources.
ST8_id24340_ERR505387.fasta	# 
ST8_id24340_ERR505387.fasta	# The 'Match' column stores one of the integers 0, 1, 2, 3.
ST8_id24340_ERR505387.fasta	#      0: No match found
ST8_id24340_ERR505387.fasta	#      1: Match < 100% ID AND match length < ref length
ST8_id24340_ERR505387.fasta	#      2: Match < 100% ID AND match length = ref length
ST8_id24340_ERR505387.fasta	#      3: Match = 100% ID AND match length = ref length
ST8_id24340_ERR505387.fasta	# If several hits causing the same resistance are found,
ST8_id24340_ERR505387.fasta	# the highest number will be stored in the 'Match' column.
ST8_id24340_ERR505387.fasta	# Antimicrobial	Class	WGS-predicted phenotype	Match	Genetic background
ST8_id24340_ERR505387.fasta	telithromycin	macrolide	No resistance	0	
ST8_id24340_ERR505387.fasta	teicoplanin	glycopeptide	No resistance	0	
ST8_id24340_ERR505387.fasta	vancomycin	glycopeptide	No resistance	0	
ST8_id24340_ERR505387.fasta	fusidic acid	steroid antibacterial	No resistance	0	
ST8_id24340_ERR505387.fasta	cefoxitin	beta-lactam	No resistance	0	
ST8_id24340_ERR505387.fasta	tobramycin	aminoglycoside	No resistance	0	
ST8_id24340_ERR505387.fasta	ciprofloxacin	quinolone	No resistance	0	
ST8_id24340_ERR505387.fasta	tetracycline	tetracycline	Resistant	2	tet(K) (tet(K)_U38656)
ST8_id24340_ERR505387.fasta	spiramycin	macrolide	No resistance	0	
ST8_id24340_ERR505387.fasta	tiamulin	pleuromutilin	No resistance	0	
ST8_id24340_ERR505387.fasta	gentamicin	aminoglycoside	No resistance	0	
ST8_id24340_ERR505387.fasta	sulfamethoxazole	folate pathway antagonist	No resistance	0	
ST8_id24340_ERR505387.fasta	penicillin	beta-lactam	Resistant	3	blaZ (blaZ_JBTH01000015)
ST8_id24340_ERR505387.fasta	erythromycin	macrolide	Resistant	3	erm(C) (erm(C)_M13761)
ST8_id24340_ERR505387.fasta	linezolid	oxazolidinone	No resistance	0	
ST8_id24340_ERR505387.fasta	amikacin	aminoglycoside	No resistance	0	
ST8_id24340_ERR505387.fasta	trimethoprim	folate pathway antagonist	Resistant	3	dfrG (dfrG_AB205645)
ST8_id24340_ERR505387.fasta	clindamycin	lincosamide	Resistant	3	erm(C) (erm(C)_M13761)
ST8_id24340_ERR505387.fasta	quinupristin+dalfopristin	streptogramin a	No resistance	0	
ST8_id24340_ERR505387.fasta	fosfomycin	fosfomycin	No resistance	0	
ST8_id24340_ERR505387.fasta	chloramphenicol	amphenicol	No resistance	0	
ST8_id24340_ERR505387.fasta	mupirocin	pseudomonic acid	No resistance	0	
ST8_id24969_ERR505360.fasta	# Sample: ST8_id24969_ERR505360.fasta
ST8_id24969_ERR505360.fasta	# 
ST8_id24969_ERR505360.fasta	# The phenotype 'No resistance' should be interpreted with
ST8_id24969_ERR505360.fasta	# caution, as it only means that nothing in the used
ST8_id24969_ERR505360.fasta	# database indicate resistance, but resistance could exist
ST8_id24969_ERR505360.fasta	# from 'unknown' or not yet implemented sources.
ST8_id24969_ERR505360.fasta	# 
ST8_id24969_ERR505360.fasta	# The 'Match' column stores one of the integers 0, 1, 2, 3.
ST8_id24969_ERR505360.fasta	#      0: No match found
ST8_id24969_ERR505360.fasta	#      1: Match < 100% ID AND match length < ref length
ST8_id24969_ERR505360.fasta	#      2: Match < 100% ID AND match length = ref length
ST8_id24969_ERR505360.fasta	#      3: Match = 100% ID AND match length = ref length
ST8_id24969_ERR505360.fasta	# If several hits causing the same resistance are found,
ST8_id24969_ERR505360.fasta	# the highest number will be stored in the 'Match' column.
ST8_id24969_ERR505360.fasta	# Antimicrobial	Class	WGS-predicted phenotype	Match	Genetic background
ST8_id24969_ERR505360.fasta	mupirocin	pseudomonic acid	No resistance	0	
ST8_id24969_ERR505360.fasta	vancomycin	glycopeptide	No resistance	0	
ST8_id24969_ERR505360.fasta	ciprofloxacin	quinolone	Resistant	3	
ST8_id24969_ERR505360.fasta	quinupristin+dalfopristin	streptogramin a	No resistance	0	
ST8_id24969_ERR505360.fasta	penicillin	beta-lactam	Resistant	1	blaZ (blaZ_NC_013944), blaZ (blaZ_FGSJ01000003), blaZ (blaZ_FFOR01000002), blaZ (blaZ_NZ_CUGR01000082), blaZ (blaZ_NZ_CUHK01000055), blaZ (blaZ_NZ_JVBT01000063), blaZ (blaZ_JBTH01000015), blaZ (blaZ_AJ400722)
ST8_id24969_ERR505360.fasta	trimethoprim	folate pathway antagonist	No resistance	0	
ST8_id24969_ERR505360.fasta	tobramycin	aminoglycoside	Resistant	3	aac(6')-aph(2'') (aac(6')-aph(2'')_M13771)
ST8_id24969_ERR505360.fasta	clindamycin	lincosamide	Resistant	3	erm(C) (erm(C)_M13761)
ST8_id24969_ERR505360.fasta	telithromycin	macrolide	No resistance	0	
ST8_id24969_ERR505360.fasta	fusidic acid	steroid antibacterial	No resistance	0	
ST8_id24969_ERR505360.fasta	erythromycin	macrolide	Resistant	3	erm(C) (erm(C)_M13761)
ST8_id24969_ERR505360.fasta	tiamulin	pleuromutilin	No resistance	0	
ST8_id24969_ERR505360.fasta	linezolid	oxazolidinone	No resistance	0	
ST8_id24969_ERR505360.fasta	tetracycline	tetracycline	Resistant	3	tet(M) (tet(M)_FN433596)
ST8_id24969_ERR505360.fasta	teicoplanin	glycopeptide	No resistance	0	
ST8_id24969_ERR505360.fasta	sulfamethoxazole	folate pathway antagonist	No resistance	0	
ST8_id24969_ERR505360.fasta	fosfomycin	fosfomycin	No resistance	0	
ST8_id24969_ERR505360.fasta	chloramphenicol	amphenicol	No resistance	0	
ST8_id24969_ERR505360.fasta	gentamicin	aminoglycoside	Resistant	3	aac(6')-aph(2'') (aac(6')-aph(2'')_M13771)
ST8_id24969_ERR505360.fasta	cefoxitin	beta-lactam	Resistant	3	mecA (mecA_NC_002951)
ST8_id24969_ERR505360.fasta	spiramycin	macrolide	No resistance	0	
ST8_id24969_ERR505360.fasta	amikacin	aminoglycoside	Resistant	3	aac(6')-aph(2'') (aac(6')-aph(2'')_M13771)
ST8_id25290_ERR505339.fasta	# Sample: ST8_id25290_ERR505339.fasta
ST8_id25290_ERR505339.fasta	# 
ST8_id25290_ERR505339.fasta	# The phenotype 'No resistance' should be interpreted with
ST8_id25290_ERR505339.fasta	# caution, as it only means that nothing in the used
ST8_id25290_ERR505339.fasta	# database indicate resistance, but resistance could exist
ST8_id25290_ERR505339.fasta	# from 'unknown' or not yet implemented sources.
ST8_id25290_ERR505339.fasta	# 
ST8_id25290_ERR505339.fasta	# The 'Match' column stores one of the integers 0, 1, 2, 3.
ST8_id25290_ERR505339.fasta	#      0: No match found
ST8_id25290_ERR505339.fasta	#      1: Match < 100% ID AND match length < ref length
ST8_id25290_ERR505339.fasta	#      2: Match < 100% ID AND match length = ref length
ST8_id25290_ERR505339.fasta	#      3: Match = 100% ID AND match length = ref length
ST8_id25290_ERR505339.fasta	# If several hits causing the same resistance are found,
ST8_id25290_ERR505339.fasta	# the highest number will be stored in the 'Match' column.
ST8_id25290_ERR505339.fasta	# Antimicrobial	Class	WGS-predicted phenotype	Match	Genetic background
ST8_id25290_ERR505339.fasta	teicoplanin	glycopeptide	No resistance	0	
ST8_id25290_ERR505339.fasta	linezolid	oxazolidinone	No resistance	0	
ST8_id25290_ERR505339.fasta	quinupristin+dalfopristin	streptogramin a	No resistance	0	
ST8_id25290_ERR505339.fasta	tetracycline	tetracycline	Resistant	2	tet(K) (tet(K)_U38656)
ST8_id25290_ERR505339.fasta	fusidic acid	steroid antibacterial	No resistance	0	
ST8_id25290_ERR505339.fasta	fosfomycin	fosfomycin	No resistance	0	
ST8_id25290_ERR505339.fasta	chloramphenicol	amphenicol	No resistance	0	
ST8_id25290_ERR505339.fasta	trimethoprim	folate pathway antagonist	Resistant	3	dfrG (dfrG_AB205645)
ST8_id25290_ERR505339.fasta	vancomycin	glycopeptide	No resistance	0	
ST8_id25290_ERR505339.fasta	penicillin	beta-lactam	Resistant	3	blaZ (blaZ_JBTH01000015)
ST8_id25290_ERR505339.fasta	cefoxitin	beta-lactam	No resistance	0	
ST8_id25290_ERR505339.fasta	gentamicin	aminoglycoside	No resistance	0	
ST8_id25290_ERR505339.fasta	mupirocin	pseudomonic acid	No resistance	0	
ST8_id25290_ERR505339.fasta	sulfamethoxazole	folate pathway antagonist	No resistance	0	
ST8_id25290_ERR505339.fasta	tobramycin	aminoglycoside	No resistance	0	
ST8_id25290_ERR505339.fasta	spiramycin	macrolide	No resistance	0	
ST8_id25290_ERR505339.fasta	amikacin	aminoglycoside	No resistance	0	
ST8_id25290_ERR505339.fasta	clindamycin	lincosamide	Resistant	3	erm(C) (erm(C)_M13761)
ST8_id25290_ERR505339.fasta	ciprofloxacin	quinolone	No resistance	0	
ST8_id25290_ERR505339.fasta	erythromycin	macrolide	Resistant	3	erm(C) (erm(C)_M13761)
ST8_id25290_ERR505339.fasta	telithromycin	macrolide	No resistance	0	
ST8_id25290_ERR505339.fasta	tiamulin	pleuromutilin	No resistance	0	
ST8_id25291_ERR505344.fasta	# Sample: ST8_id25291_ERR505344.fasta
ST8_id25291_ERR505344.fasta	# 
ST8_id25291_ERR505344.fasta	# The phenotype 'No resistance' should be interpreted with
ST8_id25291_ERR505344.fasta	# caution, as it only means that nothing in the used
ST8_id25291_ERR505344.fasta	# database indicate resistance, but resistance could exist
ST8_id25291_ERR505344.fasta	# from 'unknown' or not yet implemented sources.
ST8_id25291_ERR505344.fasta	# 
ST8_id25291_ERR505344.fasta	# The 'Match' column stores one of the integers 0, 1, 2, 3.
ST8_id25291_ERR505344.fasta	#      0: No match found
ST8_id25291_ERR505344.fasta	#      1: Match < 100% ID AND match length < ref length
ST8_id25291_ERR505344.fasta	#      2: Match < 100% ID AND match length = ref length
ST8_id25291_ERR505344.fasta	#      3: Match = 100% ID AND match length = ref length
ST8_id25291_ERR505344.fasta	# If several hits causing the same resistance are found,
ST8_id25291_ERR505344.fasta	# the highest number will be stored in the 'Match' column.
ST8_id25291_ERR505344.fasta	# Antimicrobial	Class	WGS-predicted phenotype	Match	Genetic background
ST8_id25291_ERR505344.fasta	mupirocin	pseudomonic acid	No resistance	0	
ST8_id25291_ERR505344.fasta	penicillin	beta-lactam	Resistant	3	blaZ (blaZ_JBTH01000015)
ST8_id25291_ERR505344.fasta	erythromycin	macrolide	Resistant	3	erm(C) (erm(C)_M13761)
ST8_id25291_ERR505344.fasta	trimethoprim	folate pathway antagonist	Resistant	3	dfrG (dfrG_AB205645)
ST8_id25291_ERR505344.fasta	amikacin	aminoglycoside	No resistance	0	
ST8_id25291_ERR505344.fasta	cefoxitin	beta-lactam	Resistant	3	mecA (mecA_BX571856)
ST8_id25291_ERR505344.fasta	sulfamethoxazole	folate pathway antagonist	No resistance	0	
ST8_id25291_ERR505344.fasta	ciprofloxacin	quinolone	No resistance	0	
ST8_id25291_ERR505344.fasta	gentamicin	aminoglycoside	No resistance	0	
ST8_id25291_ERR505344.fasta	vancomycin	glycopeptide	No resistance	0	
ST8_id25291_ERR505344.fasta	spiramycin	macrolide	No resistance	0	
ST8_id25291_ERR505344.fasta	telithromycin	macrolide	No resistance	0	
ST8_id25291_ERR505344.fasta	chloramphenicol	amphenicol	No resistance	0	
ST8_id25291_ERR505344.fasta	quinupristin+dalfopristin	streptogramin a	No resistance	0	
ST8_id25291_ERR505344.fasta	linezolid	oxazolidinone	No resistance	0	
ST8_id25291_ERR505344.fasta	fusidic acid	steroid antibacterial	No resistance	0	
ST8_id25291_ERR505344.fasta	clindamycin	lincosamide	Resistant	3	erm(C) (erm(C)_M13761)
ST8_id25291_ERR505344.fasta	tobramycin	aminoglycoside	No resistance	0	
ST8_id25291_ERR505344.fasta	tiamulin	pleuromutilin	No resistance	0	
ST8_id25291_ERR505344.fasta	teicoplanin	glycopeptide	No resistance	0	
ST8_id25291_ERR505344.fasta	tetracycline	tetracycline	No resistance	0	
ST8_id25291_ERR505344.fasta	fosfomycin	fosfomycin	No resistance	0	
ST8_id25293_ERR505357.fasta	# Sample: ST8_id25293_ERR505357.fasta
ST8_id25293_ERR505357.fasta	# 
ST8_id25293_ERR505357.fasta	# The phenotype 'No resistance' should be interpreted with
ST8_id25293_ERR505357.fasta	# caution, as it only means that nothing in the used
ST8_id25293_ERR505357.fasta	# database indicate resistance, but resistance could exist
ST8_id25293_ERR505357.fasta	# from 'unknown' or not yet implemented sources.
ST8_id25293_ERR505357.fasta	# 
ST8_id25293_ERR505357.fasta	# The 'Match' column stores one of the integers 0, 1, 2, 3.
ST8_id25293_ERR505357.fasta	#      0: No match found
ST8_id25293_ERR505357.fasta	#      1: Match < 100% ID AND match length < ref length
ST8_id25293_ERR505357.fasta	#      2: Match < 100% ID AND match length = ref length
ST8_id25293_ERR505357.fasta	#      3: Match = 100% ID AND match length = ref length
ST8_id25293_ERR505357.fasta	# If several hits causing the same resistance are found,
ST8_id25293_ERR505357.fasta	# the highest number will be stored in the 'Match' column.
ST8_id25293_ERR505357.fasta	# Antimicrobial	Class	WGS-predicted phenotype	Match	Genetic background
ST8_id25293_ERR505357.fasta	quinupristin+dalfopristin	streptogramin a	No resistance	0	
ST8_id25293_ERR505357.fasta	penicillin	beta-lactam	Resistant	3	blaZ (blaZ_JBTH01000015)
ST8_id25293_ERR505357.fasta	trimethoprim	folate pathway antagonist	Resistant	3	dfrG (dfrG_AB205645)
ST8_id25293_ERR505357.fasta	erythromycin	macrolide	Resistant	3	erm(C) (erm(C)_M13761)
ST8_id25293_ERR505357.fasta	teicoplanin	glycopeptide	No resistance	0	
ST8_id25293_ERR505357.fasta	tiamulin	pleuromutilin	No resistance	0	
ST8_id25293_ERR505357.fasta	vancomycin	glycopeptide	No resistance	0	
ST8_id25293_ERR505357.fasta	ciprofloxacin	quinolone	No resistance	0	
ST8_id25293_ERR505357.fasta	gentamicin	aminoglycoside	No resistance	0	
ST8_id25293_ERR505357.fasta	telithromycin	macrolide	No resistance	0	
ST8_id25293_ERR505357.fasta	linezolid	oxazolidinone	No resistance	0	
ST8_id25293_ERR505357.fasta	fusidic acid	steroid antibacterial	No resistance	0	
ST8_id25293_ERR505357.fasta	spiramycin	macrolide	No resistance	0	
ST8_id25293_ERR505357.fasta	sulfamethoxazole	folate pathway antagonist	No resistance	0	
ST8_id25293_ERR505357.fasta	amikacin	aminoglycoside	No resistance	0	
ST8_id25293_ERR505357.fasta	clindamycin	lincosamide	Resistant	3	erm(C) (erm(C)_M13761)
ST8_id25293_ERR505357.fasta	tetracycline	tetracycline	Resistant	2	tet(K) (tet(K)_U38656)
ST8_id25293_ERR505357.fasta	mupirocin	pseudomonic acid	No resistance	0	
ST8_id25293_ERR505357.fasta	fosfomycin	fosfomycin	No resistance	0	
ST8_id25293_ERR505357.fasta	cefoxitin	beta-lactam	No resistance	0	
ST8_id25293_ERR505357.fasta	chloramphenicol	amphenicol	No resistance	0	
ST8_id25293_ERR505357.fasta	tobramycin	aminoglycoside	No resistance	0	
ST8_id30866_ERR490594.fasta	# Sample: ST8_id30866_ERR490594.fasta
ST8_id30866_ERR490594.fasta	# 
ST8_id30866_ERR490594.fasta	# The phenotype 'No resistance' should be interpreted with
ST8_id30866_ERR490594.fasta	# caution, as it only means that nothing in the used
ST8_id30866_ERR490594.fasta	# database indicate resistance, but resistance could exist
ST8_id30866_ERR490594.fasta	# from 'unknown' or not yet implemented sources.
ST8_id30866_ERR490594.fasta	# 
ST8_id30866_ERR490594.fasta	# The 'Match' column stores one of the integers 0, 1, 2, 3.
ST8_id30866_ERR490594.fasta	#      0: No match found
ST8_id30866_ERR490594.fasta	#      1: Match < 100% ID AND match length < ref length
ST8_id30866_ERR490594.fasta	#      2: Match < 100% ID AND match length = ref length
ST8_id30866_ERR490594.fasta	#      3: Match = 100% ID AND match length = ref length
ST8_id30866_ERR490594.fasta	# If several hits causing the same resistance are found,
ST8_id30866_ERR490594.fasta	# the highest number will be stored in the 'Match' column.
ST8_id30866_ERR490594.fasta	# Antimicrobial	Class	WGS-predicted phenotype	Match	Genetic background
ST8_id30866_ERR490594.fasta	tiamulin	pleuromutilin	No resistance	0	
ST8_id30866_ERR490594.fasta	cefoxitin	beta-lactam	Resistant	3	mecA (mecA_NC_002951)
ST8_id30866_ERR490594.fasta	erythromycin	macrolide	Resistant	3	erm(C) (erm(C)_M13761)
ST8_id30866_ERR490594.fasta	linezolid	oxazolidinone	No resistance	0	
ST8_id30866_ERR490594.fasta	penicillin	beta-lactam	Resistant	1	blaZ (blaZ_NC_013944), blaZ (blaZ_FGSJ01000003), blaZ (blaZ_FFOR01000002), blaZ (blaZ_NZ_CUGR01000082), blaZ (blaZ_NZ_CUHK01000055), blaZ (blaZ_NZ_JVBT01000063), blaZ (blaZ_JBTH01000015), blaZ (blaZ_AJ400722)
ST8_id30866_ERR490594.fasta	vancomycin	glycopeptide	No resistance	0	
ST8_id30866_ERR490594.fasta	fusidic acid	steroid antibacterial	No resistance	0	
ST8_id30866_ERR490594.fasta	quinupristin+dalfopristin	streptogramin a	No resistance	0	
ST8_id30866_ERR490594.fasta	teicoplanin	glycopeptide	No resistance	0	
ST8_id30866_ERR490594.fasta	spiramycin	macrolide	No resistance	0	
ST8_id30866_ERR490594.fasta	telithromycin	macrolide	No resistance	0	
ST8_id30866_ERR490594.fasta	chloramphenicol	amphenicol	No resistance	0	
ST8_id30866_ERR490594.fasta	fosfomycin	fosfomycin	No resistance	0	
ST8_id30866_ERR490594.fasta	clindamycin	lincosamide	Resistant	3	erm(C) (erm(C)_M13761)
ST8_id30866_ERR490594.fasta	amikacin	aminoglycoside	Resistant	3	aac(6')-aph(2'') (aac(6')-aph(2'')_M13771)
ST8_id30866_ERR490594.fasta	ciprofloxacin	quinolone	Resistant	3	
ST8_id30866_ERR490594.fasta	gentamicin	aminoglycoside	Resistant	3	aac(6')-aph(2'') (aac(6')-aph(2'')_M13771)
ST8_id30866_ERR490594.fasta	tetracycline	tetracycline	Resistant	3	tet(M) (tet(M)_FN433596)
ST8_id30866_ERR490594.fasta	tobramycin	aminoglycoside	Resistant	3	aac(6')-aph(2'') (aac(6')-aph(2'')_M13771)
ST8_id30866_ERR490594.fasta	sulfamethoxazole	folate pathway antagonist	No resistance	0	
ST8_id30866_ERR490594.fasta	mupirocin	pseudomonic acid	No resistance	0	
ST8_id30866_ERR490594.fasta	trimethoprim	folate pathway antagonist	No resistance	0	
ST8_id30877_ERR490621.fasta	# Sample: ST8_id30877_ERR490621.fasta
ST8_id30877_ERR490621.fasta	# 
ST8_id30877_ERR490621.fasta	# The phenotype 'No resistance' should be interpreted with
ST8_id30877_ERR490621.fasta	# caution, as it only means that nothing in the used
ST8_id30877_ERR490621.fasta	# database indicate resistance, but resistance could exist
ST8_id30877_ERR490621.fasta	# from 'unknown' or not yet implemented sources.
ST8_id30877_ERR490621.fasta	# 
ST8_id30877_ERR490621.fasta	# The 'Match' column stores one of the integers 0, 1, 2, 3.
ST8_id30877_ERR490621.fasta	#      0: No match found
ST8_id30877_ERR490621.fasta	#      1: Match < 100% ID AND match length < ref length
ST8_id30877_ERR490621.fasta	#      2: Match < 100% ID AND match length = ref length
ST8_id30877_ERR490621.fasta	#      3: Match = 100% ID AND match length = ref length
ST8_id30877_ERR490621.fasta	# If several hits causing the same resistance are found,
ST8_id30877_ERR490621.fasta	# the highest number will be stored in the 'Match' column.
ST8_id30877_ERR490621.fasta	# Antimicrobial	Class	WGS-predicted phenotype	Match	Genetic background
ST8_id30877_ERR490621.fasta	erythromycin	macrolide	Resistant	3	erm(C) (erm(C)_M13761)
ST8_id30877_ERR490621.fasta	ciprofloxacin	quinolone	No resistance	0	
ST8_id30877_ERR490621.fasta	quinupristin+dalfopristin	streptogramin a	No resistance	0	
ST8_id30877_ERR490621.fasta	mupirocin	pseudomonic acid	No resistance	0	
ST8_id30877_ERR490621.fasta	fusidic acid	steroid antibacterial	No resistance	0	
ST8_id30877_ERR490621.fasta	telithromycin	macrolide	No resistance	0	
ST8_id30877_ERR490621.fasta	cefoxitin	beta-lactam	No resistance	0	
ST8_id30877_ERR490621.fasta	gentamicin	aminoglycoside	No resistance	0	
ST8_id30877_ERR490621.fasta	chloramphenicol	amphenicol	No resistance	0	
ST8_id30877_ERR490621.fasta	trimethoprim	folate pathway antagonist	Resistant	3	dfrG (dfrG_AB205645)
ST8_id30877_ERR490621.fasta	spiramycin	macrolide	No resistance	0	
ST8_id30877_ERR490621.fasta	linezolid	oxazolidinone	No resistance	0	
ST8_id30877_ERR490621.fasta	tiamulin	pleuromutilin	No resistance	0	
ST8_id30877_ERR490621.fasta	tetracycline	tetracycline	Resistant	2	tet(K) (tet(K)_J01764)
ST8_id30877_ERR490621.fasta	teicoplanin	glycopeptide	No resistance	0	
ST8_id30877_ERR490621.fasta	clindamycin	lincosamide	Resistant	3	erm(C) (erm(C)_M13761)
ST8_id30877_ERR490621.fasta	tobramycin	aminoglycoside	No resistance	0	
ST8_id30877_ERR490621.fasta	vancomycin	glycopeptide	No resistance	0	
ST8_id30877_ERR490621.fasta	sulfamethoxazole	folate pathway antagonist	No resistance	0	
ST8_id30877_ERR490621.fasta	fosfomycin	fosfomycin	No resistance	0	
ST8_id30877_ERR490621.fasta	penicillin	beta-lactam	Resistant	3	blaZ (blaZ_JBTH01000015)
ST8_id30877_ERR490621.fasta	amikacin	aminoglycoside	No resistance	0	
ST8_id31015_ERR490573.fasta	# Sample: ST8_id31015_ERR490573.fasta
ST8_id31015_ERR490573.fasta	# 
ST8_id31015_ERR490573.fasta	# The phenotype 'No resistance' should be interpreted with
ST8_id31015_ERR490573.fasta	# caution, as it only means that nothing in the used
ST8_id31015_ERR490573.fasta	# database indicate resistance, but resistance could exist
ST8_id31015_ERR490573.fasta	# from 'unknown' or not yet implemented sources.
ST8_id31015_ERR490573.fasta	# 
ST8_id31015_ERR490573.fasta	# The 'Match' column stores one of the integers 0, 1, 2, 3.
ST8_id31015_ERR490573.fasta	#      0: No match found
ST8_id31015_ERR490573.fasta	#      1: Match < 100% ID AND match length < ref length
ST8_id31015_ERR490573.fasta	#      2: Match < 100% ID AND match length = ref length
ST8_id31015_ERR490573.fasta	#      3: Match = 100% ID AND match length = ref length
ST8_id31015_ERR490573.fasta	# If several hits causing the same resistance are found,
ST8_id31015_ERR490573.fasta	# the highest number will be stored in the 'Match' column.
ST8_id31015_ERR490573.fasta	# Antimicrobial	Class	WGS-predicted phenotype	Match	Genetic background
ST8_id31015_ERR490573.fasta	tobramycin	aminoglycoside	No resistance	0	
ST8_id31015_ERR490573.fasta	chloramphenicol	amphenicol	No resistance	0	
ST8_id31015_ERR490573.fasta	linezolid	oxazolidinone	No resistance	0	
ST8_id31015_ERR490573.fasta	amikacin	aminoglycoside	No resistance	0	
ST8_id31015_ERR490573.fasta	tiamulin	pleuromutilin	No resistance	0	
ST8_id31015_ERR490573.fasta	quinupristin+dalfopristin	streptogramin a	No resistance	0	
ST8_id31015_ERR490573.fasta	vancomycin	glycopeptide	No resistance	0	
ST8_id31015_ERR490573.fasta	cefoxitin	beta-lactam	No resistance	0	
ST8_id31015_ERR490573.fasta	ciprofloxacin	quinolone	No resistance	0	
ST8_id31015_ERR490573.fasta	tetracycline	tetracycline	Resistant	2	tet(K) (tet(K)_U38656)
ST8_id31015_ERR490573.fasta	sulfamethoxazole	folate pathway antagonist	No resistance	0	
ST8_id31015_ERR490573.fasta	erythromycin	macrolide	Resistant	3	erm(C) (erm(C)_M13761)
ST8_id31015_ERR490573.fasta	penicillin	beta-lactam	Resistant	3	blaZ (blaZ_JBTH01000015)
ST8_id31015_ERR490573.fasta	trimethoprim	folate pathway antagonist	Resistant	3	dfrG (dfrG_AB205645)
ST8_id31015_ERR490573.fasta	fosfomycin	fosfomycin	No resistance	0	
ST8_id31015_ERR490573.fasta	spiramycin	macrolide	No resistance	0	
ST8_id31015_ERR490573.fasta	telithromycin	macrolide	No resistance	0	
ST8_id31015_ERR490573.fasta	mupirocin	pseudomonic acid	No resistance	0	
ST8_id31015_ERR490573.fasta	gentamicin	aminoglycoside	No resistance	0	
ST8_id31015_ERR490573.fasta	teicoplanin	glycopeptide	No resistance	0	
ST8_id31015_ERR490573.fasta	fusidic acid	steroid antibacterial	No resistance	0	
ST8_id31015_ERR490573.fasta	clindamycin	lincosamide	Resistant	3	erm(C) (erm(C)_M13761)
ST8_id31020_ERR490578.fasta	# Sample: ST8_id31020_ERR490578.fasta
ST8_id31020_ERR490578.fasta	# 
ST8_id31020_ERR490578.fasta	# The phenotype 'No resistance' should be interpreted with
ST8_id31020_ERR490578.fasta	# caution, as it only means that nothing in the used
ST8_id31020_ERR490578.fasta	# database indicate resistance, but resistance could exist
ST8_id31020_ERR490578.fasta	# from 'unknown' or not yet implemented sources.
ST8_id31020_ERR490578.fasta	# 
ST8_id31020_ERR490578.fasta	# The 'Match' column stores one of the integers 0, 1, 2, 3.
ST8_id31020_ERR490578.fasta	#      0: No match found
ST8_id31020_ERR490578.fasta	#      1: Match < 100% ID AND match length < ref length
ST8_id31020_ERR490578.fasta	#      2: Match < 100% ID AND match length = ref length
ST8_id31020_ERR490578.fasta	#      3: Match = 100% ID AND match length = ref length
ST8_id31020_ERR490578.fasta	# If several hits causing the same resistance are found,
ST8_id31020_ERR490578.fasta	# the highest number will be stored in the 'Match' column.
ST8_id31020_ERR490578.fasta	# Antimicrobial	Class	WGS-predicted phenotype	Match	Genetic background
ST8_id31020_ERR490578.fasta	telithromycin	macrolide	No resistance	0	
ST8_id31020_ERR490578.fasta	cefoxitin	beta-lactam	Resistant	3	mecA (mecA_BX571856)
ST8_id31020_ERR490578.fasta	gentamicin	aminoglycoside	No resistance	0	
ST8_id31020_ERR490578.fasta	sulfamethoxazole	folate pathway antagonist	No resistance	0	
ST8_id31020_ERR490578.fasta	mupirocin	pseudomonic acid	No resistance	0	
ST8_id31020_ERR490578.fasta	tobramycin	aminoglycoside	No resistance	0	
ST8_id31020_ERR490578.fasta	teicoplanin	glycopeptide	No resistance	0	
ST8_id31020_ERR490578.fasta	linezolid	oxazolidinone	No resistance	0	
ST8_id31020_ERR490578.fasta	spiramycin	macrolide	No resistance	0	
ST8_id31020_ERR490578.fasta	amikacin	aminoglycoside	No resistance	0	
ST8_id31020_ERR490578.fasta	chloramphenicol	amphenicol	No resistance	0	
ST8_id31020_ERR490578.fasta	vancomycin	glycopeptide	No resistance	0	
ST8_id31020_ERR490578.fasta	clindamycin	lincosamide	Resistant	3	erm(C) (erm(C)_M13761)
ST8_id31020_ERR490578.fasta	tiamulin	pleuromutilin	No resistance	0	
ST8_id31020_ERR490578.fasta	erythromycin	macrolide	Resistant	3	erm(C) (erm(C)_M13761)
ST8_id31020_ERR490578.fasta	quinupristin+dalfopristin	streptogramin a	No resistance	0	
ST8_id31020_ERR490578.fasta	fosfomycin	fosfomycin	No resistance	0	
ST8_id31020_ERR490578.fasta	ciprofloxacin	quinolone	No resistance	0	
ST8_id31020_ERR490578.fasta	tetracycline	tetracycline	No resistance	0	
ST8_id31020_ERR490578.fasta	trimethoprim	folate pathway antagonist	Resistant	3	dfrG (dfrG_AB205645)
ST8_id31020_ERR490578.fasta	fusidic acid	steroid antibacterial	No resistance	0	
ST8_id31020_ERR490578.fasta	penicillin	beta-lactam	Resistant	3	blaZ (blaZ_JBTH01000015)
ST8_id31026_ERR490591.fasta	# Sample: ST8_id31026_ERR490591.fasta
ST8_id31026_ERR490591.fasta	# 
ST8_id31026_ERR490591.fasta	# The phenotype 'No resistance' should be interpreted with
ST8_id31026_ERR490591.fasta	# caution, as it only means that nothing in the used
ST8_id31026_ERR490591.fasta	# database indicate resistance, but resistance could exist
ST8_id31026_ERR490591.fasta	# from 'unknown' or not yet implemented sources.
ST8_id31026_ERR490591.fasta	# 
ST8_id31026_ERR490591.fasta	# The 'Match' column stores one of the integers 0, 1, 2, 3.
ST8_id31026_ERR490591.fasta	#      0: No match found
ST8_id31026_ERR490591.fasta	#      1: Match < 100% ID AND match length < ref length
ST8_id31026_ERR490591.fasta	#      2: Match < 100% ID AND match length = ref length
ST8_id31026_ERR490591.fasta	#      3: Match = 100% ID AND match length = ref length
ST8_id31026_ERR490591.fasta	# If several hits causing the same resistance are found,
ST8_id31026_ERR490591.fasta	# the highest number will be stored in the 'Match' column.
ST8_id31026_ERR490591.fasta	# Antimicrobial	Class	WGS-predicted phenotype	Match	Genetic background
ST8_id31026_ERR490591.fasta	mupirocin	pseudomonic acid	No resistance	0	
ST8_id31026_ERR490591.fasta	fusidic acid	steroid antibacterial	No resistance	0	
ST8_id31026_ERR490591.fasta	spiramycin	macrolide	No resistance	0	
ST8_id31026_ERR490591.fasta	teicoplanin	glycopeptide	No resistance	0	
ST8_id31026_ERR490591.fasta	trimethoprim	folate pathway antagonist	Resistant	3	dfrG (dfrG_AB205645)
ST8_id31026_ERR490591.fasta	cefoxitin	beta-lactam	No resistance	0	
ST8_id31026_ERR490591.fasta	erythromycin	macrolide	Resistant	3	erm(C) (erm(C)_M13761)
ST8_id31026_ERR490591.fasta	gentamicin	aminoglycoside	No resistance	0	
ST8_id31026_ERR490591.fasta	tetracycline	tetracycline	Resistant	2	tet(K) (tet(K)_U38656)
ST8_id31026_ERR490591.fasta	fosfomycin	fosfomycin	No resistance	0	
ST8_id31026_ERR490591.fasta	vancomycin	glycopeptide	No resistance	0	
ST8_id31026_ERR490591.fasta	tiamulin	pleuromutilin	No resistance	0	
ST8_id31026_ERR490591.fasta	linezolid	oxazolidinone	No resistance	0	
ST8_id31026_ERR490591.fasta	penicillin	beta-lactam	Resistant	3	blaZ (blaZ_JBTH01000015)
ST8_id31026_ERR490591.fasta	amikacin	aminoglycoside	No resistance	0	
ST8_id31026_ERR490591.fasta	sulfamethoxazole	folate pathway antagonist	No resistance	0	
ST8_id31026_ERR490591.fasta	chloramphenicol	amphenicol	No resistance	0	
ST8_id31026_ERR490591.fasta	tobramycin	aminoglycoside	No resistance	0	
ST8_id31026_ERR490591.fasta	ciprofloxacin	quinolone	No resistance	0	
ST8_id31026_ERR490591.fasta	clindamycin	lincosamide	Resistant	3	erm(C) (erm(C)_M13761)
ST8_id31026_ERR490591.fasta	quinupristin+dalfopristin	streptogramin a	No resistance	0	
ST8_id31026_ERR490591.fasta	telithromycin	macrolide	No resistance	0	
ST8_id31027_ERR490592.fasta	# Sample: ST8_id31027_ERR490592.fasta
ST8_id31027_ERR490592.fasta	# 
ST8_id31027_ERR490592.fasta	# The phenotype 'No resistance' should be interpreted with
ST8_id31027_ERR490592.fasta	# caution, as it only means that nothing in the used
ST8_id31027_ERR490592.fasta	# database indicate resistance, but resistance could exist
ST8_id31027_ERR490592.fasta	# from 'unknown' or not yet implemented sources.
ST8_id31027_ERR490592.fasta	# 
ST8_id31027_ERR490592.fasta	# The 'Match' column stores one of the integers 0, 1, 2, 3.
ST8_id31027_ERR490592.fasta	#      0: No match found
ST8_id31027_ERR490592.fasta	#      1: Match < 100% ID AND match length < ref length
ST8_id31027_ERR490592.fasta	#      2: Match < 100% ID AND match length = ref length
ST8_id31027_ERR490592.fasta	#      3: Match = 100% ID AND match length = ref length
ST8_id31027_ERR490592.fasta	# If several hits causing the same resistance are found,
ST8_id31027_ERR490592.fasta	# the highest number will be stored in the 'Match' column.
ST8_id31027_ERR490592.fasta	# Antimicrobial	Class	WGS-predicted phenotype	Match	Genetic background
ST8_id31027_ERR490592.fasta	tetracycline	tetracycline	No resistance	0	
ST8_id31027_ERR490592.fasta	vancomycin	glycopeptide	No resistance	0	
ST8_id31027_ERR490592.fasta	clindamycin	lincosamide	No resistance	0	
ST8_id31027_ERR490592.fasta	linezolid	oxazolidinone	No resistance	0	
ST8_id31027_ERR490592.fasta	chloramphenicol	amphenicol	No resistance	0	
ST8_id31027_ERR490592.fasta	tobramycin	aminoglycoside	No resistance	0	
ST8_id31027_ERR490592.fasta	sulfamethoxazole	folate pathway antagonist	No resistance	0	
ST8_id31027_ERR490592.fasta	mupirocin	pseudomonic acid	No resistance	0	
ST8_id31027_ERR490592.fasta	amikacin	aminoglycoside	No resistance	0	
ST8_id31027_ERR490592.fasta	teicoplanin	glycopeptide	No resistance	0	
ST8_id31027_ERR490592.fasta	cefoxitin	beta-lactam	Resistant	3	mecA (mecA_BX571856)
ST8_id31027_ERR490592.fasta	erythromycin	macrolide	No resistance	0	
ST8_id31027_ERR490592.fasta	tiamulin	pleuromutilin	No resistance	0	
ST8_id31027_ERR490592.fasta	penicillin	beta-lactam	Resistant	3	blaZ (blaZ_JBTH01000015)
ST8_id31027_ERR490592.fasta	gentamicin	aminoglycoside	No resistance	0	
ST8_id31027_ERR490592.fasta	telithromycin	macrolide	No resistance	0	
ST8_id31027_ERR490592.fasta	fusidic acid	steroid antibacterial	No resistance	0	
ST8_id31027_ERR490592.fasta	fosfomycin	fosfomycin	No resistance	0	
ST8_id31027_ERR490592.fasta	trimethoprim	folate pathway antagonist	Resistant	3	dfrG (dfrG_AB205645)
ST8_id31027_ERR490592.fasta	ciprofloxacin	quinolone	No resistance	0	
ST8_id31027_ERR490592.fasta	quinupristin+dalfopristin	streptogramin a	No resistance	0	
ST8_id31027_ERR490592.fasta	spiramycin	macrolide	No resistance	0	
ST8_id38621_AAU9502_S232.fasta	# Sample: ST8_id38621_AAU9502_S232.fasta
ST8_id38621_AAU9502_S232.fasta	# 
ST8_id38621_AAU9502_S232.fasta	# The phenotype 'No resistance' should be interpreted with
ST8_id38621_AAU9502_S232.fasta	# caution, as it only means that nothing in the used
ST8_id38621_AAU9502_S232.fasta	# database indicate resistance, but resistance could exist
ST8_id38621_AAU9502_S232.fasta	# from 'unknown' or not yet implemented sources.
ST8_id38621_AAU9502_S232.fasta	# 
ST8_id38621_AAU9502_S232.fasta	# The 'Match' column stores one of the integers 0, 1, 2, 3.
ST8_id38621_AAU9502_S232.fasta	#      0: No match found
ST8_id38621_AAU9502_S232.fasta	#      1: Match < 100% ID AND match length < ref length
ST8_id38621_AAU9502_S232.fasta	#      2: Match < 100% ID AND match length = ref length
ST8_id38621_AAU9502_S232.fasta	#      3: Match = 100% ID AND match length = ref length
ST8_id38621_AAU9502_S232.fasta	# If several hits causing the same resistance are found,
ST8_id38621_AAU9502_S232.fasta	# the highest number will be stored in the 'Match' column.
ST8_id38621_AAU9502_S232.fasta	# Antimicrobial	Class	WGS-predicted phenotype	Match	Genetic background
ST8_id38621_AAU9502_S232.fasta	ciprofloxacin	quinolone	Resistant	3	
ST8_id38621_AAU9502_S232.fasta	clindamycin	lincosamide	Resistant	3	erm(B) (erm(B)_U18931)
ST8_id38621_AAU9502_S232.fasta	penicillin	beta-lactam	Resistant	3	blaZ (blaZ_JBTH01000015)
ST8_id38621_AAU9502_S232.fasta	trimethoprim	folate pathway antagonist	Resistant	3	dfrG (dfrG_AB205645)
ST8_id38621_AAU9502_S232.fasta	linezolid	oxazolidinone	No resistance	0	
ST8_id38621_AAU9502_S232.fasta	erythromycin	macrolide	Resistant	3	erm(B) (erm(B)_U18931)
ST8_id38621_AAU9502_S232.fasta	tobramycin	aminoglycoside	Resistant	3	aph(2'')-Ia (aph(2'')-Ia_AP009486)
ST8_id38621_AAU9502_S232.fasta	telithromycin	macrolide	No resistance	0	
ST8_id38621_AAU9502_S232.fasta	amikacin	aminoglycoside	Resistant	3	aph(2'')-Ia (aph(2'')-Ia_AP009486), aph(3')-III (aph(3')-III_M26832)
ST8_id38621_AAU9502_S232.fasta	quinupristin+dalfopristin	streptogramin a	No resistance	0	
ST8_id38621_AAU9502_S232.fasta	tiamulin	pleuromutilin	No resistance	0	
ST8_id38621_AAU9502_S232.fasta	chloramphenicol	amphenicol	No resistance	0	
ST8_id38621_AAU9502_S232.fasta	fusidic acid	steroid antibacterial	No resistance	0	
ST8_id38621_AAU9502_S232.fasta	cefoxitin	beta-lactam	Resistant	3	mecA (mecA_NC_007168)
ST8_id38621_AAU9502_S232.fasta	spiramycin	macrolide	No resistance	0	
ST8_id38621_AAU9502_S232.fasta	sulfamethoxazole	folate pathway antagonist	No resistance	0	
ST8_id38621_AAU9502_S232.fasta	tetracycline	tetracycline	Resistant	3	tet(K) (tet(K)_U38656)
ST8_id38621_AAU9502_S232.fasta	vancomycin	glycopeptide	No resistance	0	
ST8_id38621_AAU9502_S232.fasta	teicoplanin	glycopeptide	No resistance	0	
ST8_id38621_AAU9502_S232.fasta	mupirocin	pseudomonic acid	No resistance	0	
ST8_id38621_AAU9502_S232.fasta	gentamicin	aminoglycoside	Resistant	3	aph(2'')-Ia (aph(2'')-Ia_AP009486)
ST8_id38621_AAU9502_S232.fasta	fosfomycin	fosfomycin	No resistance	0	
ST8_id38623_ABP5011_S53.fasta	# Sample: ST8_id38623_ABP5011_S53.fasta
ST8_id38623_ABP5011_S53.fasta	# 
ST8_id38623_ABP5011_S53.fasta	# The phenotype 'No resistance' should be interpreted with
ST8_id38623_ABP5011_S53.fasta	# caution, as it only means that nothing in the used
ST8_id38623_ABP5011_S53.fasta	# database indicate resistance, but resistance could exist
ST8_id38623_ABP5011_S53.fasta	# from 'unknown' or not yet implemented sources.
ST8_id38623_ABP5011_S53.fasta	# 
ST8_id38623_ABP5011_S53.fasta	# The 'Match' column stores one of the integers 0, 1, 2, 3.
ST8_id38623_ABP5011_S53.fasta	#      0: No match found
ST8_id38623_ABP5011_S53.fasta	#      1: Match < 100% ID AND match length < ref length
ST8_id38623_ABP5011_S53.fasta	#      2: Match < 100% ID AND match length = ref length
ST8_id38623_ABP5011_S53.fasta	#      3: Match = 100% ID AND match length = ref length
ST8_id38623_ABP5011_S53.fasta	# If several hits causing the same resistance are found,
ST8_id38623_ABP5011_S53.fasta	# the highest number will be stored in the 'Match' column.
ST8_id38623_ABP5011_S53.fasta	# Antimicrobial	Class	WGS-predicted phenotype	Match	Genetic background
ST8_id38623_ABP5011_S53.fasta	telithromycin	macrolide	No resistance	0	
ST8_id38623_ABP5011_S53.fasta	linezolid	oxazolidinone	No resistance	0	
ST8_id38623_ABP5011_S53.fasta	teicoplanin	glycopeptide	No resistance	0	
ST8_id38623_ABP5011_S53.fasta	erythromycin	macrolide	Resistant	3	erm(C) (erm(C)_M13761)
ST8_id38623_ABP5011_S53.fasta	chloramphenicol	amphenicol	No resistance	0	
ST8_id38623_ABP5011_S53.fasta	tetracycline	tetracycline	Resistant	3	tet(K) (tet(K)_U38656)
ST8_id38623_ABP5011_S53.fasta	fusidic acid	steroid antibacterial	No resistance	0	
ST8_id38623_ABP5011_S53.fasta	ciprofloxacin	quinolone	Resistant	3	
ST8_id38623_ABP5011_S53.fasta	cefoxitin	beta-lactam	No resistance	0	
ST8_id38623_ABP5011_S53.fasta	vancomycin	glycopeptide	No resistance	0	
ST8_id38623_ABP5011_S53.fasta	quinupristin+dalfopristin	streptogramin a	No resistance	0	
ST8_id38623_ABP5011_S53.fasta	gentamicin	aminoglycoside	Resistant	3	aac(6')-aph(2'') (aac(6')-aph(2'')_M13771)
ST8_id38623_ABP5011_S53.fasta	spiramycin	macrolide	No resistance	0	
ST8_id38623_ABP5011_S53.fasta	amikacin	aminoglycoside	Resistant	3	aac(6')-aph(2'') (aac(6')-aph(2'')_M13771)
ST8_id38623_ABP5011_S53.fasta	tobramycin	aminoglycoside	Resistant	3	aac(6')-aph(2'') (aac(6')-aph(2'')_M13771)
ST8_id38623_ABP5011_S53.fasta	sulfamethoxazole	folate pathway antagonist	No resistance	0	
ST8_id38623_ABP5011_S53.fasta	clindamycin	lincosamide	Resistant	3	erm(C) (erm(C)_M13761)
ST8_id38623_ABP5011_S53.fasta	fosfomycin	fosfomycin	No resistance	0	
ST8_id38623_ABP5011_S53.fasta	mupirocin	pseudomonic acid	No resistance	0	
ST8_id38623_ABP5011_S53.fasta	penicillin	beta-lactam	Resistant	3	blaZ (blaZ_JBTH01000015)
ST8_id38623_ABP5011_S53.fasta	trimethoprim	folate pathway antagonist	Resistant	3	dfrG (dfrG_AB205645)
ST8_id38623_ABP5011_S53.fasta	tiamulin	pleuromutilin	No resistance	0	
ST8_id38630_SA32_S33.fasta	# Sample: ST8_id38630_SA32_S33.fasta
ST8_id38630_SA32_S33.fasta	# 
ST8_id38630_SA32_S33.fasta	# The phenotype 'No resistance' should be interpreted with
ST8_id38630_SA32_S33.fasta	# caution, as it only means that nothing in the used
ST8_id38630_SA32_S33.fasta	# database indicate resistance, but resistance could exist
ST8_id38630_SA32_S33.fasta	# from 'unknown' or not yet implemented sources.
ST8_id38630_SA32_S33.fasta	# 
ST8_id38630_SA32_S33.fasta	# The 'Match' column stores one of the integers 0, 1, 2, 3.
ST8_id38630_SA32_S33.fasta	#      0: No match found
ST8_id38630_SA32_S33.fasta	#      1: Match < 100% ID AND match length < ref length
ST8_id38630_SA32_S33.fasta	#      2: Match < 100% ID AND match length = ref length
ST8_id38630_SA32_S33.fasta	#      3: Match = 100% ID AND match length = ref length
ST8_id38630_SA32_S33.fasta	# If several hits causing the same resistance are found,
ST8_id38630_SA32_S33.fasta	# the highest number will be stored in the 'Match' column.
ST8_id38630_SA32_S33.fasta	# Antimicrobial	Class	WGS-predicted phenotype	Match	Genetic background
ST8_id38630_SA32_S33.fasta	clindamycin	lincosamide	No resistance	0	
ST8_id38630_SA32_S33.fasta	ciprofloxacin	quinolone	No resistance	0	
ST8_id38630_SA32_S33.fasta	vancomycin	glycopeptide	No resistance	0	
ST8_id38630_SA32_S33.fasta	linezolid	oxazolidinone	No resistance	0	
ST8_id38630_SA32_S33.fasta	penicillin	beta-lactam	Resistant	3	blaZ (blaZ_AHVO01000010)
ST8_id38630_SA32_S33.fasta	trimethoprim	folate pathway antagonist	No resistance	0	
ST8_id38630_SA32_S33.fasta	quinupristin+dalfopristin	streptogramin a	No resistance	0	
ST8_id38630_SA32_S33.fasta	teicoplanin	glycopeptide	No resistance	0	
ST8_id38630_SA32_S33.fasta	tiamulin	pleuromutilin	No resistance	0	
ST8_id38630_SA32_S33.fasta	erythromycin	macrolide	No resistance	0	
ST8_id38630_SA32_S33.fasta	cefoxitin	beta-lactam	No resistance	0	
ST8_id38630_SA32_S33.fasta	tetracycline	tetracycline	No resistance	0	
ST8_id38630_SA32_S33.fasta	spiramycin	macrolide	No resistance	0	
ST8_id38630_SA32_S33.fasta	fosfomycin	fosfomycin	No resistance	0	
ST8_id38630_SA32_S33.fasta	chloramphenicol	amphenicol	No resistance	0	
ST8_id38630_SA32_S33.fasta	tobramycin	aminoglycoside	No resistance	0	
ST8_id38630_SA32_S33.fasta	gentamicin	aminoglycoside	No resistance	0	
ST8_id38630_SA32_S33.fasta	mupirocin	pseudomonic acid	No resistance	0	
ST8_id38630_SA32_S33.fasta	amikacin	aminoglycoside	No resistance	0	
ST8_id38630_SA32_S33.fasta	fusidic acid	steroid antibacterial	No resistance	0	
ST8_id38630_SA32_S33.fasta	telithromycin	macrolide	No resistance	0	
ST8_id38630_SA32_S33.fasta	sulfamethoxazole	folate pathway antagonist	No resistance	0	
ST8_id42161_HA-MRSA-33.fasta	# Sample: ST8_id42161_HA-MRSA-33.fasta
ST8_id42161_HA-MRSA-33.fasta	# 
ST8_id42161_HA-MRSA-33.fasta	# The phenotype 'No resistance' should be interpreted with
ST8_id42161_HA-MRSA-33.fasta	# caution, as it only means that nothing in the used
ST8_id42161_HA-MRSA-33.fasta	# database indicate resistance, but resistance could exist
ST8_id42161_HA-MRSA-33.fasta	# from 'unknown' or not yet implemented sources.
ST8_id42161_HA-MRSA-33.fasta	# 
ST8_id42161_HA-MRSA-33.fasta	# The 'Match' column stores one of the integers 0, 1, 2, 3.
ST8_id42161_HA-MRSA-33.fasta	#      0: No match found
ST8_id42161_HA-MRSA-33.fasta	#      1: Match < 100% ID AND match length < ref length
ST8_id42161_HA-MRSA-33.fasta	#      2: Match < 100% ID AND match length = ref length
ST8_id42161_HA-MRSA-33.fasta	#      3: Match = 100% ID AND match length = ref length
ST8_id42161_HA-MRSA-33.fasta	# If several hits causing the same resistance are found,
ST8_id42161_HA-MRSA-33.fasta	# the highest number will be stored in the 'Match' column.
ST8_id42161_HA-MRSA-33.fasta	# Antimicrobial	Class	WGS-predicted phenotype	Match	Genetic background
ST8_id42161_HA-MRSA-33.fasta	fusidic acid	steroid antibacterial	Resistant	3	
ST8_id42161_HA-MRSA-33.fasta	spiramycin	macrolide	No resistance	0	
ST8_id42161_HA-MRSA-33.fasta	sulfamethoxazole	folate pathway antagonist	No resistance	0	
ST8_id42161_HA-MRSA-33.fasta	fosfomycin	fosfomycin	No resistance	0	
ST8_id42161_HA-MRSA-33.fasta	amikacin	aminoglycoside	No resistance	0	
ST8_id42161_HA-MRSA-33.fasta	tetracycline	tetracycline	No resistance	0	
ST8_id42161_HA-MRSA-33.fasta	telithromycin	macrolide	No resistance	0	
ST8_id42161_HA-MRSA-33.fasta	linezolid	oxazolidinone	No resistance	0	
ST8_id42161_HA-MRSA-33.fasta	gentamicin	aminoglycoside	No resistance	0	
ST8_id42161_HA-MRSA-33.fasta	chloramphenicol	amphenicol	No resistance	0	
ST8_id42161_HA-MRSA-33.fasta	tobramycin	aminoglycoside	No resistance	0	
ST8_id42161_HA-MRSA-33.fasta	clindamycin	lincosamide	Resistant	3	erm(C) (erm(C)_M13761)
ST8_id42161_HA-MRSA-33.fasta	trimethoprim	folate pathway antagonist	No resistance	0	
ST8_id42161_HA-MRSA-33.fasta	quinupristin+dalfopristin	streptogramin a	No resistance	0	
ST8_id42161_HA-MRSA-33.fasta	erythromycin	macrolide	Resistant	3	erm(C) (erm(C)_M13761)
ST8_id42161_HA-MRSA-33.fasta	penicillin	beta-lactam	Resistant	3	blaZ (blaZ_AP004832)
ST8_id42161_HA-MRSA-33.fasta	teicoplanin	glycopeptide	No resistance	0	
ST8_id42161_HA-MRSA-33.fasta	tiamulin	pleuromutilin	No resistance	0	
ST8_id42161_HA-MRSA-33.fasta	vancomycin	glycopeptide	No resistance	0	
ST8_id42161_HA-MRSA-33.fasta	mupirocin	pseudomonic acid	No resistance	0	
ST8_id42161_HA-MRSA-33.fasta	ciprofloxacin	quinolone	Resistant	3	
ST8_id42161_HA-MRSA-33.fasta	cefoxitin	beta-lactam	No resistance	0	
ST8_id46085_ACL.fasta	# Sample: ST8_id46085_ACL.fasta
ST8_id46085_ACL.fasta	# 
ST8_id46085_ACL.fasta	# The phenotype 'No resistance' should be interpreted with
ST8_id46085_ACL.fasta	# caution, as it only means that nothing in the used
ST8_id46085_ACL.fasta	# database indicate resistance, but resistance could exist
ST8_id46085_ACL.fasta	# from 'unknown' or not yet implemented sources.
ST8_id46085_ACL.fasta	# 
ST8_id46085_ACL.fasta	# The 'Match' column stores one of the integers 0, 1, 2, 3.
ST8_id46085_ACL.fasta	#      0: No match found
ST8_id46085_ACL.fasta	#      1: Match < 100% ID AND match length < ref length
ST8_id46085_ACL.fasta	#      2: Match < 100% ID AND match length = ref length
ST8_id46085_ACL.fasta	#      3: Match = 100% ID AND match length = ref length
ST8_id46085_ACL.fasta	# If several hits causing the same resistance are found,
ST8_id46085_ACL.fasta	# the highest number will be stored in the 'Match' column.
ST8_id46085_ACL.fasta	# Antimicrobial	Class	WGS-predicted phenotype	Match	Genetic background
ST8_id46085_ACL.fasta	cefoxitin	beta-lactam	No resistance	0	
ST8_id46085_ACL.fasta	erythromycin	macrolide	Resistant	3	erm(C) (erm(C)_M19652)
ST8_id46085_ACL.fasta	tetracycline	tetracycline	No resistance	0	
ST8_id46085_ACL.fasta	trimethoprim	folate pathway antagonist	No resistance	0	
ST8_id46085_ACL.fasta	teicoplanin	glycopeptide	No resistance	0	
ST8_id46085_ACL.fasta	sulfamethoxazole	folate pathway antagonist	No resistance	0	
ST8_id46085_ACL.fasta	mupirocin	pseudomonic acid	No resistance	0	
ST8_id46085_ACL.fasta	amikacin	aminoglycoside	No resistance	0	
ST8_id46085_ACL.fasta	tiamulin	pleuromutilin	No resistance	0	
ST8_id46085_ACL.fasta	penicillin	beta-lactam	Resistant	3	blaZ (blaZ_AHVO01000010)
ST8_id46085_ACL.fasta	linezolid	oxazolidinone	No resistance	0	
ST8_id46085_ACL.fasta	chloramphenicol	amphenicol	No resistance	0	
ST8_id46085_ACL.fasta	ciprofloxacin	quinolone	No resistance	0	
ST8_id46085_ACL.fasta	fosfomycin	fosfomycin	No resistance	0	
ST8_id46085_ACL.fasta	gentamicin	aminoglycoside	No resistance	0	
ST8_id46085_ACL.fasta	tobramycin	aminoglycoside	No resistance	0	
ST8_id46085_ACL.fasta	vancomycin	glycopeptide	No resistance	0	
ST8_id46085_ACL.fasta	fusidic acid	steroid antibacterial	No resistance	0	
ST8_id46085_ACL.fasta	quinupristin+dalfopristin	streptogramin a	No resistance	0	
ST8_id46085_ACL.fasta	spiramycin	macrolide	No resistance	0	
ST8_id46085_ACL.fasta	clindamycin	lincosamide	Resistant	3	erm(C) (erm(C)_M19652)
ST8_id46085_ACL.fasta	telithromycin	macrolide	No resistance	0	
ST8_id46125_W-357.fasta	# Sample: ST8_id46125_W-357.fasta
ST8_id46125_W-357.fasta	# 
ST8_id46125_W-357.fasta	# The phenotype 'No resistance' should be interpreted with
ST8_id46125_W-357.fasta	# caution, as it only means that nothing in the used
ST8_id46125_W-357.fasta	# database indicate resistance, but resistance could exist
ST8_id46125_W-357.fasta	# from 'unknown' or not yet implemented sources.
ST8_id46125_W-357.fasta	# 
ST8_id46125_W-357.fasta	# The 'Match' column stores one of the integers 0, 1, 2, 3.
ST8_id46125_W-357.fasta	#      0: No match found
ST8_id46125_W-357.fasta	#      1: Match < 100% ID AND match length < ref length
ST8_id46125_W-357.fasta	#      2: Match < 100% ID AND match length = ref length
ST8_id46125_W-357.fasta	#      3: Match = 100% ID AND match length = ref length
ST8_id46125_W-357.fasta	# If several hits causing the same resistance are found,
ST8_id46125_W-357.fasta	# the highest number will be stored in the 'Match' column.
ST8_id46125_W-357.fasta	# Antimicrobial	Class	WGS-predicted phenotype	Match	Genetic background
ST8_id46125_W-357.fasta	fosfomycin	fosfomycin	Resistant	3	fosD (fosD_KC989517)
ST8_id46125_W-357.fasta	mupirocin	pseudomonic acid	No resistance	0	
ST8_id46125_W-357.fasta	tobramycin	aminoglycoside	No resistance	0	
ST8_id46125_W-357.fasta	amikacin	aminoglycoside	No resistance	0	
ST8_id46125_W-357.fasta	telithromycin	macrolide	No resistance	0	
ST8_id46125_W-357.fasta	gentamicin	aminoglycoside	No resistance	0	
ST8_id46125_W-357.fasta	clindamycin	lincosamide	Resistant	2	erm(C) (erm(C)_M19652)
ST8_id46125_W-357.fasta	teicoplanin	glycopeptide	No resistance	0	
ST8_id46125_W-357.fasta	chloramphenicol	amphenicol	Resistant	2	fexB (fexB_JN201336)
ST8_id46125_W-357.fasta	tetracycline	tetracycline	No resistance	0	
ST8_id46125_W-357.fasta	linezolid	oxazolidinone	No resistance	0	
ST8_id46125_W-357.fasta	cefoxitin	beta-lactam	No resistance	0	
ST8_id46125_W-357.fasta	vancomycin	glycopeptide	No resistance	0	
ST8_id46125_W-357.fasta	ciprofloxacin	quinolone	Resistant	3	
ST8_id46125_W-357.fasta	quinupristin+dalfopristin	streptogramin a	No resistance	0	
ST8_id46125_W-357.fasta	penicillin	beta-lactam	Resistant	3	blaZ (blaZ_AHVO01000010)
ST8_id46125_W-357.fasta	trimethoprim	folate pathway antagonist	No resistance	0	
ST8_id46125_W-357.fasta	spiramycin	macrolide	No resistance	0	
ST8_id46125_W-357.fasta	sulfamethoxazole	folate pathway antagonist	No resistance	0	
ST8_id46125_W-357.fasta	tiamulin	pleuromutilin	No resistance	0	
ST8_id46125_W-357.fasta	erythromycin	macrolide	Resistant	2	erm(C) (erm(C)_M19652)
ST8_id46125_W-357.fasta	fusidic acid	steroid antibacterial	No resistance	0	
ST97_id21212_ERR227490.fasta	# Sample: ST97_id21212_ERR227490.fasta
ST97_id21212_ERR227490.fasta	# 
ST97_id21212_ERR227490.fasta	# The phenotype 'No resistance' should be interpreted with
ST97_id21212_ERR227490.fasta	# caution, as it only means that nothing in the used
ST97_id21212_ERR227490.fasta	# database indicate resistance, but resistance could exist
ST97_id21212_ERR227490.fasta	# from 'unknown' or not yet implemented sources.
ST97_id21212_ERR227490.fasta	# 
ST97_id21212_ERR227490.fasta	# The 'Match' column stores one of the integers 0, 1, 2, 3.
ST97_id21212_ERR227490.fasta	#      0: No match found
ST97_id21212_ERR227490.fasta	#      1: Match < 100% ID AND match length < ref length
ST97_id21212_ERR227490.fasta	#      2: Match < 100% ID AND match length = ref length
ST97_id21212_ERR227490.fasta	#      3: Match = 100% ID AND match length = ref length
ST97_id21212_ERR227490.fasta	# If several hits causing the same resistance are found,
ST97_id21212_ERR227490.fasta	# the highest number will be stored in the 'Match' column.
ST97_id21212_ERR227490.fasta	# Antimicrobial	Class	WGS-predicted phenotype	Match	Genetic background
ST97_id21212_ERR227490.fasta	clindamycin	lincosamide	No resistance	0	
ST97_id21212_ERR227490.fasta	amikacin	aminoglycoside	No resistance	0	
ST97_id21212_ERR227490.fasta	spiramycin	macrolide	No resistance	0	
ST97_id21212_ERR227490.fasta	telithromycin	macrolide	No resistance	0	
ST97_id21212_ERR227490.fasta	tiamulin	pleuromutilin	No resistance	0	
ST97_id21212_ERR227490.fasta	penicillin	beta-lactam	No resistance	0	
ST97_id21212_ERR227490.fasta	tobramycin	aminoglycoside	No resistance	0	
ST97_id21212_ERR227490.fasta	trimethoprim	folate pathway antagonist	No resistance	0	
ST97_id21212_ERR227490.fasta	ciprofloxacin	quinolone	No resistance	0	
ST97_id21212_ERR227490.fasta	fusidic acid	steroid antibacterial	No resistance	0	
ST97_id21212_ERR227490.fasta	cefoxitin	beta-lactam	No resistance	0	
ST97_id21212_ERR227490.fasta	sulfamethoxazole	folate pathway antagonist	No resistance	0	
ST97_id21212_ERR227490.fasta	linezolid	oxazolidinone	No resistance	0	
ST97_id21212_ERR227490.fasta	teicoplanin	glycopeptide	No resistance	0	
ST97_id21212_ERR227490.fasta	vancomycin	glycopeptide	No resistance	0	
ST97_id21212_ERR227490.fasta	tetracycline	tetracycline	No resistance	0	
ST97_id21212_ERR227490.fasta	mupirocin	pseudomonic acid	No resistance	0	
ST97_id21212_ERR227490.fasta	erythromycin	macrolide	No resistance	0	
ST97_id21212_ERR227490.fasta	quinupristin+dalfopristin	streptogramin a	No resistance	0	
ST97_id21212_ERR227490.fasta	fosfomycin	fosfomycin	No resistance	0	
ST97_id21212_ERR227490.fasta	chloramphenicol	amphenicol	No resistance	0	
ST97_id21212_ERR227490.fasta	gentamicin	aminoglycoside	No resistance	0	
ST97_id24332_ERR505370.fasta	# Sample: ST97_id24332_ERR505370.fasta
ST97_id24332_ERR505370.fasta	# 
ST97_id24332_ERR505370.fasta	# The phenotype 'No resistance' should be interpreted with
ST97_id24332_ERR505370.fasta	# caution, as it only means that nothing in the used
ST97_id24332_ERR505370.fasta	# database indicate resistance, but resistance could exist
ST97_id24332_ERR505370.fasta	# from 'unknown' or not yet implemented sources.
ST97_id24332_ERR505370.fasta	# 
ST97_id24332_ERR505370.fasta	# The 'Match' column stores one of the integers 0, 1, 2, 3.
ST97_id24332_ERR505370.fasta	#      0: No match found
ST97_id24332_ERR505370.fasta	#      1: Match < 100% ID AND match length < ref length
ST97_id24332_ERR505370.fasta	#      2: Match < 100% ID AND match length = ref length
ST97_id24332_ERR505370.fasta	#      3: Match = 100% ID AND match length = ref length
ST97_id24332_ERR505370.fasta	# If several hits causing the same resistance are found,
ST97_id24332_ERR505370.fasta	# the highest number will be stored in the 'Match' column.
ST97_id24332_ERR505370.fasta	# Antimicrobial	Class	WGS-predicted phenotype	Match	Genetic background
ST97_id24332_ERR505370.fasta	penicillin	beta-lactam	Resistant	3	blaZ (blaZ_CP000732)
ST97_id24332_ERR505370.fasta	linezolid	oxazolidinone	No resistance	0	
ST97_id24332_ERR505370.fasta	tiamulin	pleuromutilin	No resistance	0	
ST97_id24332_ERR505370.fasta	tobramycin	aminoglycoside	No resistance	0	
ST97_id24332_ERR505370.fasta	amikacin	aminoglycoside	No resistance	0	
ST97_id24332_ERR505370.fasta	quinupristin+dalfopristin	streptogramin a	No resistance	0	
ST97_id24332_ERR505370.fasta	spiramycin	macrolide	No resistance	0	
ST97_id24332_ERR505370.fasta	fosfomycin	fosfomycin	No resistance	0	
ST97_id24332_ERR505370.fasta	telithromycin	macrolide	No resistance	0	
ST97_id24332_ERR505370.fasta	mupirocin	pseudomonic acid	No resistance	0	
ST97_id24332_ERR505370.fasta	clindamycin	lincosamide	No resistance	0	
ST97_id24332_ERR505370.fasta	teicoplanin	glycopeptide	No resistance	0	
ST97_id24332_ERR505370.fasta	erythromycin	macrolide	No resistance	0	
ST97_id24332_ERR505370.fasta	trimethoprim	folate pathway antagonist	No resistance	0	
ST97_id24332_ERR505370.fasta	ciprofloxacin	quinolone	No resistance	0	
ST97_id24332_ERR505370.fasta	cefoxitin	beta-lactam	No resistance	0	
ST97_id24332_ERR505370.fasta	chloramphenicol	amphenicol	No resistance	0	
ST97_id24332_ERR505370.fasta	tetracycline	tetracycline	No resistance	0	
ST97_id24332_ERR505370.fasta	fusidic acid	steroid antibacterial	No resistance	0	
ST97_id24332_ERR505370.fasta	gentamicin	aminoglycoside	No resistance	0	
ST97_id24332_ERR505370.fasta	sulfamethoxazole	folate pathway antagonist	No resistance	0	
ST97_id24332_ERR505370.fasta	vancomycin	glycopeptide	No resistance	0	
ST97_id30870_ERR490604.fasta	# Sample: ST97_id30870_ERR490604.fasta
ST97_id30870_ERR490604.fasta	# 
ST97_id30870_ERR490604.fasta	# The phenotype 'No resistance' should be interpreted with
ST97_id30870_ERR490604.fasta	# caution, as it only means that nothing in the used
ST97_id30870_ERR490604.fasta	# database indicate resistance, but resistance could exist
ST97_id30870_ERR490604.fasta	# from 'unknown' or not yet implemented sources.
ST97_id30870_ERR490604.fasta	# 
ST97_id30870_ERR490604.fasta	# The 'Match' column stores one of the integers 0, 1, 2, 3.
ST97_id30870_ERR490604.fasta	#      0: No match found
ST97_id30870_ERR490604.fasta	#      1: Match < 100% ID AND match length < ref length
ST97_id30870_ERR490604.fasta	#      2: Match < 100% ID AND match length = ref length
ST97_id30870_ERR490604.fasta	#      3: Match = 100% ID AND match length = ref length
ST97_id30870_ERR490604.fasta	# If several hits causing the same resistance are found,
ST97_id30870_ERR490604.fasta	# the highest number will be stored in the 'Match' column.
ST97_id30870_ERR490604.fasta	# Antimicrobial	Class	WGS-predicted phenotype	Match	Genetic background
ST97_id30870_ERR490604.fasta	gentamicin	aminoglycoside	No resistance	0	
ST97_id30870_ERR490604.fasta	ciprofloxacin	quinolone	No resistance	0	
ST97_id30870_ERR490604.fasta	fusidic acid	steroid antibacterial	No resistance	0	
ST97_id30870_ERR490604.fasta	vancomycin	glycopeptide	No resistance	0	
ST97_id30870_ERR490604.fasta	trimethoprim	folate pathway antagonist	No resistance	0	
ST97_id30870_ERR490604.fasta	tiamulin	pleuromutilin	No resistance	0	
ST97_id30870_ERR490604.fasta	amikacin	aminoglycoside	No resistance	0	
ST97_id30870_ERR490604.fasta	mupirocin	pseudomonic acid	No resistance	0	
ST97_id30870_ERR490604.fasta	chloramphenicol	amphenicol	No resistance	0	
ST97_id30870_ERR490604.fasta	cefoxitin	beta-lactam	No resistance	0	
ST97_id30870_ERR490604.fasta	tetracycline	tetracycline	No resistance	0	
ST97_id30870_ERR490604.fasta	clindamycin	lincosamide	No resistance	0	
ST97_id30870_ERR490604.fasta	erythromycin	macrolide	No resistance	0	
ST97_id30870_ERR490604.fasta	penicillin	beta-lactam	Resistant	3	blaZ (blaZ_CP000732)
ST97_id30870_ERR490604.fasta	linezolid	oxazolidinone	No resistance	0	
ST97_id30870_ERR490604.fasta	sulfamethoxazole	folate pathway antagonist	No resistance	0	
ST97_id30870_ERR490604.fasta	quinupristin+dalfopristin	streptogramin a	No resistance	0	
ST97_id30870_ERR490604.fasta	tobramycin	aminoglycoside	No resistance	0	
ST97_id30870_ERR490604.fasta	telithromycin	macrolide	No resistance	0	
ST97_id30870_ERR490604.fasta	spiramycin	macrolide	No resistance	0	
ST97_id30870_ERR490604.fasta	fosfomycin	fosfomycin	No resistance	0	
ST97_id30870_ERR490604.fasta	teicoplanin	glycopeptide	No resistance	0	
ST97_id37086_st97i_kp2016.fasta	# Sample: ST97_id37086_st97i_kp2016.fasta
ST97_id37086_st97i_kp2016.fasta	# 
ST97_id37086_st97i_kp2016.fasta	# The phenotype 'No resistance' should be interpreted with
ST97_id37086_st97i_kp2016.fasta	# caution, as it only means that nothing in the used
ST97_id37086_st97i_kp2016.fasta	# database indicate resistance, but resistance could exist
ST97_id37086_st97i_kp2016.fasta	# from 'unknown' or not yet implemented sources.
ST97_id37086_st97i_kp2016.fasta	# 
ST97_id37086_st97i_kp2016.fasta	# The 'Match' column stores one of the integers 0, 1, 2, 3.
ST97_id37086_st97i_kp2016.fasta	#      0: No match found
ST97_id37086_st97i_kp2016.fasta	#      1: Match < 100% ID AND match length < ref length
ST97_id37086_st97i_kp2016.fasta	#      2: Match < 100% ID AND match length = ref length
ST97_id37086_st97i_kp2016.fasta	#      3: Match = 100% ID AND match length = ref length
ST97_id37086_st97i_kp2016.fasta	# If several hits causing the same resistance are found,
ST97_id37086_st97i_kp2016.fasta	# the highest number will be stored in the 'Match' column.
ST97_id37086_st97i_kp2016.fasta	# Antimicrobial	Class	WGS-predicted phenotype	Match	Genetic background
ST97_id37086_st97i_kp2016.fasta	teicoplanin	glycopeptide	No resistance	0	
ST97_id37086_st97i_kp2016.fasta	tiamulin	pleuromutilin	No resistance	0	
ST97_id37086_st97i_kp2016.fasta	quinupristin+dalfopristin	streptogramin a	No resistance	0	
ST97_id37086_st97i_kp2016.fasta	vancomycin	glycopeptide	No resistance	0	
ST97_id37086_st97i_kp2016.fasta	telithromycin	macrolide	No resistance	0	
ST97_id37086_st97i_kp2016.fasta	amikacin	aminoglycoside	No resistance	0	
ST97_id37086_st97i_kp2016.fasta	chloramphenicol	amphenicol	No resistance	0	
ST97_id37086_st97i_kp2016.fasta	mupirocin	pseudomonic acid	No resistance	0	
ST97_id37086_st97i_kp2016.fasta	gentamicin	aminoglycoside	No resistance	0	
ST97_id37086_st97i_kp2016.fasta	tetracycline	tetracycline	Resistant	3	tet(K) (tet(K)_U38656)
ST97_id37086_st97i_kp2016.fasta	linezolid	oxazolidinone	No resistance	0	
ST97_id37086_st97i_kp2016.fasta	sulfamethoxazole	folate pathway antagonist	No resistance	0	
ST97_id37086_st97i_kp2016.fasta	penicillin	beta-lactam	Resistant	2	blaZ (blaZ_MAJJ01000071), blaZ (blaZ_FKPS01000007), blaZ (blaZ_NZ_JVAT01000021), blaZ (blaZ_NZ_JUUA01000057), blaZ (blaZ_NZ_JVLY01000044), blaZ (blaZ_NZ_JVRB01000003), blaZ (blaZ_JIFD01000012), blaZ (blaZ_JIFU01000008)
ST97_id37086_st97i_kp2016.fasta	trimethoprim	folate pathway antagonist	No resistance	0	
ST97_id37086_st97i_kp2016.fasta	erythromycin	macrolide	No resistance	0	
ST97_id37086_st97i_kp2016.fasta	fosfomycin	fosfomycin	No resistance	0	
ST97_id37086_st97i_kp2016.fasta	cefoxitin	beta-lactam	No resistance	0	
ST97_id37086_st97i_kp2016.fasta	tobramycin	aminoglycoside	No resistance	0	
ST97_id37086_st97i_kp2016.fasta	clindamycin	lincosamide	No resistance	0	
ST97_id37086_st97i_kp2016.fasta	spiramycin	macrolide	No resistance	0	
ST97_id37086_st97i_kp2016.fasta	ciprofloxacin	quinolone	No resistance	0	
ST97_id37086_st97i_kp2016.fasta	fusidic acid	steroid antibacterial	No resistance	0	
ST97_id37089_st97ii_kp2016.fasta	# Sample: ST97_id37089_st97ii_kp2016.fasta
ST97_id37089_st97ii_kp2016.fasta	# 
ST97_id37089_st97ii_kp2016.fasta	# The phenotype 'No resistance' should be interpreted with
ST97_id37089_st97ii_kp2016.fasta	# caution, as it only means that nothing in the used
ST97_id37089_st97ii_kp2016.fasta	# database indicate resistance, but resistance could exist
ST97_id37089_st97ii_kp2016.fasta	# from 'unknown' or not yet implemented sources.
ST97_id37089_st97ii_kp2016.fasta	# 
ST97_id37089_st97ii_kp2016.fasta	# The 'Match' column stores one of the integers 0, 1, 2, 3.
ST97_id37089_st97ii_kp2016.fasta	#      0: No match found
ST97_id37089_st97ii_kp2016.fasta	#      1: Match < 100% ID AND match length < ref length
ST97_id37089_st97ii_kp2016.fasta	#      2: Match < 100% ID AND match length = ref length
ST97_id37089_st97ii_kp2016.fasta	#      3: Match = 100% ID AND match length = ref length
ST97_id37089_st97ii_kp2016.fasta	# If several hits causing the same resistance are found,
ST97_id37089_st97ii_kp2016.fasta	# the highest number will be stored in the 'Match' column.
ST97_id37089_st97ii_kp2016.fasta	# Antimicrobial	Class	WGS-predicted phenotype	Match	Genetic background
ST97_id37089_st97ii_kp2016.fasta	tiamulin	pleuromutilin	No resistance	0	
ST97_id37089_st97ii_kp2016.fasta	clindamycin	lincosamide	No resistance	0	
ST97_id37089_st97ii_kp2016.fasta	telithromycin	macrolide	No resistance	0	
ST97_id37089_st97ii_kp2016.fasta	erythromycin	macrolide	No resistance	0	
ST97_id37089_st97ii_kp2016.fasta	tetracycline	tetracycline	No resistance	0	
ST97_id37089_st97ii_kp2016.fasta	mupirocin	pseudomonic acid	No resistance	0	
ST97_id37089_st97ii_kp2016.fasta	trimethoprim	folate pathway antagonist	No resistance	0	
ST97_id37089_st97ii_kp2016.fasta	fosfomycin	fosfomycin	No resistance	0	
ST97_id37089_st97ii_kp2016.fasta	sulfamethoxazole	folate pathway antagonist	No resistance	0	
ST97_id37089_st97ii_kp2016.fasta	amikacin	aminoglycoside	No resistance	0	
ST97_id37089_st97ii_kp2016.fasta	chloramphenicol	amphenicol	No resistance	0	
ST97_id37089_st97ii_kp2016.fasta	fusidic acid	steroid antibacterial	No resistance	0	
ST97_id37089_st97ii_kp2016.fasta	ciprofloxacin	quinolone	No resistance	0	
ST97_id37089_st97ii_kp2016.fasta	teicoplanin	glycopeptide	No resistance	0	
ST97_id37089_st97ii_kp2016.fasta	quinupristin+dalfopristin	streptogramin a	No resistance	0	
ST97_id37089_st97ii_kp2016.fasta	gentamicin	aminoglycoside	No resistance	0	
ST97_id37089_st97ii_kp2016.fasta	penicillin	beta-lactam	Resistant	2	blaZ (blaZ_MAJJ01000071), blaZ (blaZ_FKPS01000007), blaZ (blaZ_NZ_JVAT01000021), blaZ (blaZ_NZ_JUUA01000057), blaZ (blaZ_NZ_JVLY01000044), blaZ (blaZ_NZ_JVRB01000003), blaZ (blaZ_JIFD01000012), blaZ (blaZ_JIFU01000008)
ST97_id37089_st97ii_kp2016.fasta	tobramycin	aminoglycoside	No resistance	0	
ST97_id37089_st97ii_kp2016.fasta	vancomycin	glycopeptide	No resistance	0	
ST97_id37089_st97ii_kp2016.fasta	spiramycin	macrolide	No resistance	0	
ST97_id37089_st97ii_kp2016.fasta	cefoxitin	beta-lactam	No resistance	0	
ST97_id37089_st97ii_kp2016.fasta	linezolid	oxazolidinone	No resistance	0	
ST97_id37096_st97_sp2017.fasta	# Sample: ST97_id37096_st97_sp2017.fasta
ST97_id37096_st97_sp2017.fasta	# 
ST97_id37096_st97_sp2017.fasta	# The phenotype 'No resistance' should be interpreted with
ST97_id37096_st97_sp2017.fasta	# caution, as it only means that nothing in the used
ST97_id37096_st97_sp2017.fasta	# database indicate resistance, but resistance could exist
ST97_id37096_st97_sp2017.fasta	# from 'unknown' or not yet implemented sources.
ST97_id37096_st97_sp2017.fasta	# 
ST97_id37096_st97_sp2017.fasta	# The 'Match' column stores one of the integers 0, 1, 2, 3.
ST97_id37096_st97_sp2017.fasta	#      0: No match found
ST97_id37096_st97_sp2017.fasta	#      1: Match < 100% ID AND match length < ref length
ST97_id37096_st97_sp2017.fasta	#      2: Match < 100% ID AND match length = ref length
ST97_id37096_st97_sp2017.fasta	#      3: Match = 100% ID AND match length = ref length
ST97_id37096_st97_sp2017.fasta	# If several hits causing the same resistance are found,
ST97_id37096_st97_sp2017.fasta	# the highest number will be stored in the 'Match' column.
ST97_id37096_st97_sp2017.fasta	# Antimicrobial	Class	WGS-predicted phenotype	Match	Genetic background
ST97_id37096_st97_sp2017.fasta	fosfomycin	fosfomycin	No resistance	0	
ST97_id37096_st97_sp2017.fasta	vancomycin	glycopeptide	No resistance	0	
ST97_id37096_st97_sp2017.fasta	sulfamethoxazole	folate pathway antagonist	No resistance	0	
ST97_id37096_st97_sp2017.fasta	penicillin	beta-lactam	Resistant	2	blaZ (blaZ_CP003979)
ST97_id37096_st97_sp2017.fasta	teicoplanin	glycopeptide	No resistance	0	
ST97_id37096_st97_sp2017.fasta	amikacin	aminoglycoside	No resistance	0	
ST97_id37096_st97_sp2017.fasta	tobramycin	aminoglycoside	No resistance	0	
ST97_id37096_st97_sp2017.fasta	linezolid	oxazolidinone	No resistance	0	
ST97_id37096_st97_sp2017.fasta	clindamycin	lincosamide	No resistance	0	
ST97_id37096_st97_sp2017.fasta	spiramycin	macrolide	No resistance	0	
ST97_id37096_st97_sp2017.fasta	ciprofloxacin	quinolone	No resistance	0	
ST97_id37096_st97_sp2017.fasta	tiamulin	pleuromutilin	No resistance	0	
ST97_id37096_st97_sp2017.fasta	fusidic acid	steroid antibacterial	No resistance	0	
ST97_id37096_st97_sp2017.fasta	tetracycline	tetracycline	No resistance	0	
ST97_id37096_st97_sp2017.fasta	mupirocin	pseudomonic acid	No resistance	0	
ST97_id37096_st97_sp2017.fasta	telithromycin	macrolide	No resistance	0	
ST97_id37096_st97_sp2017.fasta	trimethoprim	folate pathway antagonist	No resistance	0	
ST97_id37096_st97_sp2017.fasta	chloramphenicol	amphenicol	No resistance	0	
ST97_id37096_st97_sp2017.fasta	gentamicin	aminoglycoside	No resistance	0	
ST97_id37096_st97_sp2017.fasta	cefoxitin	beta-lactam	No resistance	0	
ST97_id37096_st97_sp2017.fasta	erythromycin	macrolide	No resistance	0	
ST97_id37096_st97_sp2017.fasta	quinupristin+dalfopristin	streptogramin a	No resistance	0	
ST97_id37108_st97_wp2017.fasta	# Sample: ST97_id37108_st97_wp2017.fasta
ST97_id37108_st97_wp2017.fasta	# 
ST97_id37108_st97_wp2017.fasta	# The phenotype 'No resistance' should be interpreted with
ST97_id37108_st97_wp2017.fasta	# caution, as it only means that nothing in the used
ST97_id37108_st97_wp2017.fasta	# database indicate resistance, but resistance could exist
ST97_id37108_st97_wp2017.fasta	# from 'unknown' or not yet implemented sources.
ST97_id37108_st97_wp2017.fasta	# 
ST97_id37108_st97_wp2017.fasta	# The 'Match' column stores one of the integers 0, 1, 2, 3.
ST97_id37108_st97_wp2017.fasta	#      0: No match found
ST97_id37108_st97_wp2017.fasta	#      1: Match < 100% ID AND match length < ref length
ST97_id37108_st97_wp2017.fasta	#      2: Match < 100% ID AND match length = ref length
ST97_id37108_st97_wp2017.fasta	#      3: Match = 100% ID AND match length = ref length
ST97_id37108_st97_wp2017.fasta	# If several hits causing the same resistance are found,
ST97_id37108_st97_wp2017.fasta	# the highest number will be stored in the 'Match' column.
ST97_id37108_st97_wp2017.fasta	# Antimicrobial	Class	WGS-predicted phenotype	Match	Genetic background
ST97_id37108_st97_wp2017.fasta	linezolid	oxazolidinone	No resistance	0	
ST97_id37108_st97_wp2017.fasta	tiamulin	pleuromutilin	No resistance	0	
ST97_id37108_st97_wp2017.fasta	penicillin	beta-lactam	Resistant	2	blaZ (blaZ_CP003979)
ST97_id37108_st97_wp2017.fasta	spiramycin	macrolide	No resistance	0	
ST97_id37108_st97_wp2017.fasta	tetracycline	tetracycline	Resistant	3	tet(K) (tet(K)_U38656)
ST97_id37108_st97_wp2017.fasta	vancomycin	glycopeptide	No resistance	0	
ST97_id37108_st97_wp2017.fasta	fosfomycin	fosfomycin	No resistance	0	
ST97_id37108_st97_wp2017.fasta	teicoplanin	glycopeptide	No resistance	0	
ST97_id37108_st97_wp2017.fasta	trimethoprim	folate pathway antagonist	No resistance	0	
ST97_id37108_st97_wp2017.fasta	erythromycin	macrolide	No resistance	0	
ST97_id37108_st97_wp2017.fasta	ciprofloxacin	quinolone	No resistance	0	
ST97_id37108_st97_wp2017.fasta	amikacin	aminoglycoside	No resistance	0	
ST97_id37108_st97_wp2017.fasta	quinupristin+dalfopristin	streptogramin a	No resistance	0	
ST97_id37108_st97_wp2017.fasta	chloramphenicol	amphenicol	No resistance	0	
ST97_id37108_st97_wp2017.fasta	sulfamethoxazole	folate pathway antagonist	No resistance	0	
ST97_id37108_st97_wp2017.fasta	gentamicin	aminoglycoside	No resistance	0	
ST97_id37108_st97_wp2017.fasta	telithromycin	macrolide	No resistance	0	
ST97_id37108_st97_wp2017.fasta	clindamycin	lincosamide	No resistance	0	
ST97_id37108_st97_wp2017.fasta	fusidic acid	steroid antibacterial	No resistance	0	
ST97_id37108_st97_wp2017.fasta	tobramycin	aminoglycoside	No resistance	0	
ST97_id37108_st97_wp2017.fasta	cefoxitin	beta-lactam	No resistance	0	
ST97_id37108_st97_wp2017.fasta	mupirocin	pseudomonic acid	No resistance	0	
ST97_id38035_8SP.fasta	# Sample: ST97_id38035_8SP.fasta
ST97_id38035_8SP.fasta	# 
ST97_id38035_8SP.fasta	# The phenotype 'No resistance' should be interpreted with
ST97_id38035_8SP.fasta	# caution, as it only means that nothing in the used
ST97_id38035_8SP.fasta	# database indicate resistance, but resistance could exist
ST97_id38035_8SP.fasta	# from 'unknown' or not yet implemented sources.
ST97_id38035_8SP.fasta	# 
ST97_id38035_8SP.fasta	# The 'Match' column stores one of the integers 0, 1, 2, 3.
ST97_id38035_8SP.fasta	#      0: No match found
ST97_id38035_8SP.fasta	#      1: Match < 100% ID AND match length < ref length
ST97_id38035_8SP.fasta	#      2: Match < 100% ID AND match length = ref length
ST97_id38035_8SP.fasta	#      3: Match = 100% ID AND match length = ref length
ST97_id38035_8SP.fasta	# If several hits causing the same resistance are found,
ST97_id38035_8SP.fasta	# the highest number will be stored in the 'Match' column.
ST97_id38035_8SP.fasta	# Antimicrobial	Class	WGS-predicted phenotype	Match	Genetic background
ST97_id38035_8SP.fasta	penicillin	beta-lactam	No resistance	0	
ST97_id38035_8SP.fasta	linezolid	oxazolidinone	No resistance	0	
ST97_id38035_8SP.fasta	spiramycin	macrolide	No resistance	0	
ST97_id38035_8SP.fasta	tetracycline	tetracycline	Resistant	3	tet(K) (tet(K)_U38656)
ST97_id38035_8SP.fasta	tiamulin	pleuromutilin	No resistance	0	
ST97_id38035_8SP.fasta	tobramycin	aminoglycoside	No resistance	0	
ST97_id38035_8SP.fasta	telithromycin	macrolide	No resistance	0	
ST97_id38035_8SP.fasta	chloramphenicol	amphenicol	No resistance	0	
ST97_id38035_8SP.fasta	clindamycin	lincosamide	No resistance	0	
ST97_id38035_8SP.fasta	amikacin	aminoglycoside	No resistance	0	
ST97_id38035_8SP.fasta	cefoxitin	beta-lactam	Resistant	3	mecA (mecA_BX571856)
ST97_id38035_8SP.fasta	mupirocin	pseudomonic acid	No resistance	0	
ST97_id38035_8SP.fasta	erythromycin	macrolide	No resistance	0	
ST97_id38035_8SP.fasta	fusidic acid	steroid antibacterial	No resistance	0	
ST97_id38035_8SP.fasta	trimethoprim	folate pathway antagonist	No resistance	0	
ST97_id38035_8SP.fasta	gentamicin	aminoglycoside	No resistance	0	
ST97_id38035_8SP.fasta	fosfomycin	fosfomycin	No resistance	0	
ST97_id38035_8SP.fasta	vancomycin	glycopeptide	No resistance	0	
ST97_id38035_8SP.fasta	teicoplanin	glycopeptide	No resistance	0	
ST97_id38035_8SP.fasta	quinupristin+dalfopristin	streptogramin a	No resistance	0	
ST97_id38035_8SP.fasta	ciprofloxacin	quinolone	No resistance	0	
ST97_id38035_8SP.fasta	sulfamethoxazole	folate pathway antagonist	No resistance	0	
ST97_id42130_CA-MRSA-185.fasta	# Sample: ST97_id42130_CA-MRSA-185.fasta
ST97_id42130_CA-MRSA-185.fasta	# 
ST97_id42130_CA-MRSA-185.fasta	# The phenotype 'No resistance' should be interpreted with
ST97_id42130_CA-MRSA-185.fasta	# caution, as it only means that nothing in the used
ST97_id42130_CA-MRSA-185.fasta	# database indicate resistance, but resistance could exist
ST97_id42130_CA-MRSA-185.fasta	# from 'unknown' or not yet implemented sources.
ST97_id42130_CA-MRSA-185.fasta	# 
ST97_id42130_CA-MRSA-185.fasta	# The 'Match' column stores one of the integers 0, 1, 2, 3.
ST97_id42130_CA-MRSA-185.fasta	#      0: No match found
ST97_id42130_CA-MRSA-185.fasta	#      1: Match < 100% ID AND match length < ref length
ST97_id42130_CA-MRSA-185.fasta	#      2: Match < 100% ID AND match length = ref length
ST97_id42130_CA-MRSA-185.fasta	#      3: Match = 100% ID AND match length = ref length
ST97_id42130_CA-MRSA-185.fasta	# If several hits causing the same resistance are found,
ST97_id42130_CA-MRSA-185.fasta	# the highest number will be stored in the 'Match' column.
ST97_id42130_CA-MRSA-185.fasta	# Antimicrobial	Class	WGS-predicted phenotype	Match	Genetic background
ST97_id42130_CA-MRSA-185.fasta	clindamycin	lincosamide	No resistance	0	
ST97_id42130_CA-MRSA-185.fasta	spiramycin	macrolide	No resistance	0	
ST97_id42130_CA-MRSA-185.fasta	telithromycin	macrolide	No resistance	0	
ST97_id42130_CA-MRSA-185.fasta	tobramycin	aminoglycoside	No resistance	0	
ST97_id42130_CA-MRSA-185.fasta	vancomycin	glycopeptide	No resistance	0	
ST97_id42130_CA-MRSA-185.fasta	trimethoprim	folate pathway antagonist	No resistance	0	
ST97_id42130_CA-MRSA-185.fasta	gentamicin	aminoglycoside	No resistance	0	
ST97_id42130_CA-MRSA-185.fasta	fosfomycin	fosfomycin	No resistance	0	
ST97_id42130_CA-MRSA-185.fasta	cefoxitin	beta-lactam	Resistant	3	mecA (mecA_BX571856)
ST97_id42130_CA-MRSA-185.fasta	mupirocin	pseudomonic acid	No resistance	0	
ST97_id42130_CA-MRSA-185.fasta	amikacin	aminoglycoside	No resistance	0	
ST97_id42130_CA-MRSA-185.fasta	quinupristin+dalfopristin	streptogramin a	No resistance	0	
ST97_id42130_CA-MRSA-185.fasta	tiamulin	pleuromutilin	No resistance	0	
ST97_id42130_CA-MRSA-185.fasta	chloramphenicol	amphenicol	No resistance	0	
ST97_id42130_CA-MRSA-185.fasta	tetracycline	tetracycline	No resistance	0	
ST97_id42130_CA-MRSA-185.fasta	ciprofloxacin	quinolone	No resistance	0	
ST97_id42130_CA-MRSA-185.fasta	sulfamethoxazole	folate pathway antagonist	No resistance	0	
ST97_id42130_CA-MRSA-185.fasta	erythromycin	macrolide	No resistance	0	
ST97_id42130_CA-MRSA-185.fasta	linezolid	oxazolidinone	No resistance	0	
ST97_id42130_CA-MRSA-185.fasta	penicillin	beta-lactam	Resistant	3	blaZ (blaZ_CP000732)
ST97_id42130_CA-MRSA-185.fasta	teicoplanin	glycopeptide	No resistance	0	
ST97_id42130_CA-MRSA-185.fasta	fusidic acid	steroid antibacterial	No resistance	0	
test_129	# Sample: ST121_id24328_ERR505363.fasta
test_129	# 
test_129	# The phenotype 'No resistance' should be interpreted with
test_129	# caution, as it only means that nothing in the used
test_129	# database indicate resistance, but resistance could exist
test_129	# from 'unknown' or not yet implemented sources.
test_129	# 
test_129	# The 'Match' column stores one of the integers 0, 1, 2, 3.
test_129	#      0: No match found
test_129	#      1: Match < 100% ID AND match length < ref length
test_129	#      2: Match < 100% ID AND match length = ref length
test_129	#      3: Match = 100% ID AND match length = ref length
test_129	# If several hits causing the same resistance are found,
test_129	# the highest number will be stored in the 'Match' column.
test_129	# Antimicrobial	Class	WGS-predicted phenotype	Match	Genetic background
test_129	telithromycin	macrolide	No resistance	0	
test_129	fosfomycin	fosfomycin	No resistance	0	
test_129	ciprofloxacin	quinolone	No resistance	0	
test_129	cefoxitin	beta-lactam	No resistance	0	
test_129	spiramycin	macrolide	No resistance	0	
test_129	vancomycin	glycopeptide	No resistance	0	
test_129	amikacin	aminoglycoside	No resistance	0	
test_129	quinupristin+dalfopristin	streptogramin a	No resistance	0	
test_129	teicoplanin	glycopeptide	No resistance	0	
test_129	gentamicin	aminoglycoside	No resistance	0	
test_129	chloramphenicol	amphenicol	No resistance	0	
test_129	penicillin	beta-lactam	Resistant	3	blaZ (blaZ_AP004832)
test_129	trimethoprim	folate pathway antagonist	Resistant	3	dfrG (dfrG_AB205645)
test_129	linezolid	oxazolidinone	No resistance	0	
test_129	tetracycline	tetracycline	No resistance	0	
test_129	fusidic acid	steroid antibacterial	No resistance	0	
test_129	clindamycin	lincosamide	No resistance	0	
test_129	tobramycin	aminoglycoside	No resistance	0	
test_129	sulfamethoxazole	folate pathway antagonist	No resistance	0	
test_129	mupirocin	pseudomonic acid	No resistance	0	
test_129	erythromycin	macrolide	No resistance	0	
test_129	tiamulin	pleuromutilin	No resistance	0	
test_129	# WARNING: Features with unknown phenotype 
test_129	# Feature_ID	Region	Database	Hit	Class
test_129	grlB;;1;;CP026964.1_422_d_AA	grlB;;1;;CP026964.1			
